"NOP_method","CC_method","ATFD_method","FDP_method","CM_method","MAXNESTING_method","LOC_method","CYCLO_method","NMCS_method","NOLV_method","MaMCL_method","NOAV_method","LAA_method","FANOUT_method","CFNAMM_method","ATLD_method","CLNAMM_method","CINT_method","MeMCL_method","CDISP_method","NOII_type","NOAM_type","NOCS_type","NOM_type","NMO_type","ATFD_type","FANOUT_type","NOMNAMM_type","NOA_type","NIM_type","DIT_type","LOC_type","LOCNAMM_type","CFNAMM_type","TCC_type","NOPA_type","CBO_type","RFC_type","NOC_type","WMC_type","LCOM5_type","WOC_type","WMCNAMM_type","AMW_type","AMWNAMM_type","NOCS_package","NOMNAMM_package","NOI_package","LOC_package","NOM_package","NOPK_project","NOCS_project","NOI_project","NOM_project","NOMNAMM_project","LOC_project","is_long_parameters_list"
0,0,"0.0","0.0",0,1,3,1,0,0,0,"1.0","1.0",0,0,"1.0",0,0,0,0,1,0,0,3,"1.0",0,0,3,1,"0.0","1.0",16,16,0,1,0,0,3,"0.0",3,0.5,"1.0",3,1,1,38,198,0,4223,240,43,849,78,5788,4778,65687,"false"
1,0,"0.0","0.0",0,1,2,1,0,1,0,"1.0","0.0",1,3,"0.0",0,1,0,1,1,29,18,123,"17.0",50,138,94,108,"77.0","2.0",1957,1669,51801,0.0126126126126126,87,145,571,"0.0",273,0.99210686095932,"0.404145077720207",234,2.21951219512195,2.48936170212766,38,198,0,4223,240,43,849,78,5788,4778,65687,"false"
1,0,"1.0","1.0",0,1,3,1,0,1,0,"2.0","0.0",1,0,"0.0",0,1,0,1,1,0,0,3,"0.0",1,1,3,0,"0.0","1.0",12,12,0,0,0,1,4,"0.0",3,0,"1.0",3,1,1,34,523,11,6037,728,43,849,78,5788,4778,65687,"false"
0,0,"0.0","0.0",0,1,3,1,0,0,0,"0.0","0.0",0,0,"0.0",0,0,0,0,1,0,0,8,"0.0",10,12,8,2,"15.0","2.0",132,132,386,0.476190476190476,0,14,45,"0.0",21,0.785714285714286,"1.0",21,2.625,2.625,74,380,4,5031,435,43,849,78,5788,4778,65687,"false"
1,0,"0.0","0.0",0,1,3,1,0,1,0,"0.0","0.0",0,0,"0.0",0,0,0,0,1,0,0,4,"0.0",0,2,4,1,"0.0","1.0",31,31,16,0,0,2,6,"0.0",4,1,"1.0",4,1,1,74,380,4,5031,435,43,849,78,5788,4778,65687,"false"
2,2,"0.0","0.0",2,2,13,2,0,4,0,"7.0","1.0",1,4,"3.0",0,2,0,0.5,0,0,0,3,"0.0",1,1,3,3,"0.0","1.0",33,33,20,1,3,2,5,"0.0",5,1.16666666666667,"0.5",5,1.66666666666667,1.66666666666667,74,380,4,5031,435,43,849,78,5788,4778,65687,"false"
0,0,"0.0","0.0",0,1,3,1,0,0,0,"1.0","1.0",1,2,"1.0",0,1,0,1,0,2,0,17,"0.0",2,4,15,6,"0.0","1.0",235,220,346,0.0909090909090909,0,4,32,"0.0",59,0.916666666666667,"0.777777777777778",56,3.47058823529412,3.73333333333333,59,322,2,6298,410,43,849,78,5788,4778,65687,"false"
0,0,"1.0","1.0",0,1,2,1,0,0,0,"1.0","0.0",1,0,"0.0",0,1,0,1,0,2,0,17,"0.0",2,4,15,6,"0.0","1.0",235,220,346,0.0909090909090909,0,4,32,"0.0",59,0.916666666666667,"0.777777777777778",56,3.47058823529412,3.73333333333333,59,322,2,6298,410,43,849,78,5788,4778,65687,"false"
1,0,"0.0","0.0",0,1,3,1,0,1,0,"1.0","0.0",0,0,"0.0",0,0,0,0,0,0,0,8,"1.0",2,3,8,0,"65.0","3.0",128,128,117,0,0,14,65,"0.0",18,0,"1.0",18,2.25,2.25,8,28,0,396,32,43,849,78,5788,4778,65687,"false"
0,2,"0.0","0.0",2,1,3,1,0,0,0,"0.0","0.0",0,0,"0.0",0,0,0,0,1,1,0,5,"0.0",0,0,4,0,"0.0","1.0",23,18,0,0,0,1,5,"0.0",5,0,"0.8",4,1,1,30,76,2,1343,128,43,849,78,5788,4778,65687,"false"
0,2,"1.0","1.0",2,1,5,1,0,2,0,"5.0","0.333333333333333",3,4,"1.0",0,3,0,1,0,2,13,9,"1.0",7,24,7,31,"538.0","6.0",628,613,620,0,0,14,51,"0.0",23,1.04435483870968,"0.666666666666667",21,2.55555555555556,3,23,60,1,1234,72,43,849,78,5788,4778,65687,"false"
3,0,"0.0","0.0",0,1,4,1,0,3,0,"4.0","1.0",0,1,"1.0",0,0,0,0,0,0,0,8,"1.0",0,6,8,2,"99.0","3.0",44,44,94,0.133333333333333,0,34,196,"0.0",9,0.857142857142857,"1.0",9,1.125,1.125,16,76,0,921,92,43,849,78,5788,4778,65687,"false"
4,0,"4.0","3.0",0,4,51,8,0,16,0,"24.0","0.555555555555556",11,20,"5.0",0,14,0,0.785714285714286,1,0,6,18,"0.0",11,31,18,14,"0.0","1.0",399,399,2090,0.857142857142857,0,30,81,"0.0",45,0.903361344537815,"1.0",45,2.5,2.5,57,132,1,2362,136,43,849,78,5788,4778,65687,"false"
3,0,"1.0","1.0",0,1,4,1,0,3,0,"5.0","0.0",2,2,"0.0",0,2,0,1,0,0,0,6,"0.0",3,4,6,0,"5.0","2.0",42,42,57,0,0,12,24,"0.0",7,0,"1.0",7,1.16666666666667,1.16666666666667,57,132,1,2362,136,43,849,78,5788,4778,65687,"false"
3,0,"0.0","0.0",0,1,4,1,0,3,0,"3.0","0.0",0,1,"0.0",0,0,0,0,0,0,0,9,"1.0",1,7,9,1,"99.0","3.0",72,72,126,0,0,34,198,"0.0",12,1,"1.0",12,1.33333333333333,1.33333333333333,38,198,0,4223,240,43,849,78,5788,4778,65687,"false"
4,0,"0.0","0.0",0,3,23,6,0,5,0,"5.0","0.0",1,2,"0.0",0,1,0,1,0,0,0,5,"2.0",0,3,5,0,"42.0","4.0",66,66,61,0,0,11,60,"0.0",18,0,"1.0",18,3.6,3.6,38,198,0,4223,240,43,849,78,5788,4778,65687,"false"
3,0,"2.0","1.0",0,2,12,4,0,3,0,"8.0","0.5",1,3,"2.0",0,2,0,0.5,0,8,0,30,"12.0",4,10,22,8,"111.0","3.0",377,310,1214,0.0571428571428571,0,32,208,"0.0",61,0.943965517241379,"0.681818181818182",51,2.03333333333333,2.31818181818182,38,198,0,4223,240,43,849,78,5788,4778,65687,"false"
3,0,"0.0","0.0",0,1,5,1,0,3,0,"4.0","1.0",1,2,"1.0",0,1,0,1,1,29,18,123,"17.0",50,138,94,108,"77.0","2.0",1957,1669,51801,0.0126126126126126,87,145,571,"0.0",273,0.99210686095932,"0.404145077720207",234,2.21951219512195,2.48936170212766,38,198,0,4223,240,43,849,78,5788,4778,65687,"false"
4,1,"0.0","0.0",1,2,6,2,0,6,0,"7.0","1.0",0,1,"1.0",0,0,0,0,1,0,0,7,"0.0",0,0,7,1,"0.0","1.0",44,44,35,1,0,3,12,"0.0",13,0,"1.0",13,1.85714285714286,1.85714285714286,78,182,2,3615,233,43,849,78,5788,4778,65687,"true"
3,0,"0.0","0.0",0,2,11,3,0,6,0,"6.0","0.0",0,0,"0.0",0,0,0,0,1,9,8,48,"0.0",17,25,39,54,"534.0","6.0",1116,1063,1992,0.0540540540540541,34,23,104,"0.0",115,0.994877856579984,"0.402777777777778",105,2.39583333333333,2.69230769230769,50,388,3,8258,437,43,849,78,5788,4778,65687,"false"
4,0,"0.0","0.0",0,3,23,5,0,6,0,"8.0","1.0",0,0,"2.0",0,0,0,0,0,7,0,90,"1.0",0,1,83,18,"0.0","1.0",2829,2637,54,0.0424555364314401,4,1,91,"1.0",252,0.971910112359551,"0.845070422535211",242,2.8,2.91566265060241,50,388,3,8258,437,43,849,78,5788,4778,65687,"false"
4,0,"0.0","0.0",0,3,30,7,0,7,0,"8.0","1.0",0,0,"2.0",0,0,0,0,0,7,0,90,"1.0",0,1,83,18,"0.0","1.0",2829,2637,54,0.0424555364314401,4,1,91,"1.0",252,0.971910112359551,"0.845070422535211",242,2.8,2.91566265060241,50,388,3,8258,437,43,849,78,5788,4778,65687,"false"
3,0,"1.0","1.0",0,2,20,3,0,10,0,"11.0","0.5",2,2,"1.0",0,2,0,1,1,0,2,9,"0.0",2,10,9,2,"15.0","2.0",158,158,346,0.666666666666667,0,10,36,"0.0",24,0.6875,"1.0",24,2.66666666666667,2.66666666666667,74,380,4,5031,435,43,849,78,5788,4778,65687,"false"
3,0,"0.0","0.0",0,4,28,4,0,8,0,"9.0","1.0",0,0,"1.0",0,0,0,0,1,1,0,9,"0.0",3,9,8,2,"15.0","2.0",118,101,280,0.4,0,10,31,"0.0",22,0.75,"0.857142857142857",19,2.44444444444444,2.375,74,380,4,5031,435,43,849,78,5788,4778,65687,"false"
3,0,"2.0","1.0",0,1,4,1,0,3,0,"5.0","0.0",2,2,"0.0",0,3,0,0.666666666666667,1,0,0,9,"0.0",5,9,9,4,"17.0","3.0",77,77,152,0.166666666666667,0,12,30,"0.0",12,0.9375,"1.0",12,1.33333333333333,1.33333333333333,74,380,4,5031,435,43,849,78,5788,4778,65687,"false"
3,0,"0.0","0.0",0,3,90,5,0,7,0,"16.0","0.9",3,6,"9.0",0,3,0,1,0,1,5,15,"1.0",0,4,14,13,"538.0","6.0",573,568,94,0.0952380952380952,1,1,21,"0.0",40,0.972527472527472,"0.888888888888889",39,2.66666666666667,2.78571428571429,18,37,0,2462,40,43,849,78,5788,4778,65687,"false"
3,1,"0.0","0.0",1,3,20,1,0,3,0,"5.0","1.0",1,3,"3.0",0,1,0,1,1,6,1,10,"0.0",0,2,4,7,"6.0","2.0",90,58,53,0.222222222222222,0,2,19,"0.0",13,0.920634920634921,"0.4",7,1.3,1.75,18,37,0,2462,40,43,849,78,5788,4778,65687,"false"
3,0,"0.0","0.0",0,4,26,11,0,7,0,"7.0","0.0",0,0,"0.0",0,0,0,0,1,27,0,98,"4.0",14,21,71,23,"516.0","4.0",1350,995,9678,0.0711039828922748,4,23,185,"0.0",277,0.98027790228597,"0.6",203,2.8265306122449,2.85915492957746,59,322,2,6298,410,43,849,78,5788,4778,65687,"false"
3,0,"1.0","1.0",0,1,4,1,0,4,0,"3.0","0.0",2,2,"0.0",0,2,0,1,0,0,0,5,"0.0",2,4,5,1,"17.0","2.0",51,51,71,0,0,6,33,"0.0",7,1,"1.0",7,1.4,1.4,59,322,2,6298,410,43,849,78,5788,4778,65687,"false"
3,0,"1.0","1.0",0,3,27,4,0,10,0,"12.0","0.5",3,12,"1.0",0,7,0,0.428571428571429,0,0,0,5,"0.0",3,5,5,3,"17.0","2.0",90,90,116,0,0,7,39,"0.0",10,1.08333333333333,"1.0",10,2,2,59,322,2,6298,410,43,849,78,5788,4778,65687,"false"
7,0,"3.0","1.0",0,1,29,4,0,9,0,"14.0","0.428571428571429",1,0,"3.0",0,1,0,1,0,0,0,2,"0.0",5,2,2,3,"576.0","6.0",37,37,2,1,0,2,5,"0.0",5,1,"1.0",5,2.5,2.5,57,132,1,2362,136,43,849,78,5788,4778,65687,"true"
7,0,"0.0","0.0",0,1,19,2,0,15,0,"15.0","0.0",0,0,"0.0",0,0,0,0,0,2,0,14,"0.0",2,5,12,4,"0.0","1.0",153,139,166,0.109090909090909,0,5,23,"0.0",23,0.923076923076923,"0.857142857142857",20,1.64285714285714,1.66666666666667,59,322,2,6298,410,43,849,78,5788,4778,65687,"true"
8,0,"0.0","0.0",0,1,10,1,0,11,0,"11.0","0.0",0,0,"0.0",0,0,0,0,0,0,0,6,"0.0",0,0,6,0,"0.0","1.0",150,150,0,1,0,0,6,"0.0",22,0,"1.0",22,3.66666666666667,3.66666666666667,59,322,2,6298,410,43,849,78,5788,4778,65687,"true"
10,0,"0.0","0.0",0,1,11,1,0,13,0,"13.0","0.0",0,0,"0.0",0,0,0,0,0,0,0,6,"0.0",0,0,6,0,"0.0","1.0",150,150,0,1,0,0,6,"0.0",22,0,"1.0",22,3.66666666666667,3.66666666666667,59,322,2,6298,410,43,849,78,5788,4778,65687,"true"
7,4,"0.0","0.0",4,1,10,1,0,7,0,"14.0","1.0",0,0,"7.0",0,0,0,0,0,1,5,4,"0.0",1,4,3,12,"0.0","1.0",157,149,48,1,2,3,13,"0.0",10,0.833333333333333,"0.4",9,2.5,3,30,76,2,1343,128,43,849,78,5788,4778,65687,"true"
0,0,"0.0","0.0",0,2,20,5,0,1,0,"7.0","1.0",3,16,"6.0",0,8,0,0.375,1,0,2,29,"0.0",106,25,29,4,"0.0","1.0",1371,1371,4344,0,0,27,87,"0.0",328,0.723214285714286,"1.0",328,11.3103448275862,11.3103448275862,8,97,1,2639,106,4,48,1,245,233,6694,"false"
1,0,"0.0","0.0",0,2,7,3,0,1,0,"1.0","0.0",0,0,"0.0",0,0,0,0,1,0,2,29,"0.0",106,25,29,4,"0.0","1.0",1371,1371,4344,0,0,27,87,"0.0",328,0.723214285714286,"1.0",328,11.3103448275862,11.3103448275862,8,97,1,2639,106,4,48,1,245,233,6694,"false"
2,0,"0.0","0.0",0,1,3,1,0,2,0,"2.0","0.0",0,1,"0.0",0,0,0,0,0,0,0,4,"0.0",0,0,4,0,"15.0","4.0",18,18,24,1,0,1,9,"0.0",4,0,"1.0",4,1,1,8,97,1,2639,106,4,48,1,245,233,6694,"false"
0,1,"0.0","0.0",13,1,3,1,0,0,0,"1.0","1.0",0,0,"1.0",0,0,0,0,1,8,0,32,"0.0",2,1,24,11,"0.0","1.0",590,550,72,0.191666666666667,0,3,34,"0.0",174,0.777126099706745,"0.578947368421053",166,5.4375,6.91666666666667,8,97,1,2639,106,4,48,1,245,233,6694,"false"
1,1,"2.0","1.0",1,2,7,3,0,1,0,"3.0","0.0",0,0,"0.0",0,0,0,0,0,0,0,24,"0.0",22,0,24,2,"0.0","1.0",669,669,0,0,2,1,24,"0.0",251,1,"0.923076923076923",251,10.4583333333333,10.4583333333333,5,33,0,943,34,4,48,1,245,233,6694,"false"
1,1,"0.0","0.0",1,2,22,5,0,3,0,"3.0","0.0",0,0,"0.0",0,0,0,0,0,0,0,24,"0.0",22,0,24,2,"0.0","1.0",669,669,0,0,2,1,24,"0.0",251,1,"0.923076923076923",251,10.4583333333333,10.4583333333333,5,33,0,943,34,4,48,1,245,233,6694,"false"
0,1,"0.0","0.0",0,2,17,3,0,6,0,"7.0","1.0",0,0,"1.0",0,0,0,0,0,0,0,5,"0.0",14,1,5,1,"0.0","1.0",174,174,10,0.1,0,1,6,"0.0",45,0.75,"1.0",45,9,9,5,33,0,943,34,4,48,1,245,233,6694,"false"
1,0,"0.0","0.0",0,1,3,1,0,1,0,"1.0","0.0",0,0,"0.0",0,0,0,0,0,0,0,5,"0.0",14,1,5,1,"0.0","1.0",174,174,10,0.1,0,1,6,"0.0",45,0.75,"1.0",45,9,9,5,33,0,943,34,4,48,1,245,233,6694,"false"
1,2,"1.0","1.0",2,1,4,1,0,1,0,"3.0","0.5",0,1,"1.0",0,0,0,0,0,0,0,2,"1.0",0,0,2,1,"0.0","2.0",11,11,5,1,1,2,3,"0.0",2,1,"0.666666666666667",2,1,1,32,40,0,1690,42,4,48,1,245,233,6694,"false"
1,0,"2.0","1.0",0,1,12,1,0,6,0,"9.0","0.333333333333333",2,6,"1.0",0,3,0,0.666666666666667,0,0,0,31,"0.0",173,4,31,2,"0.0","1.0",828,828,1106,0,0,36,44,"0.0",213,0.666666666666667,"1.0",213,6.87096774193548,6.87096774193548,3,54,0,1422,54,4,48,1,245,233,6694,"false"
1,0,"0.0","0.0",0,1,4,1,0,2,0,"2.0","0.0",0,0,"0.0",0,0,0,0,0,0,0,31,"0.0",173,4,31,2,"0.0","1.0",828,828,1106,0,0,36,44,"0.0",213,0.666666666666667,"1.0",213,6.87096774193548,6.87096774193548,3,54,0,1422,54,4,48,1,245,233,6694,"false"
0,0,"11.0","1.0",0,2,48,13,0,3,0,"17.0","0.214285714285714",12,24,"3.0",0,12,0,1,0,0,0,21,"0.0",44,31,21,17,"0.0","1.0",569,569,764,1,0,35,53,"0.0",91,0.911764705882353,"1.0",91,4.33333333333333,4.33333333333333,3,54,0,1422,54,4,48,1,245,233,6694,"false"
0,0,"0.0","0.0",0,3,10,3,0,1,0,"4.0","1.0",0,0,"3.0",0,0,0,0,0,0,0,21,"0.0",44,31,21,17,"0.0","1.0",569,569,764,1,0,35,53,"0.0",91,0.911764705882353,"1.0",91,4.33333333333333,4.33333333333333,3,54,0,1422,54,4,48,1,245,233,6694,"false"
1,0,"0.0","0.0",0,3,15,3,0,7,0,"7.0","0.0",1,2,"0.0",0,1,0,1,0,0,0,21,"0.0",44,31,21,17,"0.0","1.0",569,569,764,1,0,35,53,"0.0",91,0.911764705882353,"1.0",91,4.33333333333333,4.33333333333333,3,54,0,1422,54,4,48,1,245,233,6694,"false"
1,0,"0.0","0.0",0,1,3,1,0,1,0,"1.0","0.0",1,2,"0.0",0,1,0,1,0,0,0,21,"0.0",44,31,21,17,"0.0","1.0",569,569,764,1,0,35,53,"0.0",91,0.911764705882353,"1.0",91,4.33333333333333,4.33333333333333,3,54,0,1422,54,4,48,1,245,233,6694,"false"
5,0,"9.0","2.0",0,4,48,10,0,6,0,"17.0","0.166666666666667",1,6,"2.0",0,3,0,0.333333333333333,1,0,2,29,"0.0",106,25,29,4,"0.0","1.0",1371,1371,4344,0,0,27,87,"0.0",328,0.723214285714286,"1.0",328,11.3103448275862,11.3103448275862,8,97,1,2639,106,4,48,1,245,233,6694,"true"
4,1,"0.0","0.0",1,1,4,1,0,4,0,"5.0","1.0",0,1,"1.0",0,0,0,0,0,0,0,2,"0.0",0,0,2,1,"0.0","2.0",14,14,3,1,1,1,3,"0.0",2,2,"0.666666666666667",2,1,1,8,97,1,2639,106,4,48,1,245,233,6694,"false"
4,1,"0.0","0.0",1,1,3,1,0,4,0,"4.0","0.0",0,1,"0.0",0,0,0,0,0,0,0,4,"0.0",0,0,4,0,"15.0","4.0",18,18,24,1,0,1,9,"0.0",4,0,"1.0",4,1,1,8,97,1,2639,106,4,48,1,245,233,6694,"true"
3,0,"0.0","0.0",0,1,3,1,0,3,0,"3.0","0.0",0,1,"0.0",0,0,0,0,0,0,0,4,"0.0",0,0,4,0,"15.0","4.0",18,18,24,1,0,1,9,"0.0",4,0,"1.0",4,1,1,8,97,1,2639,106,4,48,1,245,233,6694,"false"
3,1,"0.0","0.0",1,2,14,2,0,6,0,"9.0","1.0",1,2,"3.0",0,1,0,1,0,1,0,25,"0.0",11,14,24,6,"0.0","1.0",312,304,670,0.833333333333333,0,15,41,"0.0",62,0.701388888888889,"0.923076923076923",61,2.48,2.54166666666667,8,97,1,2639,106,4,48,1,245,233,6694,"true"
4,1,"0.0","0.0",1,2,14,2,0,7,0,"10.0","1.0",1,2,"3.0",0,1,0,1,0,1,0,25,"0.0",11,14,24,6,"0.0","1.0",312,304,670,0.833333333333333,0,15,41,"0.0",62,0.701388888888889,"0.923076923076923",61,2.48,2.54166666666667,8,97,1,2639,106,4,48,1,245,233,6694,"true"
4,1,"0.0","0.0",1,2,14,2,0,7,0,"10.0","1.0",1,2,"3.0",0,1,0,1,0,1,0,25,"0.0",11,14,24,6,"0.0","1.0",312,304,670,0.833333333333333,0,15,41,"0.0",62,0.701388888888889,"0.923076923076923",61,2.48,2.54166666666667,8,97,1,2639,106,4,48,1,245,233,6694,"true"
3,0,"0.0","0.0",0,2,19,2,0,7,0,"10.0","1.0",2,6,"3.0",0,3,0,0.666666666666667,0,1,0,25,"0.0",11,14,24,6,"0.0","1.0",312,304,670,0.833333333333333,0,15,41,"0.0",62,0.701388888888889,"0.923076923076923",61,2.48,2.54166666666667,8,97,1,2639,106,4,48,1,245,233,6694,"true"
3,1,"0.0","0.0",1,1,5,1,0,3,0,"5.0","1.0",0,0,"2.0",0,0,0,0,0,0,0,6,"1.0",0,0,6,1,"14.0","3.0",50,50,0,1,0,0,6,"1.0",13,0.6,"1.0",13,2.16666666666667,2.16666666666667,8,97,1,2639,106,4,48,1,245,233,6694,"false"
5,1,"0.0","0.0",4,1,11,1,0,6,0,"13.0","1.0",0,0,"7.0",0,0,0,0,1,8,0,32,"0.0",2,1,24,11,"0.0","1.0",590,550,72,0.191666666666667,0,3,34,"0.0",174,0.777126099706745,"0.578947368421053",166,5.4375,6.91666666666667,8,97,1,2639,106,4,48,1,245,233,6694,"true"
3,0,"0.0","0.0",0,1,3,1,0,3,0,"0.0","0.0",0,0,"0.0",0,0,0,0,1,8,0,32,"0.0",2,1,24,11,"0.0","1.0",590,550,72,0.191666666666667,0,3,34,"0.0",174,0.777126099706745,"0.578947368421053",166,5.4375,6.91666666666667,8,97,1,2639,106,4,48,1,245,233,6694,"false"
4,0,"0.0","0.0",0,1,3,1,0,4,0,"4.0","0.0",1,2,"0.0",0,1,0,1,1,8,0,32,"0.0",2,1,24,11,"0.0","1.0",590,550,72,0.191666666666667,0,3,34,"0.0",174,0.777126099706745,"0.578947368421053",166,5.4375,6.91666666666667,8,97,1,2639,106,4,48,1,245,233,6694,"true"
3,2,"0.0","0.0",1,2,11,3,0,5,0,"5.0","0.0",0,0,"0.0",0,0,0,0,0,0,0,24,"0.0",22,0,24,2,"0.0","1.0",669,669,0,0,2,1,24,"0.0",251,1,"0.923076923076923",251,10.4583333333333,10.4583333333333,5,33,0,943,34,4,48,1,245,233,6694,"false"
3,1,"1.0","1.0",1,1,5,1,0,3,0,"6.0","0.666666666666667",0,1,"2.0",0,0,0,0,0,0,1,1,"0.0",0,0,1,2,"0.0","2.0",23,23,3,1,2,2,2,"0.0",1,0,"0.333333333333333",1,1,1,32,40,0,1690,42,4,48,1,245,233,6694,"false"
4,2,"0.0","0.0",2,1,6,1,0,4,0,"8.0","1.0",0,0,"4.0",0,0,0,0,0,0,0,1,"0.0",0,0,1,4,"0.0","1.0",16,16,0,1,4,0,1,"0.0",1,0,"0.2",1,1,1,32,40,0,1690,42,4,48,1,245,233,6694,"true"
3,2,"1.0","1.0",2,1,5,1,0,3,0,"6.0","0.666666666666667",0,1,"2.0",0,0,0,0,0,0,0,1,"0.0",0,0,1,2,"0.0","2.0",11,11,3,1,2,2,2,"0.0",1,0,"0.333333333333333",1,1,1,32,40,0,1690,42,4,48,1,245,233,6694,"false"
4,2,"0.0","0.0",2,1,6,1,0,4,0,"8.0","1.0",0,0,"4.0",0,0,0,0,0,0,0,1,"0.0",0,0,1,4,"0.0","1.0",16,16,0,1,4,0,1,"0.0",1,0,"0.2",1,1,1,32,40,0,1690,42,4,48,1,245,233,6694,"true"
3,3,"0.0","0.0",3,1,5,1,0,3,0,"6.0","1.0",0,0,"3.0",0,0,0,0,0,0,0,2,"0.0",0,0,2,3,"0.0","1.0",22,22,0,1,3,0,2,"1.0",2,2,"0.4",2,1,1,32,40,0,1690,42,4,48,1,245,233,6694,"false"
3,2,"1.0","1.0",2,1,5,1,0,3,0,"6.0","0.666666666666667",0,1,"2.0",0,0,0,0,0,0,1,1,"0.0",0,0,1,2,"0.0","2.0",32,32,3,1,2,2,2,"0.0",1,0,"0.333333333333333",1,1,1,32,40,0,1690,42,4,48,1,245,233,6694,"false"
5,2,"0.0","0.0",2,1,7,1,0,5,0,"10.0","1.0",0,0,"5.0",0,0,0,0,0,0,0,1,"0.0",0,0,1,5,"0.0","1.0",20,20,0,1,5,1,1,"0.0",1,0,"0.166666666666667",1,1,1,32,40,0,1690,42,4,48,1,245,233,6694,"true"
3,0,"4.0","1.0",0,3,26,8,0,5,0,"10.0","0.2",1,2,"1.0",0,1,0,1,0,0,0,31,"0.0",173,4,31,2,"0.0","1.0",828,828,1106,0,0,36,44,"0.0",213,0.666666666666667,"1.0",213,6.87096774193548,6.87096774193548,3,54,0,1422,54,4,48,1,245,233,6694,"false"
9,1,"1.0","1.0",1,1,12,1,0,9,0,"18.0","0.888888888888889",0,1,"8.0",0,0,0,0,0,0,2,2,"0.0",0,0,2,8,"0.0","2.0",76,76,8,1,8,2,3,"0.0",2,2,"0.2",2,1,1,32,40,0,1690,42,4,48,1,245,233,6694,"true"
2,1,"0.0","0.0",1,1,6,1,0,2,0,"3.0","1.0",0,2,"1.0",0,0,0,0,1,2,0,10,"2.0",5,3,8,5,"48.0","2.0",115,95,74,0.0357142857142857,1,23,81,"0.0",11,0.977777777777778,"0.666666666666667",9,1.1,1.125,74,1060,1,22173,1956,66,1571,291,17113,11938,260912,"false"
0,0,"1.0","1.0",0,1,4,1,0,0,0,"4.0","0.0",1,2,"0.0",0,1,0,1,1,122,0,201,"1.0",14,18,79,64,"31.0","2.0",1849,791,30542,0.0877620425359119,0,33,336,"0.0",223,0.99046875,"0.39",93,1.10945273631841,1.17721518987342,74,1060,1,22173,1956,66,1571,291,17113,11938,260912,"false"
0,0,"0.0","0.0",0,2,11,2,0,1,0,"1.0","0.0",1,2,"0.0",0,1,0,1,3,5,0,10,"1.0",5,4,5,7,"0.0","1.0",131,79,88,0.0476190476190476,1,7,17,"1.0",13,0.984126984126984,"0.25",7,1.3,1.4,74,1060,1,22173,1956,66,1571,291,17113,11938,260912,"false"
0,11,"0.0","0.0",19,1,4,1,0,0,0,"1.0","1.0",0,0,"1.0",0,0,0,0,1,5,1,16,"1.0",1,4,11,10,"0.0","1.0",401,347,64,0.351648351648352,1,4,22,"0.0",47,0.886666666666667,"0.6",38,2.9375,3.45454545454545,96,756,11,17329,801,66,1571,291,17113,11938,260912,"false"
0,0,"0.0","0.0",0,1,5,1,0,0,0,"2.0","1.0",0,0,"2.0",0,0,0,0,0,1,2,52,"0.0",3,6,51,12,"0.0","1.0",619,613,560,0.032156862745098,4,5,63,"0.0",106,0.968954248366013,"0.888888888888889",105,2.03846153846154,2.05882352941176,96,756,11,17329,801,66,1571,291,17113,11938,260912,"false"
0,0,"0.0","0.0",0,1,4,1,0,0,0,"1.0","1.0",0,0,"1.0",0,0,0,0,0,2,0,5,"3.0",1,0,3,4,"4.0","3.0",85,50,17,0.5,0,5,13,"0.0",8,0.9375,"0.5",4,1.6,1.33333333333333,48,1247,93,18514,1653,66,1571,291,17113,11938,260912,"false"
0,1,"0.0","0.0",1,1,8,1,0,0,0,"2.0","1.0",0,0,"2.0",0,0,0,0,0,1,0,4,"0.0",4,4,3,8,"0.0","1.0",116,53,106,1,0,5,17,"0.0",14,1.16666666666667,"1.0",3,3.5,1,46,268,6,8188,296,66,1571,291,17113,11938,260912,"false"
1,0,"3.0","1.0",0,2,24,4,0,2,0,"5.0","0.0",1,2,"0.0",0,1,0,1,0,5,5,35,"0.0",96,49,30,33,"47.0","2.0",2656,2459,9148,0.258064516129032,3,84,275,"0.0",262,0.961675579322638,"0.4",231,7.48571428571429,7.7,81,516,24,21006,599,66,1571,291,17113,11938,260912,"false"
0,0,"0.0","0.0",0,1,5,1,0,0,0,"1.0","1.0",0,0,"1.0",0,0,0,0,0,0,0,3,"2.0",0,0,3,1,"34.0","3.0",23,23,0,1,0,6,46,"0.0",3,0,"1.0",3,1,1,24,157,1,2316,198,66,1571,291,17113,11938,260912,"false"
0,0,"0.0","0.0",0,1,4,1,0,0,0,"1.0","1.0",0,1,"1.0",0,0,0,0,1,0,0,30,"1.0",4,4,30,2,"0.0","1.0",269,269,963,0.864532019704433,0,15,60,"0.0",33,0.568965517241379,"1.0",33,1.1,1.1,21,154,3,3573,263,66,1571,291,17113,11938,260912,"false"
3,0,"0.0","0.0",0,5,26,7,0,5,0,"6.0","1.0",2,6,"1.0",0,3,0,0.666666666666667,0,3,1,79,"0.0",5,70,76,8,"28.0","2.0",1527,1481,12421,0.0789473684210526,0,133,185,"2.0",231,0.951923076923077,"0.953125",225,2.92405063291139,2.96052631578947,184,2134,16,45362,3035,66,1571,291,17113,11938,260912,"false"
3,1,"0.0","0.0",1,1,11,1,0,3,0,"5.0","1.0",1,2,"2.0",0,1,0,1,1,1,0,8,"1.0",1,9,7,3,"0.0","1.0",92,57,106,0.285714285714286,0,12,21,"0.0",11,0.857142857142857,"0.857142857142857",7,1.375,1,184,2134,16,45362,3035,66,1571,291,17113,11938,260912,"false"
3,0,"2.0","1.0",0,3,40,5,0,11,0,"13.0","0.0",2,10,"0.0",0,5,0,0.4,0,0,0,5,"1.0",3,2,5,1,"2.0","2.0",107,107,62,0,0,5,13,"0.0",13,1,"1.0",13,2.6,2.6,184,2134,16,45362,3035,66,1571,291,17113,11938,260912,"false"
3,1,"0.0","0.0",1,1,8,1,0,3,0,"3.0","0.0",0,1,"0.0",0,0,0,0,1,3,0,16,"2.0",11,4,13,0,"111.0","2.0",214,177,210,0,0,43,195,"0.0",27,0,"0.666666666666667",23,1.6875,1.76923076923077,184,2134,16,45362,3035,66,1571,291,17113,11938,260912,"false"
3,1,"0.0","0.0",1,1,11,1,0,3,0,"9.0","1.0",0,4,"6.0",0,0,0,0,1,5,0,16,"1.0",22,9,11,7,"0.0","1.0",214,184,805,0.384615384615385,0,18,52,"1.0",28,0.866666666666667,"0.5",23,1.75,2.09090909090909,184,2134,16,45362,3035,66,1571,291,17113,11938,260912,"false"
3,0,"1.0","1.0",0,2,20,4,0,4,0,"4.0","0.0",1,4,"0.0",0,2,0,0.5,0,0,0,5,"1.0",1,1,5,1,"2.0","2.0",71,71,34,0,0,5,11,"0.0",11,1,"1.0",11,2.2,2.2,184,2134,16,45362,3035,66,1571,291,17113,11938,260912,"false"
3,1,"0.0","0.0",1,1,6,2,0,4,0,"5.0","0.0",0,0,"0.0",0,0,0,0,0,0,1,45,"0.0",2,6,45,16,"0.0","1.0",930,930,1002,0.127906976744186,13,5,61,"0.0",97,0.982954545454545,"0.74",97,2.15555555555556,2.15555555555556,96,756,11,17329,801,66,1571,291,17113,11938,260912,"false"
3,0,"4.0","2.0",0,3,25,4,0,4,0,"8.0","0.0",4,16,"0.0",0,10,0,0.4,0,0,0,143,"0.0",61,112,143,8,"0.0","1.0",3849,3849,129220,0.0037400654511454,0,143,685,"0.0",478,0.985915492957746,"1.0",478,3.34265734265734,3.34265734265734,96,756,11,17329,801,66,1571,291,17113,11938,260912,"false"
3,0,"0.0","0.0",0,3,33,4,0,8,0,"12.0","1.0",0,0,"4.0",0,0,0,0,1,0,0,19,"0.0",8,8,19,36,"0.0","1.0",815,815,322,0.0549450549450549,0,9,36,"0.0",115,0.969135802469136,"1.0",115,6.05263157894737,6.05263157894737,96,756,11,17329,801,66,1571,291,17113,11938,260912,"false"
3,0,"4.0","2.0",0,1,7,1,0,6,0,"10.0","0.0",2,2,"0.0",0,2,0,1,0,0,0,1,"0.0",4,2,1,0,"11.0","2.0",12,12,4,1,0,3,3,"0.0",1,0,"1.0",1,1,1,134,386,2,12585,409,66,1571,291,17113,11938,260912,"false"
3,0,"0.0","0.0",0,2,16,3,0,5,0,"5.0","0.0",1,2,"0.0",0,1,0,1,0,0,0,13,"0.0",5,4,13,4,"8.0","2.0",216,216,170,0.0606060606060606,1,12,80,"0.0",25,0.9375,"0.888888888888889",25,1.92307692307692,1.92307692307692,134,386,2,12585,409,66,1571,291,17113,11938,260912,"false"
4,1,"3.0","1.0",1,1,6,1,0,4,0,"8.0","0.0",2,2,"0.0",0,5,0,0.4,0,7,0,14,"0.0",0,4,7,9,"0.0","1.0",124,82,112,0.0363636363636364,0,7,27,"0.0",14,0.982905982905983,"0.461538461538462",7,1,1,70,686,5,18923,1266,66,1571,291,17113,11938,260912,"false"
3,1,"0.0","0.0",1,1,11,1,0,4,0,"4.0","0.0",2,4,"0.0",0,2,0,1,0,0,0,25,"0.0",1,4,25,0,"0.0","1.0",545,545,1728,0,0,6,41,"0.0",25,0,"1.0",25,1,1,48,1247,93,18514,1653,66,1571,291,17113,11938,260912,"false"
3,0,"3.0","2.0",0,2,36,2,0,7,0,"12.0","0.4",6,15,"2.0",0,9,0,0.666666666666667,0,2,1,8,"0.0",8,20,6,3,"80.0","3.0",295,277,560,0,1,84,264,"0.0",28,1,"0.0",26,3.5,4.33333333333333,21,130,4,3603,140,66,1571,291,17113,11938,260912,"false"
3,0,"2.0","2.0",0,2,39,6,0,9,0,"19.0","0.777777777777778",3,3,"7.0",0,4,0,0.75,0,8,4,47,"1.0",50,39,39,20,"79.0","3.0",1913,1812,4405,0.154654654654655,1,82,279,"0.0",240,0.959782608695652,"0.75",227,5.1063829787234,5.82051282051282,81,516,24,21006,599,66,1571,291,17113,11938,260912,"false"
4,0,"2.0","1.0",0,4,29,7,0,8,0,"13.0","0.6",7,18,"3.0",0,11,0,0.636363636363636,0,8,1,27,"0.0",21,18,19,16,"0.0","1.0",925,683,3010,0.274509803921569,0,18,93,"0.0",139,0.913461538461539,"0.6",91,5.14814814814815,4.78947368421053,81,516,24,21006,599,66,1571,291,17113,11938,260912,"false"
5,0,"2.0","1.0",0,4,99,13,0,12,0,"14.0","0.0",4,16,"0.0",0,8,0,0.5,0,0,0,9,"1.0",13,19,9,1,"4.0","3.0",472,472,559,0,0,30,63,"0.0",73,1,"1.0",73,8.11111111111111,8.11111111111111,19,97,0,2553,103,66,1571,291,17113,11938,260912,"true"
3,1,"0.0","0.0",1,2,17,3,0,4,0,"4.0","0.0",2,4,"0.0",0,2,0,1,1,40,1,97,"2.0",42,32,57,40,"61.0","3.0",1622,1230,8741,0.104240766073871,13,55,247,"0.0",229,0.969791666666667,"0.376623376623377",182,2.36082474226804,3.19298245614035,12,88,0,2918,201,66,1571,291,17113,11938,260912,"false"
4,0,"26.0","5.0",0,2,55,5,0,4,0,"30.0","0.037037037037037",6,64,"1.0",0,34,0,0.176470588235294,1,0,0,9,"0.0",57,18,9,15,"0.0","1.0",273,273,1324,1,15,21,92,"0.0",22,1,"0.0625",22,2.44444444444444,2.44444444444444,21,154,3,3573,263,66,1571,291,17113,11938,260912,"false"
11,0,"0.0","0.0",0,2,46,10,0,12,0,"11.0","0.0",1,2,"0.0",0,1,0,1,0,0,0,143,"0.0",61,112,143,8,"0.0","1.0",3849,3849,129220,0.0037400654511454,0,143,685,"0.0",478,0.985915492957746,"1.0",478,3.34265734265734,3.34265734265734,96,756,11,17329,801,66,1571,291,17113,11938,260912,"true"
16,16,"0.0","0.0",16,1,37,1,0,16,0,"24.0","0.0",3,12,"0.0",0,12,0,0.25,0,0,0,5,"0.0",0,4,5,0,"0.0","1.0",174,174,322,0,0,4,42,"0.0",21,0,"1.0",21,4.2,4.2,96,756,11,17329,801,66,1571,291,17113,11938,260912,"true"
8,1,"0.0","0.0",1,1,22,1,0,8,0,"8.0","0.0",1,2,"0.0",0,1,0,1,0,2,0,10,"2.0",0,1,8,10,"0.0","1.0",155,142,66,0.733333333333333,0,2,13,"0.0",12,0.766666666666667,"0.6",10,1.2,1.25,81,516,24,21006,599,66,1571,291,17113,11938,260912,"true"
7,1,"0.0","0.0",1,1,21,1,0,7,0,"7.0","0.0",0,0,"0.0",0,0,0,0,0,2,0,10,"2.0",0,1,8,10,"0.0","1.0",155,142,66,0.733333333333333,0,2,13,"0.0",12,0.766666666666667,"0.6",10,1.2,1.25,81,516,24,21006,599,66,1571,291,17113,11938,260912,"true"
7,0,"3.0","3.0",0,4,173,15,0,15,0,"44.0","0.642857142857143",10,16,"9.0",0,10,0,1,0,8,4,38,"1.0",50,39,30,22,"79.0","3.0",1735,1564,2873,0.238636363636364,1,84,276,"0.0",222,0.936117936117936,"0.5",194,5.8421052631579,6.46666666666667,81,516,24,21006,599,66,1571,291,17113,11938,260912,"true"
7,0,"0.0","0.0",0,1,13,1,0,8,0,"8.0","0.0",1,2,"0.0",0,1,0,1,0,8,4,38,"1.0",50,39,30,22,"79.0","3.0",1735,1564,2873,0.238636363636364,1,84,276,"0.0",222,0.936117936117936,"0.5",194,5.8421052631579,6.46666666666667,81,516,24,21006,599,66,1571,291,17113,11938,260912,"true"
7,1,"0.0","0.0",1,1,21,1,0,7,0,"7.0","0.0",0,0,"0.0",0,0,0,0,0,2,0,11,"2.0",0,1,9,10,"0.0","1.0",162,149,68,0.619047619047619,0,2,14,"0.0",13,0.79,"0.8",11,1.18181818181818,1.22222222222222,81,516,24,21006,599,66,1571,291,17113,11938,260912,"true"
7,0,"0.0","0.0",0,2,22,2,0,7,0,"7.0","0.0",1,2,"0.0",0,1,0,1,0,1,1,35,"0.0",50,35,34,16,"47.0","2.0",1533,1524,4783,0.358333333333333,1,72,214,"0.0",186,0.948529411764706,"0.666666666666667",185,5.31428571428571,5.44117647058824,81,516,24,21006,599,66,1571,291,17113,11938,260912,"true"
7,6,"0.0","0.0",6,2,29,2,0,7,0,"16.0","1.0",1,2,"9.0",0,1,0,1,0,8,1,27,"0.0",21,18,19,16,"0.0","1.0",925,683,3010,0.274509803921569,0,18,93,"0.0",139,0.913461538461539,"0.6",91,5.14814814814815,4.78947368421053,81,516,24,21006,599,66,1571,291,17113,11938,260912,"true"
7,0,"0.0","0.0",0,2,29,2,0,7,0,"15.0","1.0",1,2,"8.0",0,1,0,1,0,8,1,27,"0.0",21,18,19,16,"0.0","1.0",925,683,3010,0.274509803921569,0,18,93,"0.0",139,0.913461538461539,"0.6",91,5.14814814814815,4.78947368421053,81,516,24,21006,599,66,1571,291,17113,11938,260912,"true"
16,0,"5.0","2.0",0,2,66,4,0,16,0,"37.0","0.842105263157895",1,2,"16.0",0,1,0,1,0,0,0,6,"0.0",11,3,6,19,"0.0","1.0",336,336,38,0,1,6,10,"0.0",25,0.789473684210526,"0.8",25,4.16666666666667,4.16666666666667,81,516,24,21006,599,66,1571,291,17113,11938,260912,"true"
2,0,"0.0","0.0",0,2,32,4,0,8,0,"9.0","1.0",1,2,"1.0",0,1,0,1,0,0,0,5,"0.0",2,3,5,1,"4.0","2.0",125,125,33,0,0,4,16,"0.0",11,1,"1.0",11,2.2,2.2,11,35,0,809,37,11,58,2,541,326,7842,"false"
0,0,"0.0","0.0",0,1,5,1,0,0,0,"0.0","0.0",1,2,"0.0",0,1,0,1,0,0,0,11,"0.0",0,10,11,0,"14.0","2.0",85,85,150,0,0,13,37,"0.0",11,0,"1.0",11,1,1,11,35,0,809,37,11,58,2,541,326,7842,"false"
2,0,"0.0","0.0",0,1,3,1,0,2,0,"2.0","0.0",0,0,"0.0",0,0,0,0,0,0,0,4,"0.0",0,0,4,0,"15.0","3.0",17,17,0,1,0,0,4,"0.0",4,0,"1.0",4,1,1,7,57,1,889,86,11,58,2,541,326,7842,"false"
0,1,"2.0","2.0",1,2,6,2,0,0,0,"2.0","0.0",2,2,"0.0",0,2,0,1,0,1,0,27,"0.0",8,8,26,2,"0.0","1.0",306,297,856,0,0,8,44,"0.0",36,1.03846153846154,"0.962962962962963",35,1.33333333333333,1.34615384615385,7,57,1,889,86,11,58,2,541,326,7842,"false"
1,0,"1.0","1.0",0,1,3,1,0,1,0,"2.0","0.0",0,0,"0.0",0,0,0,0,0,1,0,27,"0.0",8,8,26,2,"0.0","1.0",306,297,856,0,0,8,44,"0.0",36,1.03846153846154,"0.962962962962963",35,1.33333333333333,1.34615384615385,7,57,1,889,86,11,58,2,541,326,7842,"false"
2,0,"1.0","1.0",0,1,3,1,0,2,0,"3.0","0.0",0,0,"0.0",0,0,0,0,0,1,0,27,"0.0",8,8,26,2,"0.0","1.0",306,297,856,0,0,8,44,"0.0",36,1.03846153846154,"0.962962962962963",35,1.33333333333333,1.34615384615385,7,57,1,889,86,11,58,2,541,326,7842,"false"
0,2,"0.0","0.0",2,1,3,1,0,0,0,"1.0","1.0",0,0,"1.0",0,0,0,0,0,4,0,6,"0.0",0,0,2,2,"0.0","1.0",52,16,0,0.333333333333333,0,1,6,"0.0",6,0.8,"0.333333333333333",2,1,1,7,57,1,889,86,11,58,2,541,326,7842,"false"
1,0,"0.0","0.0",0,1,5,1,0,1,0,"4.0","1.0",0,0,"3.0",0,0,0,0,0,6,0,12,"1.0",0,0,6,3,"0.0","1.0",112,58,0,0.194444444444444,0,1,12,"0.0",12,0.848484848484848,"0.5",6,1,1,7,57,1,889,86,11,58,2,541,326,7842,"false"
0,1,"0.0","0.0",2,1,3,1,0,0,0,"0.0","0.0",0,0,"0.0",0,0,0,0,0,6,0,12,"1.0",0,0,6,3,"0.0","1.0",112,58,0,0.194444444444444,0,1,12,"0.0",12,0.848484848484848,"0.5",6,1,1,7,57,1,889,86,11,58,2,541,326,7842,"false"
1,1,"0.0","0.0",1,1,3,1,0,1,0,"2.0","1.0",0,0,"1.0",0,0,0,0,0,6,0,12,"1.0",0,0,6,3,"0.0","1.0",112,58,0,0.194444444444444,0,1,12,"0.0",12,0.848484848484848,"0.5",6,1,1,7,57,1,889,86,11,58,2,541,326,7842,"false"
1,0,"0.0","0.0",0,1,4,1,0,1,0,"2.0","1.0",0,0,"1.0",0,0,0,0,0,4,0,8,"0.0",0,0,4,8,"0.0","1.0",151,113,0,0.6,0,0,8,"0.0",16,0.928571428571429,"0.428571428571429",12,2,3,10,60,1,1447,77,11,58,2,541,326,7842,"false"
0,0,"0.0","0.0",0,1,3,1,0,0,0,"1.0","1.0",0,0,"1.0",0,0,0,0,0,12,0,19,"2.0",2,2,7,6,"30.0","3.0",198,84,257,0.169117647058824,0,9,57,"0.0",28,0.87037037037037,"0.333333333333333",16,1.47368421052632,2.28571428571429,4,18,0,306,34,11,58,2,541,326,7842,"false"
0,0,"0.0","0.0",0,1,3,1,0,0,0,"1.0","1.0",0,0,"1.0",0,0,0,0,0,12,0,19,"2.0",2,2,7,6,"30.0","3.0",198,84,257,0.169117647058824,0,9,57,"0.0",28,0.87037037037037,"0.333333333333333",16,1.47368421052632,2.28571428571429,4,18,0,306,34,11,58,2,541,326,7842,"false"
0,0,"0.0","0.0",0,1,4,1,0,0,0,"1.0","1.0",0,0,"1.0",0,0,0,0,0,1,0,23,"0.0",0,0,22,4,"0.0","1.0",307,295,0,0.128571428571429,0,0,23,"0.0",33,0.875,"0.954545454545455",32,1.43478260869565,1.45454545454545,4,34,0,1229,42,11,58,2,541,326,7842,"false"
1,0,"0.0","0.0",0,1,4,1,0,1,0,"2.0","1.0",0,0,"1.0",0,0,0,0,0,16,0,24,"1.0",0,2,8,10,"0.0","1.0",309,157,88,0.119047619047619,0,2,26,"0.0",46,0.926086956521739,"0.333333333333333",30,1.91666666666667,3.75,6,33,0,790,64,11,58,2,541,326,7842,"false"
4,0,"0.0","0.0",0,1,6,1,0,4,0,"2.0","0.0",0,0,"0.0",0,0,0,0,0,0,0,5,"0.0",2,3,5,1,"4.0","2.0",125,125,33,0,0,4,16,"0.0",11,1,"1.0",11,2.2,2.2,11,35,0,809,37,11,58,2,541,326,7842,"true"
4,0,"0.0","0.0",0,1,7,1,0,4,0,"2.0","0.0",0,0,"0.0",0,0,0,0,0,0,0,2,"0.0",0,0,2,1,"4.0","2.0",48,48,0,0,0,1,10,"0.0",8,1,"1.0",8,4,4,11,35,0,809,37,11,58,2,541,326,7842,"true"
4,0,"0.0","0.0",0,1,7,1,0,4,0,"2.0","0.0",0,0,"0.0",0,0,0,0,0,0,0,2,"0.0",0,0,2,1,"4.0","2.0",64,64,0,0,0,1,10,"0.0",12,1,"1.0",12,6,6,11,35,0,809,37,11,58,2,541,326,7842,"true"
4,0,"0.0","0.0",0,1,7,1,0,4,0,"2.0","0.0",0,0,"0.0",0,0,0,0,0,0,0,2,"0.0",0,0,2,1,"4.0","2.0",33,33,5,0,0,2,10,"0.0",4,1,"1.0",4,2,2,11,35,0,809,37,11,58,2,541,326,7842,"true"
4,0,"0.0","0.0",0,1,7,1,0,4,0,"2.0","0.0",0,0,"0.0",0,0,0,0,0,0,0,2,"0.0",0,0,2,1,"4.0","2.0",35,35,5,0,0,2,10,"0.0",4,1,"1.0",4,2,2,11,35,0,809,37,11,58,2,541,326,7842,"true"
4,0,"0.0","0.0",0,1,7,1,0,4,0,"2.0","0.0",0,0,"0.0",0,0,0,0,0,0,0,2,"0.0",0,0,2,1,"4.0","2.0",34,34,5,0,0,2,10,"0.0",4,1,"1.0",4,2,2,11,35,0,809,37,11,58,2,541,326,7842,"true"
3,1,"0.0","0.0",1,1,4,1,0,3,0,"4.0","1.0",0,1,"1.0",0,0,0,0,0,4,0,13,"1.0",2,1,9,1,"10.0","2.0",115,79,101,0.714285714285714,0,4,31,"0.0",13,0.583333333333333,"0.692307692307692",9,1,1,7,57,1,889,86,11,58,2,541,326,7842,"false"
4,0,"0.0","0.0",0,1,4,1,0,4,0,"5.0","1.0",1,3,"1.0",0,1,0,1,0,4,0,13,"1.0",2,1,9,1,"10.0","2.0",115,79,101,0.714285714285714,0,4,31,"0.0",13,0.583333333333333,"0.692307692307692",9,1,1,7,57,1,889,86,11,58,2,541,326,7842,"false"
3,0,"0.0","0.0",0,1,5,1,0,3,0,"6.0","1.0",0,0,"3.0",0,0,0,0,0,6,0,12,"1.0",0,0,6,3,"0.0","1.0",112,58,0,0.194444444444444,0,1,12,"0.0",12,0.848484848484848,"0.5",6,1,1,7,57,1,889,86,11,58,2,541,326,7842,"false"
5,1,"4.0","1.0",2,1,17,5,0,5,0,"9.0","0.0",1,2,"0.0",0,1,0,1,0,2,0,17,"0.0",14,7,15,2,"0.0","1.0",203,193,306,0,0,7,31,"0.0",36,1.0625,"0.818181818181818",34,2.11764705882353,2.26666666666667,10,60,1,1447,77,11,58,2,541,326,7842,"true"
5,1,"4.0","1.0",1,2,20,3,0,7,0,"15.0","0.0",3,4,"0.0",0,6,0,0.5,0,2,0,17,"0.0",14,7,15,2,"0.0","1.0",203,193,306,0,0,7,31,"0.0",36,1.0625,"0.818181818181818",34,2.11764705882353,2.26666666666667,10,60,1,1447,77,11,58,2,541,326,7842,"true"
5,0,"0.0","0.0",0,1,6,1,0,5,0,"5.0","0.0",0,0,"0.0",0,0,0,0,0,0,0,18,"0.0",13,5,18,1,"0.0","1.0",538,538,104,0,0,6,31,"0.0",45,1,"1.0",45,2.5,2.5,10,60,1,1447,77,11,58,2,541,326,7842,"true"
5,0,"2.0","1.0",0,1,9,1,0,6,0,"8.0","0.0",1,0,"0.0",0,2,0,0.5,0,0,0,18,"0.0",13,5,18,1,"0.0","1.0",538,538,104,0,0,6,31,"0.0",45,1,"1.0",45,2.5,2.5,10,60,1,1447,77,11,58,2,541,326,7842,"true"
6,0,"2.0","1.0",0,1,9,1,0,7,0,"9.0","0.0",1,0,"0.0",0,2,0,0.5,0,0,0,18,"0.0",13,5,18,1,"0.0","1.0",538,538,104,0,0,6,31,"0.0",45,1,"1.0",45,2.5,2.5,10,60,1,1447,77,11,58,2,541,326,7842,"true"
4,0,"0.0","0.0",0,1,7,1,0,4,0,"4.0","0.0",0,0,"0.0",0,0,0,0,0,0,0,18,"0.0",13,5,18,1,"0.0","1.0",538,538,104,0,0,6,31,"0.0",45,1,"1.0",45,2.5,2.5,10,60,1,1447,77,11,58,2,541,326,7842,"false"
5,0,"0.0","0.0",0,1,7,1,0,5,0,"5.0","0.0",0,0,"0.0",0,0,0,0,0,0,0,18,"0.0",13,5,18,1,"0.0","1.0",538,538,104,0,0,6,31,"0.0",45,1,"1.0",45,2.5,2.5,10,60,1,1447,77,11,58,2,541,326,7842,"true"
7,0,"9.0","2.0",0,5,176,23,0,18,0,"32.0","0.1",3,6,"1.0",0,7,0,0.428571428571429,0,0,0,18,"0.0",13,5,18,1,"0.0","1.0",538,538,104,0,0,6,31,"0.0",45,1,"1.0",45,2.5,2.5,10,60,1,1447,77,11,58,2,541,326,7842,"true"
8,0,"0.0","0.0",0,1,13,1,0,8,0,"16.0","1.0",0,0,"8.0",0,0,0,0,0,16,0,24,"1.0",0,2,8,10,"0.0","1.0",309,157,88,0.119047619047619,0,2,26,"0.0",46,0.926086956521739,"0.333333333333333",30,1.91666666666667,3.75,6,33,0,790,64,11,58,2,541,326,7842,"true"
1,0,"0.0","0.0",0,1,5,1,0,1,0,"2.0","1.0",1,2,"1.0",0,1,0,1,2,2,0,10,"0.0",0,4,8,1,"16.0","2.0",187,161,100,0.357142857142857,0,5,16,"0.0",17,0.555555555555556,"0.8",14,1.7,1.75,39,564,12,9554,584,69,960,103,11810,10192,247421,"false"
0,0,"0.0","0.0",0,1,3,1,0,0,0,"1.0","1.0",1,2,"1.0",0,1,0,1,4,3,0,36,"3.0",4,5,33,5,"18.0","5.0",580,542,1609,0.354166666666667,0,14,93,"0.0",73,0.76,"0.911764705882353",70,2.02777777777778,2.12121212121212,39,564,12,9554,584,69,960,103,11810,10192,247421,"false"
0,1,"0.0","0.0",1,1,3,1,0,0,0,"1.0","1.0",0,0,"1.0",0,0,0,0,3,12,0,31,"3.0",1,4,19,18,"6.0","2.0",583,409,144,0.177248677248677,5,10,49,"1.0",58,0.925925925925926,"0.5",39,1.87096774193548,2.05263157894737,15,179,3,4573,226,69,960,103,11810,10192,247421,"false"
0,0,"0.0","0.0",0,1,3,1,0,0,0,"1.0","1.0",0,0,"1.0",0,0,0,0,3,8,0,23,"4.0",1,4,15,14,"32.0","3.0",452,349,363,0.310526315789474,5,11,70,"0.0",40,0.902597402597403,"0.5",30,1.73913043478261,2,15,179,3,4573,226,69,960,103,11810,10192,247421,"false"
1,0,"0.0","0.0",0,1,5,1,0,1,0,"3.0","1.0",0,0,"2.0",0,0,0,0,2,0,0,9,"0.0",0,0,9,4,"0.0","1.0",170,170,0,0.5,0,0,9,"0.0",23,0.78125,"1.0",23,2.55555555555556,2.55555555555556,16,194,5,4257,218,69,960,103,11810,10192,247421,"false"
1,0,"0.0","0.0",0,2,6,2,0,1,0,"2.0","1.0",0,0,"1.0",0,0,0,0,4,32,1,93,"1.0",69,40,61,32,"0.0","1.0",1768,1286,2648,0.0916354556803995,0,49,217,"0.0",237,0.935801630434783,"0.542857142857143",173,2.54838709677419,2.83606557377049,22,415,4,12125,523,69,960,103,11810,10192,247421,"false"
1,0,"0.0","0.0",0,2,7,2,0,3,0,"3.0","0.0",1,2,"0.0",0,1,0,1,4,32,1,93,"1.0",69,40,61,32,"0.0","1.0",1768,1286,2648,0.0916354556803995,0,49,217,"0.0",237,0.935801630434783,"0.542857142857143",173,2.54838709677419,2.83606557377049,22,415,4,12125,523,69,960,103,11810,10192,247421,"false"
1,0,"0.0","0.0",0,2,7,2,0,1,0,"2.0","1.0",0,1,"1.0",0,0,0,0,2,8,0,24,"3.0",6,18,16,9,"60.0","2.0",587,414,1184,0.298245614035088,0,32,134,"0.0",68,0.830917874396135,"0.619047619047619",46,2.83333333333333,2.875,46,1076,5,33993,1556,69,960,103,11810,10192,247421,"false"
0,0,"0.0","0.0",0,1,3,1,0,0,0,"1.0","1.0",0,0,"1.0",0,0,0,0,4,7,0,22,"3.0",0,4,15,7,"6.0","2.0",370,257,471,0.34640522875817,0,6,36,"0.0",36,0.80952380952381,"0.65",25,1.63636363636364,1.66666666666667,14,201,4,5139,273,69,960,103,11810,10192,247421,"false"
2,2,"0.0","0.0",2,4,55,12,0,9,0,"18.0","1.0",2,10,"3.0",0,5,0,0.4,2,1,0,22,"2.0",1,2,21,4,"0.0","1.0",467,432,336,0.514285714285714,0,2,31,"0.0",63,0.666666666666667,"0.954545454545455",58,2.86363636363636,2.76190476190476,16,197,8,3899,208,69,960,103,11810,10192,247421,"false"
3,0,"0.0","0.0",0,1,4,1,0,3,0,"3.0","0.0",0,1,"0.0",0,0,0,0,0,0,0,8,"1.0",0,1,8,0,"33.0","3.0",106,106,81,0,0,7,58,"0.0",8,0,"1.0",8,1,1,39,564,12,9554,584,69,960,103,11810,10192,247421,"false"
3,0,"0.0","0.0",0,1,7,1,0,3,0,"3.0","0.0",0,1,"0.0",0,0,0,0,3,0,0,4,"2.0",0,3,4,2,"11.0","3.0",89,89,82,0,1,6,29,"0.0",8,1.33333333333333,"0.75",8,2,2,26,207,11,4046,208,69,960,103,11810,10192,247421,"false"
3,0,"0.0","0.0",0,2,12,2,0,5,0,"5.0","0.0",0,2,"0.0",0,0,0,0,3,0,0,10,"3.0",0,4,10,4,"8.0","2.0",212,212,126,0.428571428571429,1,5,29,"0.0",21,0.888888888888889,"0.9",21,2.1,2.1,26,207,11,4046,208,69,960,103,11810,10192,247421,"false"
3,0,"0.0","0.0",0,1,6,1,0,3,0,"3.0","0.0",0,0,"0.0",0,0,0,0,2,0,0,14,"0.0",4,4,14,5,"0.0","1.0",390,390,382,0.0454545454545455,0,5,27,"0.0",46,0.953846153846154,"1.0",46,3.28571428571429,3.28571428571429,16,194,5,4257,218,69,960,103,11810,10192,247421,"false"
5,0,"0.0","0.0",0,1,4,1,0,5,0,"5.0","0.0",0,0,"0.0",0,0,0,0,2,0,0,11,"0.0",0,0,11,4,"0.0","1.0",180,180,0,0.833333333333333,1,0,11,"0.0",21,0.9,"0.9",21,1.90909090909091,1.90909090909091,16,194,5,4257,218,69,960,103,11810,10192,247421,"true"
4,0,"2.0","1.0",0,2,32,3,0,13,0,"15.0","0.0",1,6,"0.0",0,3,0,0.333333333333333,2,3,0,16,"7.0",2,9,13,7,"272.0","4.0",573,527,632,0.346153846153846,3,33,377,"0.0",46,0.904761904761905,"0.647058823529412",42,2.875,3.23076923076923,28,387,2,14624,551,69,960,103,11810,10192,247421,"false"
3,0,"0.0","0.0",0,3,11,3,0,6,0,"6.0","0.0",1,2,"0.0",0,1,0,1,3,2,1,16,"6.0",3,12,14,3,"245.0","4.0",579,551,547,0.109090909090909,0,34,360,"0.0",58,0.844444444444444,"0.846153846153846",56,3.625,4,42,502,2,18042,690,69,960,103,11810,10192,247421,"false"
5,0,"1.0","1.0",0,1,15,1,0,6,0,"8.0","0.0",1,1,"0.0",0,1,0,1,4,5,0,18,"3.0",3,6,13,10,"238.0","3.0",530,454,320,0.142857142857143,3,32,348,"0.0",61,0.964705882352941,"0.6",56,3.38888888888889,4.30769230769231,42,502,2,18042,690,69,960,103,11810,10192,247421,"true"
3,0,"0.0","0.0",0,2,21,3,0,3,0,"6.0","1.0",1,4,"3.0",0,2,0,0.5,3,2,1,42,"1.0",0,5,40,22,"19.0","5.0",888,867,1353,0.165165165165165,3,15,78,"0.0",88,0.946784922394679,"0.871794871794872",86,2.0952380952381,2.15,26,480,1,9366,498,69,960,103,11810,10192,247421,"false"
4,0,"0.0","0.0",0,3,22,3,0,8,0,"3.0","0.0",0,0,"0.0",0,0,0,0,3,13,0,47,"11.0",1,9,34,15,"120.0","3.0",1132,928,3933,0.176923076923077,0,23,223,"0.0",129,0.904347826086956,"0.666666666666667",108,2.74468085106383,3.17647058823529,48,640,2,19667,781,69,960,103,11810,10192,247421,"false"
4,1,"1.0","1.0",1,5,24,5,0,8,0,"11.0","0.666666666666667",2,8,"2.0",0,4,0,0.5,7,68,0,213,"7.0",19,27,145,59,"56.0","2.0",4827,3636,34819,0.0223816355810617,8,46,373,"2.0",576,0.98433002878158,"0.623762376237624",447,2.70422535211268,3.08275862068966,46,1076,5,33993,1556,69,960,103,11810,10192,247421,"false"
5,2,"11.0","4.0",2,4,254,49,0,36,0,"67.0","0.352941176470588",7,25,"6.0",0,18,0,0.388888888888889,7,70,0,222,"6.0",18,28,152,62,"57.0","2.0",5381,4111,44777,0.0220386872419039,5,43,384,"2.0",682,0.983360093417019,"0.63768115942029",539,3.07207207207207,3.54605263157895,46,1076,5,33993,1556,69,960,103,11810,10192,247421,"true"
3,2,"0.0","0.0",2,3,21,4,0,8,0,"10.0","0.0",2,4,"0.0",0,2,0,1,7,70,0,222,"6.0",18,28,152,62,"57.0","2.0",5381,4111,44777,0.0220386872419039,5,43,384,"2.0",682,0.983360093417019,"0.63768115942029",539,3.07207207207207,3.54605263157895,46,1076,5,33993,1556,69,960,103,11810,10192,247421,"false"
3,0,"0.0","0.0",0,1,4,1,0,3,0,"3.0","0.0",0,0,"0.0",0,0,0,0,0,0,0,10,"4.0",0,2,10,2,"9.0","2.0",154,154,115,0.1,0,5,25,"0.0",17,1,"1.0",17,1.7,1.7,14,121,1,2198,142,69,960,103,11810,10192,247421,"false"
3,0,"0.0","0.0",0,2,10,2,0,4,0,"5.0","1.0",0,0,"3.0",0,0,0,0,0,1,0,11,"1.0",0,0,10,6,"51.0","3.0",206,191,0,0.714285714285714,0,0,11,"0.0",23,0.833333333333333,"0.9",21,2.09090909090909,2.1,6,43,0,1157,57,69,960,103,11810,10192,247421,"false"
3,0,"0.0","0.0",0,1,4,1,0,3,0,"3.0","0.0",0,0,"0.0",0,0,0,0,0,0,0,5,"0.0",0,0,5,1,"0.0","1.0",102,102,0,0.5,0,0,5,"0.0",9,0.5,"1.0",9,1.8,1.8,6,43,0,1157,57,69,960,103,11810,10192,247421,"false"
7,0,"2.0","1.0",0,2,43,5,0,22,0,"28.0","0.666666666666667",3,15,"4.0",0,6,0,0.5,3,0,0,12,"3.0",2,3,12,5,"6.0","2.0",244,244,134,0.428571428571429,0,10,29,"0.0",25,0.854545454545455,"1.0",25,2.08333333333333,2.08333333333333,15,179,3,4573,226,69,960,103,11810,10192,247421,"true"
7,1,"0.0","0.0",1,1,10,1,0,7,0,"9.0","1.0",0,0,"2.0",0,0,0,0,2,10,0,48,"1.0",0,0,38,26,"0.0","1.0",963,826,0,0.0739495798319328,0,1,48,"0.0",89,0.960720130932897,"0.777777777777778",75,1.85416666666667,1.97368421052632,22,415,4,12125,523,69,960,103,11810,10192,247421,"true"
10,0,"2.0","1.0",0,5,103,12,0,27,0,"29.0","0.0",5,22,"0.0",0,7,0,0.714285714285714,2,3,0,16,"7.0",2,9,13,7,"272.0","4.0",573,527,632,0.346153846153846,3,33,377,"0.0",46,0.904761904761905,"0.647058823529412",42,2.875,3.23076923076923,28,387,2,14624,551,69,960,103,11810,10192,247421,"true"
10,1,"1.0","1.0",1,3,108,20,0,30,0,"33.0","0.666666666666667",7,30,"2.0",0,14,0,0.5,3,14,0,49,"4.0",35,15,35,21,"237.0","3.0",1271,1042,2383,0.0665961945031713,2,35,394,"6.0",144,0.964285714285714,"0.619047619047619",126,2.93877551020408,3.6,28,387,2,14624,551,69,960,103,11810,10192,247421,"true"
10,0,"2.0","1.0",0,2,22,3,0,11,0,"12.0","0.0",1,2,"0.0",0,1,0,1,1,1,0,7,"2.0",3,6,6,2,"283.0","4.0",390,378,275,0.0666666666666667,0,36,391,"0.0",55,1,"0.75",54,7.85714285714286,9,28,387,2,14624,551,69,960,103,11810,10192,247421,"true"
9,0,"0.0","0.0",0,4,120,21,0,34,0,"36.0","1.0",6,25,"1.0",0,7,0,0.857142857142857,1,1,0,7,"2.0",3,6,6,2,"283.0","4.0",390,378,275,0.0666666666666667,0,36,391,"0.0",55,1,"0.75",54,7.85714285714286,9,28,387,2,14624,551,69,960,103,11810,10192,247421,"true"
12,0,"3.0","2.0",0,4,112,14,0,31,0,"34.0","0.0",4,23,"0.0",0,9,0,0.444444444444444,4,1,0,9,"4.0",3,5,8,2,"282.0","4.0",267,247,224,0.4,0,33,377,"0.0",31,0.875,"0.875",28,3.44444444444444,3.5,42,502,2,18042,690,69,960,103,11810,10192,247421,"true"
12,0,"2.0","1.0",0,4,102,14,0,30,0,"32.0","0.5",6,30,"2.0",0,11,0,0.545454545454545,2,0,0,7,"3.0",8,9,7,5,"238.0","3.0",266,266,312,0.1,4,33,335,"0.0",31,1.03333333333333,"0.636363636363636",31,4.42857142857143,4.42857142857143,42,502,2,18042,690,69,960,103,11810,10192,247421,"true"
8,1,"0.0","0.0",1,2,36,8,0,8,0,"16.0","1.0",0,0,"8.0",0,0,0,0,2,0,0,17,"2.0",0,0,17,14,"0.0","1.0",331,331,0,0.17948717948718,5,1,17,"0.0",35,0.950892857142857,"0.75",35,2.05882352941176,2.05882352941176,48,640,2,19667,781,69,960,103,11810,10192,247421,"true"
7,0,"1.0","1.0",0,2,25,3,0,10,0,"11.0","0.0",2,6,"0.0",0,3,0,0.666666666666667,7,68,0,213,"7.0",19,27,145,59,"56.0","2.0",4827,3636,34819,0.0223816355810617,8,46,373,"2.0",576,0.98433002878158,"0.623762376237624",447,2.70422535211268,3.08275862068966,46,1076,5,33993,1556,69,960,103,11810,10192,247421,"true"
7,0,"1.0","1.0",0,3,24,3,0,10,0,"11.0","0.0",2,6,"0.0",0,3,0,0.666666666666667,7,70,0,222,"6.0",18,28,152,62,"57.0","2.0",5381,4111,44777,0.0220386872419039,5,43,384,"2.0",682,0.983360093417019,"0.63768115942029",539,3.07207207207207,3.54605263157895,46,1076,5,33993,1556,69,960,103,11810,10192,247421,"true"
2,10,"0.0","0.0",11,1,4,1,0,2,0,"4.0","1.0",0,0,"2.0",0,0,0,0,3,2,0,23,"3.0",3,2,21,4,"0.0","1.0",296,282,218,0.736842105263158,0,4,39,"1.0",51,0.670454545454545,"0.91304347826087",49,2.21739130434783,2.33333333333333,31,348,12,5792,436,21,1093,80,8798,7670,126255,"false"
0,0,"0.0","0.0",0,1,2,1,0,0,0,"0.0","0.0",0,0,"0.0",0,0,0,0,3,1,0,18,"0.0",2,6,17,15,"517.0","5.0",236,231,204,0.00952380952380952,0,8,28,"0.0",40,0.984313725490196,"0.9375",39,2.22222222222222,2.29411764705882,64,260,0,5974,288,21,1093,80,8798,7670,126255,"false"
0,0,"0.0","0.0",0,1,3,1,0,0,0,"0.0","0.0",1,2,"0.0",0,1,0,1,1,0,0,1,"0.0",0,1,1,0,"0.0","1.0",6,6,4,1,0,1,2,"0.0",1,0,"1.0",1,1,1,103,748,11,17025,928,21,1093,80,8798,7670,126255,"false"
0,1,"0.0","0.0",1,1,3,1,0,0,0,"1.0","1.0",0,0,"1.0",0,0,0,0,0,7,3,33,"0.0",17,17,26,9,"0.0","1.0",753,705,1110,0.103896103896104,0,18,82,"1.0",96,0.923611111111111,"0.758620689655172",87,2.90909090909091,3.34615384615385,103,748,11,17025,928,21,1093,80,8798,7670,126255,"false"
1,0,"0.0","0.0",0,1,3,1,0,1,0,"0.0","0.0",0,0,"0.0",0,0,0,0,1,2,0,14,"2.0",0,0,12,3,"0.0","1.0",88,78,0,0.136363636363636,0,1,14,"0.0",28,0.871794871794872,"0.857142857142857",26,2,2.16666666666667,72,783,8,11259,840,21,1093,80,8798,7670,126255,"false"
0,0,"0.0","0.0",0,1,6,2,0,1,0,"3.0","1.0",1,2,"2.0",0,1,0,1,0,0,0,16,"1.0",0,2,16,4,"0.0","1.0",114,114,50,0.285714285714286,0,4,22,"0.0",23,0.783333333333333,"1.0",23,1.4375,1.4375,72,783,8,11259,840,21,1093,80,8798,7670,126255,"false"
1,0,"0.0","0.0",0,1,3,1,0,1,0,"2.0","1.0",0,0,"1.0",0,0,0,0,1,2,4,35,"6.0",24,13,33,32,"31.0","2.0",1121,1112,1976,0.148148148148148,0,22,120,"0.0",147,0.953125,"0.888888888888889",145,4.2,4.39393939393939,168,690,0,21327,989,21,1093,80,8798,7670,126255,"false"
0,0,"0.0","0.0",0,1,6,2,0,1,0,"2.0","1.0",0,0,"1.0",0,0,0,0,0,2,0,10,"4.0",10,9,8,2,"33.0","2.0",189,173,246,1,0,21,75,"0.0",40,0.666666666666667,"0.833333333333333",37,4,4.625,168,690,0,21327,989,21,1093,80,8798,7670,126255,"false"
1,0,"0.0","0.0",0,1,3,1,0,1,0,"2.0","1.0",0,0,"1.0",0,0,0,0,0,11,4,25,"6.0",7,7,14,13,"31.0","2.0",399,338,247,0.206521739130435,0,12,80,"0.0",67,0.894230769230769,"0.541666666666667",55,2.68,3.92857142857143,168,690,0,21327,989,21,1093,80,8798,7670,126255,"false"
0,0,"0.0","0.0",0,3,18,5,0,2,0,"4.0","1.0",0,0,"2.0",0,0,0,0,2,15,4,41,"7.0",17,13,26,17,"30.0","2.0",931,829,2032,0.102272727272727,1,18,136,"0.0",153,0.913235294117647,"0.53125",130,3.73170731707317,5,168,690,0,21327,989,21,1093,80,8798,7670,126255,"false"
0,0,"0.0","0.0",0,1,7,3,0,1,0,"5.0","1.0",0,0,"4.0",0,0,0,0,0,1,0,14,"1.0",3,0,13,9,"1.0","2.0",125,120,0,0.654545454545455,4,1,15,"0.0",32,0.709401709401709,"0.6875",31,2.28571428571429,2.38461538461538,168,690,0,21327,989,21,1093,80,8798,7670,126255,"false"
1,0,"0.0","0.0",0,1,3,1,0,1,0,"1.0","0.0",0,0,"0.0",0,0,0,0,1,0,0,3,"0.0",0,2,3,0,"0.0","1.0",16,16,12,0,0,3,5,"0.0",3,0,"1.0",3,1,1,17,78,2,1677,87,21,1093,80,8798,7670,126255,"false"
1,0,"0.0","0.0",0,1,3,1,0,1,0,"2.0","1.0",0,0,"1.0",0,0,0,0,0,4,0,12,"0.0",0,2,8,3,"3.0","2.0",111,91,102,0.392857142857143,0,6,23,"0.0",24,0.848484848484848,"0.636363636363636",20,2,2.5,5,28,0,472,39,21,1093,80,8798,7670,126255,"false"
5,0,"0.0","0.0",0,1,9,1,0,5,0,"15.0","1.0",0,0,"6.0",0,0,0,0,0,0,0,7,"4.0",2,5,7,1,"27.0","2.0",55,55,51,0.5,0,31,73,"0.0",12,0.666666666666667,"1.0",12,1.71428571428571,1.71428571428571,7,42,1,398,47,21,1093,80,8798,7670,126255,"true"
3,0,"14.0","7.0",0,5,145,39,0,18,0,"36.0","0.222222222222222",13,48,"4.0",0,32,0,0.40625,0,0,0,12,"2.0",22,14,12,1,"19.0","2.0",329,329,785,0.0476190476190476,0,20,89,"0.0",74,0.818181818181818,"1.0",74,6.16666666666667,6.16666666666667,45,313,0,8348,385,21,1093,80,8798,7670,126255,"false"
4,0,"10.0","5.0",0,1,11,2,0,6,0,"19.0","0.166666666666667",5,14,"2.0",0,10,0,0.5,0,1,2,22,"0.0",29,18,21,9,"0.0","1.0",715,703,3136,0.484848484848485,0,20,77,"0.0",84,0.80952380952381,"0.888888888888889",83,3.81818181818182,3.95238095238095,45,313,0,8348,385,21,1093,80,8798,7670,126255,"false"
3,0,"4.0","1.0",0,2,20,4,0,4,0,"21.0","0.692307692307692",4,8,"9.0",0,8,0,0.5,3,20,5,74,"9.0",49,19,54,51,"28.0","2.0",1770,1616,7157,0.0720779220779221,0,25,189,"0.0",301,0.968036529680365,"0.678571428571429",266,4.06756756756757,4.92592592592593,45,313,0,8348,385,21,1093,80,8798,7670,126255,"false"
3,0,"0.0","0.0",0,1,3,1,0,3,0,"5.0","1.0",0,0,"2.0",0,0,0,0,0,0,0,9,"0.0",0,0,9,12,"0.0","1.0",102,102,0,0.222222222222222,7,0,9,"0.0",11,0.864583333333333,"0.5625",11,1.22222222222222,1.22222222222222,31,348,12,5792,436,21,1093,80,8798,7670,126255,"true"
3,0,"0.0","0.0",0,2,10,2,0,4,0,"5.0","1.0",1,2,"1.0",0,1,0,1,4,1,4,24,"0.0",4,19,23,12,"0.0","1.0",768,760,1078,0.287878787878788,0,16,64,"0.0",101,0.898550724637681,"1.0",99,4.20833333333333,4.30434782608696,103,748,11,17025,928,21,1093,80,8798,7670,126255,"false"
4,0,"0.0","0.0",0,1,7,2,0,5,0,"6.0","1.0",2,4,"1.0",0,2,0,1,0,0,0,15,"0.0",2,5,15,4,"0.0","1.0",98,98,134,0.41025641025641,0,5,26,"0.0",22,0.75,"1.0",22,1.46666666666667,1.46666666666667,103,748,11,17025,928,21,1093,80,8798,7670,126255,"false"
3,0,"0.0","0.0",0,3,16,3,0,5,0,"9.0","1.0",0,0,"4.0",0,0,0,0,0,0,0,9,"2.0",0,4,9,9,"3.0","2.0",98,98,32,0.3,0,4,15,"0.0",14,0.819444444444444,"1.0",14,1.55555555555556,1.55555555555556,103,748,11,17025,928,21,1093,80,8798,7670,126255,"false"
5,0,"0.0","0.0",0,1,9,1,0,5,0,"11.0","1.0",0,0,"5.0",0,0,0,0,1,0,0,10,"1.0",2,7,10,0,"36.0","2.0",325,325,286,0,0,14,83,"0.0",60,0,"1.0",60,6,6,103,748,11,17025,928,21,1093,80,8798,7670,126255,"true"
4,1,"1.0","1.0",1,2,19,6,0,6,0,"8.0","0.666666666666667",1,4,"2.0",0,2,0,0.5,1,3,1,20,"1.0",8,8,17,11,"0.0","1.0",401,379,790,0.183823529411765,0,8,48,"1.0",74,0.913875598086124,"1.0",69,3.7,4.05882352941176,103,748,11,17025,928,21,1093,80,8798,7670,126255,"false"
6,0,"0.0","0.0",0,1,7,1,0,6,0,"6.0","1.0",1,3,"1.0",0,1,0,1,1,10,3,46,"2.0",14,12,36,5,"29.0","2.0",545,492,2913,0.0573170731707317,0,37,166,"1.0",105,0.924444444444445,"0.777777777777778",90,2.28260869565217,2.5,103,748,11,17025,928,21,1093,80,8798,7670,126255,"true"
4,1,"0.0","0.0",1,1,4,1,0,4,0,"5.0","1.0",1,2,"1.0",0,1,0,1,1,0,0,9,"0.0",1,4,9,5,"0.0","1.0",220,220,142,1,0,7,25,"0.0",40,0.9,"1.0",40,4.44444444444444,4.44444444444444,103,748,11,17025,928,21,1093,80,8798,7670,126255,"false"
6,0,"0.0","0.0",0,1,8,1,0,6,0,"12.0","1.0",0,0,"6.0",0,0,0,0,0,0,5,21,"0.0",0,3,21,10,"0.0","1.0",787,787,162,0.0350877192982456,0,0,25,"0.0",86,0.97,"1.0",86,4.0952380952381,4.0952380952381,72,783,8,11259,840,21,1093,80,8798,7670,126255,"true"
4,0,"0.0","0.0",0,1,9,1,0,4,0,"4.0","0.0",0,0,"0.0",0,0,0,0,1,0,1,21,"0.0",0,2,21,14,"23.0","2.0",425,425,108,0.2,1,1,25,"0.0",68,0.964285714285714,"0.9",68,3.23809523809524,3.23809523809524,72,783,8,11259,840,21,1093,80,8798,7670,126255,"true"
3,0,"9.0","3.0",0,3,63,21,0,4,0,"25.0","0.608695652173913",0,0,"14.0",0,0,0,0,0,0,0,15,"2.0",9,3,15,14,"15.0","2.0",150,150,78,0.131868131868132,0,3,18,"0.0",38,0.933673469387755,"1.0",38,2.53333333333333,2.53333333333333,168,690,0,21327,989,21,1093,80,8798,7670,126255,"true"
3,0,"1.0","1.0",0,2,17,6,0,7,0,"12.0","0.8",5,19,"4.0",0,9,0,0.555555555555556,0,2,0,13,"6.0",11,9,11,5,"51.0","3.0",214,199,635,0.666666666666667,0,32,131,"0.0",49,0.8,"0.818181818181818",45,3.76923076923077,4.09090909090909,168,690,0,21327,989,21,1093,80,8798,7670,126255,"false"
4,1,"0.0","0.0",1,1,4,1,0,4,0,"5.0","1.0",0,1,"1.0",0,0,0,0,0,0,0,3,"1.0",2,2,3,1,"6.0","2.0",25,25,20,1,0,9,16,"0.0",5,0.5,"1.0",5,1.66666666666667,1.66666666666667,39,311,1,6940,384,21,1093,80,8798,7670,126255,"false"
3,1,"0.0","0.0",1,3,33,10,0,5,0,"7.0","0.5",1,8,"1.0",0,4,0,0.25,0,16,6,45,"0.0",1,11,29,29,"0.0","1.0",948,868,728,0.0473118279569892,11,10,72,"0.0",139,0.972570532915361,"0.41304347826087",123,3.08888888888889,4.24137931034483,39,311,1,6940,384,21,1093,80,8798,7670,126255,"false"
13,0,"3.0","1.0",0,3,47,8,0,16,0,"30.0","0.5",4,18,"3.0",0,17,0,0.235294117647059,0,0,1,3,"0.0",3,4,3,3,"0.0","1.0",136,136,72,1,0,4,20,"0.0",25,1,"1.0",25,8.33333333333333,8.33333333333333,64,260,0,5974,288,21,1093,80,8798,7670,126255,"true"
8,0,"2.0","1.0",0,1,18,4,0,8,0,"20.0","0.75",2,4,"6.0",0,5,0,0.4,2,5,1,29,"8.0",7,8,24,18,"5.0","2.0",642,593,998,0.16304347826087,0,9,68,"0.0",82,0.952380952380952,"0.833333333333333",72,2.82758620689655,3,64,260,0,5974,288,21,1093,80,8798,7670,126255,"true"
10,0,"0.0","0.0",0,2,140,8,0,26,0,"52.0","1.0",6,26,"17.0",0,19,0,0.315789473684211,1,1,5,9,"0.0",0,7,8,17,"522.0","5.0",430,423,338,0.333333333333333,0,5,37,"0.0",51,0.860294117647059,"1.0",48,5.66666666666667,6,64,260,0,5974,288,21,1093,80,8798,7670,126255,"true"
9,1,"0.0","0.0",1,1,25,3,0,9,0,"17.0","1.0",4,10,"8.0",0,5,0,0.8,0,13,4,23,"0.0",1,12,10,18,"0.0","1.0",737,644,984,0.110526315789474,0,9,52,"0.0",50,0.954545454545455,"0.428571428571429",31,2.17391304347826,3.1,103,748,11,17025,928,21,1093,80,8798,7670,126255,"true"
7,0,"0.0","0.0",0,1,12,1,0,7,0,"16.0","1.0",0,0,"8.0",0,0,0,0,1,0,0,10,"1.0",2,7,10,0,"36.0","2.0",325,325,286,0,0,14,83,"0.0",60,0,"1.0",60,6,6,103,748,11,17025,928,21,1093,80,8798,7670,126255,"true"
7,0,"0.0","0.0",0,1,5,1,0,7,0,"7.0","0.0",0,0,"0.0",0,0,0,0,1,10,3,46,"2.0",14,12,36,5,"29.0","2.0",545,492,2913,0.0573170731707317,0,37,166,"1.0",105,0.924444444444445,"0.777777777777778",90,2.28260869565217,2.5,103,748,11,17025,928,21,1093,80,8798,7670,126255,"true"
8,0,"0.0","0.0",0,1,7,1,0,9,0,"9.0","0.0",2,4,"0.0",0,2,0,1,1,10,3,46,"2.0",14,12,36,5,"29.0","2.0",545,492,2913,0.0573170731707317,0,37,166,"1.0",105,0.924444444444445,"0.777777777777778",90,2.28260869565217,2.5,103,748,11,17025,928,21,1093,80,8798,7670,126255,"true"
7,0,"0.0","0.0",0,1,6,1,0,8,0,"8.0","0.0",2,4,"0.0",0,2,0,1,1,10,3,46,"2.0",14,12,36,5,"29.0","2.0",545,492,2913,0.0573170731707317,0,37,166,"1.0",105,0.924444444444445,"0.777777777777778",90,2.28260869565217,2.5,103,748,11,17025,928,21,1093,80,8798,7670,126255,"true"
7,0,"1.0","1.0",0,1,7,2,0,8,0,"9.0","0.0",1,4,"0.0",0,2,0,0.5,1,10,3,46,"2.0",14,12,36,5,"29.0","2.0",545,492,2913,0.0573170731707317,0,37,166,"1.0",105,0.924444444444445,"0.777777777777778",90,2.28260869565217,2.5,103,748,11,17025,928,21,1093,80,8798,7670,126255,"true"
7,0,"0.0","0.0",0,1,14,1,0,7,0,"16.0","1.0",0,0,"8.0",0,0,0,0,1,14,12,27,"2.0",4,14,13,19,"35.0","2.0",1469,1413,542,0.0904761904761905,0,15,103,"0.0",99,0.951417004048583,"0.391304347826087",85,3.66666666666667,6.53846153846154,103,748,11,17025,928,21,1093,80,8798,7670,126255,"true"
8,1,"0.0","0.0",1,1,16,2,0,8,0,"17.0","1.0",0,0,"8.0",0,0,0,0,1,14,12,27,"2.0",4,14,13,19,"35.0","2.0",1469,1413,542,0.0904761904761905,0,15,103,"0.0",99,0.951417004048583,"0.391304347826087",85,3.66666666666667,6.53846153846154,103,748,11,17025,928,21,1093,80,8798,7670,126255,"true"
7,0,"0.0","0.0",0,1,4,1,0,7,0,"7.0","0.0",0,0,"0.0",0,0,0,0,1,2,0,7,"0.0",0,1,5,1,"68.0","3.0",47,37,4,1,0,1,8,"0.0",8,0.666666666666667,"0.666666666666667",6,1.14285714285714,1.2,72,783,8,11259,840,21,1093,80,8798,7670,126255,"true"
7,0,"0.0","0.0",0,1,5,1,0,7,0,"8.0","1.0",0,0,"1.0",0,0,0,0,0,0,5,21,"0.0",0,3,21,10,"0.0","1.0",787,787,162,0.0350877192982456,0,0,25,"0.0",86,0.97,"1.0",86,4.0952380952381,4.0952380952381,72,783,8,11259,840,21,1093,80,8798,7670,126255,"true"
0,2,"2.0","1.0",2,1,7,1,0,1,0,"8.0","0.666666666666667",2,4,"4.0",0,3,0,0.666666666666667,2,6,22,33,"1.0",20,32,27,37,"521.0","5.0",853,787,2464,0.25,0,25,114,"0.0",79,0.907094594594595,"0.333333333333333",69,2.39393939393939,2.55555555555556,153,193,0,6579,256,4,190,3,713,563,9457,"false"
1,0,"0.0","0.0",0,1,1,1,0,1,0,"2.0","1.0",0,0,"1.0",0,0,0,0,1,22,0,33,"13.0",0,1,11,10,"57.0","3.0",150,84,14,0.173789173789174,0,1,35,"0.0",48,0.86875,"0.214285714285714",26,1.45454545454545,2.36363636363636,153,193,0,6579,256,4,190,3,713,563,9457,"false"
0,2,"2.0","1.0",2,1,3,1,0,0,0,"5.0","0.5",1,0,"2.0",0,1,0,1,0,2,14,13,"0.0",13,16,11,26,"522.0","5.0",459,435,372,0.8,0,4,47,"0.0",16,0.903846153846154,"0.333333333333333",14,1.23076923076923,1.27272727272727,153,193,0,6579,256,4,190,3,713,563,9457,"false"
0,2,"0.0","0.0",2,2,10,2,0,1,0,"3.0","1.0",1,2,"3.0",0,1,0,1,0,2,14,13,"0.0",13,16,11,26,"522.0","5.0",459,435,372,0.8,0,4,47,"0.0",16,0.903846153846154,"0.333333333333333",14,1.23076923076923,1.27272727272727,153,193,0,6579,256,4,190,3,713,563,9457,"false"
0,1,"0.0","0.0",1,1,7,1,0,0,0,"2.0","1.0",0,0,"2.0",0,0,0,0,1,0,2,3,"0.0",0,1,3,9,"539.0","6.0",153,153,4,1,0,1,4,"0.0",4,0.944444444444444,"1.0",4,1.33333333333333,1.33333333333333,153,193,0,6579,256,4,190,3,713,563,9457,"false"
0,1,"0.0","0.0",0,2,7,2,0,1,0,"1.0","0.0",0,0,"0.0",0,0,0,0,1,3,5,11,"0.0",7,8,8,14,"522.0","5.0",297,264,92,0,4,5,24,"0.0",26,0.9,"0.142857142857143",20,2.36363636363636,2.5,153,193,0,6579,256,4,190,3,713,563,9457,"false"
0,0,"1.0","1.0",0,1,3,1,0,0,0,"2.0","0.5",1,0,"1.0",0,1,0,1,1,1,0,8,"0.0",2,1,7,2,"0.0","1.0",38,33,14,0.523809523809524,0,1,12,"0.0",8,0.642857142857143,"0.875",7,1,1,153,193,0,6579,256,4,190,3,713,563,9457,"false"
1,3,"2.0","2.0",3,1,10,1,1,2,2,"6.0","0.0",3,4,"0.0",0,4,2,0.75,1,5,0,14,"0.0",3,3,9,4,"0.0","1.0",94,66,62,0.109090909090909,0,3,21,"0.0",18,0.865384615384615,"0.615384615384615",12,1.28571428571429,1.33333333333333,13,73,1,1076,136,4,190,3,713,563,9457,"false"
1,1,"0.0","0.0",1,1,4,1,0,2,0,"3.0","0.0",0,0,"0.0",0,0,0,0,3,21,0,40,"1.0",3,5,19,17,"0.0","1.0",347,156,350,0.142857142857143,4,6,50,"0.0",58,0.965309200603318,"0.390243902439024",23,1.45,1.21052631578947,13,73,1,1076,136,4,190,3,713,563,9457,"false"
0,3,"0.0","0.0",3,1,3,1,0,0,0,"1.0","1.0",0,0,"1.0",0,0,0,0,0,6,0,14,"0.0",0,0,8,2,"0.0","1.0",87,36,0,0.846153846153846,0,0,14,"0.0",22,0.346153846153846,"0.571428571428571",8,1.57142857142857,1,17,56,1,874,74,4,190,3,713,563,9457,"false"
2,0,"0.0","0.0",0,1,3,1,0,2,0,"0.0","0.0",0,0,"0.0",0,0,0,0,1,1,8,7,"0.0",1,9,6,1,"0.0","1.0",133,122,112,0,0,1,16,"8.0",30,0.833333333333333,"1.0",27,4.28571428571429,4.5,17,56,1,874,74,4,190,3,713,563,9457,"false"
5,0,"0.0","0.0",0,2,18,3,0,6,0,"5.0","1.0",0,0,"1.0",0,0,0,0,1,0,0,2,"0.0",0,0,2,1,"547.0","5.0",26,26,0,1,0,0,2,"0.0",4,1,"1.0",4,2,2,153,193,0,6579,256,4,190,3,713,563,9457,"true"
3,3,"0.0","0.0",3,1,13,1,0,3,0,"9.0","1.0",0,0,"6.0",0,0,0,0,0,0,5,8,"0.0",4,4,8,11,"539.0","6.0",178,178,40,0.466666666666667,0,2,12,"0.0",10,0.896103896103896,"1.0",10,1.25,1.25,153,193,0,6579,256,4,190,3,713,563,9457,"false"
5,0,"0.0","0.0",0,2,38,5,0,7,0,"6.0","1.0",1,4,"1.0",0,2,0,0.5,1,0,0,2,"0.0",0,1,2,1,"547.0","5.0",46,46,8,1,0,2,4,"0.0",6,1,"1.0",6,3,3,153,193,0,6579,256,4,190,3,713,563,9457,"true"
4,0,"3.0","2.0",0,4,30,5,0,8,0,"10.0","0.0",3,4,"0.0",0,5,0,0.6,1,3,7,13,"0.0",7,10,10,20,"522.0","5.0",473,441,136,0,6,8,29,"0.0",34,0.933333333333333,"0.111111111111111",29,2.61538461538462,2.9,153,193,0,6579,256,4,190,3,713,563,9457,"false"
3,1,"0.0","0.0",1,1,5,1,0,3,0,"6.0","1.0",0,0,"3.0",0,0,0,0,1,1,0,11,"0.0",1,2,10,3,"0.0","1.0",69,64,106,0.2,0,3,16,"0.0",20,0.8,"0.909090909090909",19,1.81818181818182,1.9,153,193,0,6579,256,4,190,3,713,563,9457,"false"
3,1,"0.0","0.0",1,1,10,1,0,3,0,"5.0","1.0",1,2,"2.0",0,1,0,1,1,2,4,7,"0.0",3,4,5,4,"522.0","5.0",132,112,24,0.5,0,5,16,"0.0",8,0.708333333333333,"0.5",6,1.14285714285714,1.2,153,193,0,6579,256,4,190,3,713,563,9457,"false"
4,1,"2.0","2.0",1,2,27,2,0,4,0,"17.0","0.846153846153846",1,2,"11.0",0,2,0,0.5,0,0,5,9,"0.0",4,7,9,19,"539.0","6.0",286,286,152,1,0,3,19,"0.0",14,0.842105263157895,"1.0",14,1.55555555555556,1.55555555555556,153,193,0,6579,256,4,190,3,713,563,9457,"true"
3,1,"1.0","1.0",1,1,15,1,0,3,0,"12.0","0.875",3,2,"7.0",0,3,0,1,0,0,4,7,"0.0",3,8,7,20,"539.0","6.0",200,200,84,1,0,6,19,"0.0",9,0.941666666666667,"1.0",9,1.28571428571429,1.28571428571429,153,193,0,6579,256,4,190,3,713,563,9457,"false"
3,0,"6.0","3.0",0,2,31,8,0,7,0,"22.0","0.333333333333333",5,8,"3.0",0,9,0,0.555555555555556,0,1,0,9,"0.0",6,5,8,4,"16.0","2.0",77,44,54,0.285714285714286,0,7,25,"0.0",19,0.8125,"0.888888888888889",11,2.11111111111111,1.375,153,193,0,6579,256,4,190,3,713,563,9457,"false"
5,0,"15.0","3.0",0,2,17,2,0,6,0,"25.0","0.0",1,0,"0.0",0,5,0,0.2,1,0,0,1,"0.0",15,1,1,0,"0.0","1.0",20,20,0,1,0,5,6,"0.0",2,0,"1.0",2,2,2,153,193,0,6579,256,4,190,3,713,563,9457,"true"
4,1,"0.0","0.0",1,1,26,9,0,4,0,"4.0","0.0",0,0,"0.0",0,0,0,0,1,4,0,19,"0.0",6,3,15,3,"0.0","1.0",161,117,68,0.0955882352941176,0,4,28,"0.0",31,0.851851851851852,"0.777777777777778",24,1.63157894736842,1.6,17,56,1,874,74,4,190,3,713,563,9457,"false"
3,0,"0.0","0.0",0,1,13,1,0,3,0,"4.0","1.0",0,0,"1.0",0,0,0,0,1,4,0,19,"0.0",6,3,15,3,"0.0","1.0",161,117,68,0.0955882352941176,0,4,28,"0.0",31,0.851851851851852,"0.777777777777778",24,1.63157894736842,1.6,17,56,1,874,74,4,190,3,713,563,9457,"false"
3,4,"0.0","0.0",6,1,7,1,0,3,0,"2.0","0.0",0,0,"0.0",0,0,0,0,0,0,0,3,"0.0",0,1,3,0,"28.0","2.0",20,20,4,0,0,1,4,"2.0",3,0,"1.0",3,1,1,17,56,1,874,74,4,190,3,713,563,9457,"false"
3,0,"7.0","2.0",0,3,77,16,0,7,0,"19.0","0.0",5,12,"0.0",0,12,0,0.416666666666667,1,0,3,22,"0.0",25,15,22,4,"0.0","1.0",603,603,892,0.333333333333333,0,15,69,"0.0",114,0.964285714285714,"1.0",114,5.18181818181818,5.18181818181818,7,32,1,928,32,4,190,3,713,563,9457,"false"
5,0,"6.0","5.0",0,2,19,2,1,8,2,"15.0","0.0",6,6,"0.0",0,9,2,0.666666666666667,1,0,3,22,"0.0",25,15,22,4,"0.0","1.0",603,603,892,0.333333333333333,0,15,69,"0.0",114,0.964285714285714,"1.0",114,5.18181818181818,5.18181818181818,7,32,1,928,32,4,190,3,713,563,9457,"true"
3,0,"4.0","3.0",0,1,12,2,1,5,2,"10.0","0.0",3,0,"0.0",0,4,2,0.75,1,0,3,22,"0.0",25,15,22,4,"0.0","1.0",603,603,892,0.333333333333333,0,15,69,"0.0",114,0.964285714285714,"1.0",114,5.18181818181818,5.18181818181818,7,32,1,928,32,4,190,3,713,563,9457,"false"
3,0,"2.0","1.0",0,1,4,1,0,4,0,"8.0","0.333333333333333",1,0,"1.0",0,1,0,1,1,0,3,22,"0.0",25,15,22,4,"0.0","1.0",603,603,892,0.333333333333333,0,15,69,"0.0",114,0.964285714285714,"1.0",114,5.18181818181818,5.18181818181818,7,32,1,928,32,4,190,3,713,563,9457,"false"
5,0,"3.0","2.0",0,3,40,6,0,12,0,"16.0","0.0",4,6,"0.0",0,5,0,0.8,1,0,3,22,"0.0",25,15,22,4,"0.0","1.0",603,603,892,0.333333333333333,0,15,69,"0.0",114,0.964285714285714,"1.0",114,5.18181818181818,5.18181818181818,7,32,1,928,32,4,190,3,713,563,9457,"true"
3,0,"12.0","2.0",0,5,66,13,0,10,0,"21.0","0.0769230769230769",4,6,"1.0",0,13,0,0.307692307692308,1,0,3,22,"0.0",25,15,22,4,"0.0","1.0",603,603,892,0.333333333333333,0,15,69,"0.0",114,0.964285714285714,"1.0",114,5.18181818181818,5.18181818181818,7,32,1,928,32,4,190,3,713,563,9457,"false"
3,0,"2.0","2.0",0,2,15,2,0,4,0,"6.0","0.0",4,4,"0.0",0,4,0,1,1,0,3,22,"0.0",25,15,22,4,"0.0","1.0",603,603,892,0.333333333333333,0,15,69,"0.0",114,0.964285714285714,"1.0",114,5.18181818181818,5.18181818181818,7,32,1,928,32,4,190,3,713,563,9457,"false"
7,0,"2.0","1.0",0,3,28,4,0,10,0,"11.0","0.0",0,0,"0.0",0,0,0,0,0,0,0,1,"0.0",2,0,1,0,"576.0","6.0",32,32,0,1,0,4,1,"0.0",4,0,"1.0",4,4,4,153,193,0,6579,256,4,190,3,713,563,9457,"true"
7,0,"5.0","2.0",0,3,32,5,0,10,0,"15.0","0.0",1,0,"0.0",0,2,0,0.5,0,0,0,1,"0.0",5,1,1,0,"576.0","6.0",35,35,0,1,0,3,3,"0.0",5,0,"1.0",5,5,5,153,193,0,6579,256,4,190,3,713,563,9457,"true"
1,0,"0.0","0.0",0,1,3,1,0,1,0,"2.0","1.0",0,0,"1.0",0,0,0,0,0,13,3,30,"0.0",4,8,17,8,"0.0","1.0",450,340,536,0.194805194805195,0,8,40,"0.0",64,0.883620689655172,"0.380952380952381",50,2.13333333333333,2.94117647058824,59,763,1,14143,1136,133,2330,131,19618,13899,299402,"false"
1,0,"0.0","0.0",0,2,10,3,0,3,0,"3.0","0.0",0,0,"0.0",0,0,0,0,0,10,0,48,"3.0",18,15,38,8,"47.0","2.0",446,385,2834,0.184668989547038,0,16,82,"0.0",73,0.901595744680851,"0.785714285714286",62,1.52083333333333,1.63157894736842,59,763,1,14143,1136,133,2330,131,19618,13899,299402,"false"
0,1,"0.0","0.0",1,2,18,3,0,2,0,"2.0","1.0",1,2,"1.0",0,1,0,1,1,24,1,92,"0.0",62,43,68,20,"10.0","2.0",1616,1163,11416,0.497297297297297,7,67,265,"1.0",217,0.957142857142857,"0.674418604651163",147,2.35869565217391,2.16176470588235,59,763,1,14143,1136,133,2330,131,19618,13899,299402,"false"
0,0,"0.0","0.0",0,1,3,1,0,0,0,"2.0","1.0",1,2,"2.0",0,1,0,1,0,9,0,23,"2.0",1,9,14,27,"8.0","4.0",308,241,1452,0.39047619047619,13,14,70,"0.0",40,0.962962962962963,"0.241379310344828",31,1.73913043478261,2.21428571428571,154,1112,3,20586,1786,133,2330,131,19618,13899,299402,"false"
0,0,"0.0","0.0",0,1,5,1,0,0,0,"0.0","0.0",0,0,"0.0",0,0,0,0,0,3,0,9,"2.0",0,4,6,4,"9.0","4.0",81,55,162,0.142857142857143,1,8,35,"0.0",12,0.9375,"0.555555555555556",9,1.33333333333333,1.5,154,1112,3,20586,1786,133,2330,131,19618,13899,299402,"false"
1,1,"0.0","0.0",1,1,3,1,0,1,0,"2.0","1.0",0,0,"1.0",0,0,0,0,0,3,0,6,"0.0",0,2,3,3,"0.0","1.0",30,15,16,0.666666666666667,1,2,8,"0.0",6,0.866666666666667,"0.333333333333333",3,1,1,48,335,0,6879,703,133,2330,131,19618,13899,299402,"false"
0,0,"0.0","0.0",0,1,4,1,0,0,0,"1.0","1.0",0,0,"1.0",0,0,0,0,0,21,0,33,"2.0",0,5,12,23,"9.0","4.0",371,151,758,0.32258064516129,10,9,60,"0.0",33,0.959239130434783,"0.261904761904762",12,1,1,48,335,0,6879,703,133,2330,131,19618,13899,299402,"false"
2,0,"0.0","0.0",0,2,8,2,0,4,0,"5.0","1.0",0,1,"1.0",0,0,0,0,0,2,1,18,"5.0",0,5,16,7,"15.0","2.0",256,226,433,0.686274509803922,6,7,46,"0.0",47,0.882352941176471,"0.666666666666667",42,2.61111111111111,2.625,38,208,2,5566,383,133,2330,131,19618,13899,299402,"false"
1,6,"1.0","1.0",8,1,10,1,0,3,0,"6.0","0.666666666666667",1,2,"2.0",0,2,0,0.5,1,16,0,107,"0.0",125,57,91,20,"0.0","1.0",2218,1997,17110,0.220120724346076,0,69,310,"0.0",311,0.950471698113208,"0.791666666666667",275,2.90654205607477,3.02197802197802,22,253,1,5906,345,133,2330,131,19618,13899,299402,"false"
0,1,"0.0","0.0",2,2,6,2,0,0,0,"3.0","0.666666666666667",1,2,"2.0",0,1,0,1,0,1,1,9,"1.0",0,2,8,2,"0.0","1.0",68,63,34,0.642857142857143,0,1,11,"0.0",10,0.5625,"0.888888888888889",9,1.11111111111111,1.125,38,253,10,4401,270,133,2330,131,19618,13899,299402,"false"
0,0,"1.0","1.0",0,1,4,1,0,0,0,"1.0","0.0",0,1,"0.0",0,0,0,0,0,17,0,52,"0.0",25,8,35,1,"30.0","4.0",638,395,3864,0,1,20,140,"0.0",63,1.01960784313725,"0.647058823529412",38,1.21153846153846,1.08571428571429,35,265,0,7652,356,133,2330,131,19618,13899,299402,"false"
0,0,"1.0","1.0",0,1,4,1,0,0,0,"1.0","0.0",0,1,"0.0",0,0,0,0,0,18,0,56,"0.0",22,4,38,1,"30.0","4.0",720,498,4584,0,1,16,127,"0.0",58,1.01818181818182,"0.666666666666667",40,1.03571428571429,1.05263157894737,35,265,0,7652,356,133,2330,131,19618,13899,299402,"false"
0,0,"0.0","0.0",0,1,4,1,0,0,0,"1.0","1.0",0,0,"1.0",0,0,0,0,0,3,0,3,"3.0",0,0,0,4,"2.0","2.0",27,9,0,0,4,0,5,"0.0",3,1.125,"0.0",0,1,0,57,35,0,1905,40,133,2330,131,19618,13899,299402,"false"
4,0,"0.0","0.0",0,1,6,1,0,4,0,"0.0","0.0",0,0,"0.0",0,0,0,0,0,0,0,22,"18.0",0,0,22,0,"5.0","2.0",431,431,0,0,0,0,27,"0.0",22,0,"1.0",22,1,1,45,381,5,7829,395,133,2330,131,19618,13899,299402,"true"
3,1,"0.0","0.0",1,1,3,1,0,3,0,"2.0","0.0",0,0,"0.0",0,0,0,0,1,0,1,26,"0.0",0,1,26,0,"0.0","1.0",372,372,36,0,0,1,27,"0.0",31,0,"1.0",31,1.19230769230769,1.19230769230769,45,381,5,7829,395,133,2330,131,19618,13899,299402,"false"
3,0,"0.0","0.0",0,1,3,1,0,3,0,"1.0","0.0",0,0,"0.0",0,0,0,0,0,0,0,2,"0.0",0,0,2,0,"1.0","2.0",11,11,0,0,0,4,5,"0.0",2,0,"1.0",2,1,1,168,225,7,5489,227,133,2330,131,19618,13899,299402,"false"
6,0,"2.0","2.0",0,2,32,7,0,12,0,"14.0","0.0",3,6,"0.0",0,4,0,0.75,0,0,0,1,"0.0",2,3,1,0,"1.0","2.0",35,35,12,1,0,6,7,"0.0",7,0,"1.0",7,7,7,168,225,7,5489,227,133,2330,131,19618,13899,299402,"true"
3,3,"1.0","1.0",3,2,13,3,0,5,0,"6.0","0.0",1,2,"0.0",0,1,0,1,0,0,10,12,"0.0",5,17,12,0,"0.0","1.0",569,569,524,0,0,12,41,"0.0",48,0,"1.0",48,4,4,168,225,7,5489,227,133,2330,131,19618,13899,299402,"false"
4,0,"1.0","1.0",0,2,9,2,0,7,0,"8.0","0.0",2,2,"0.0",0,2,0,1,0,0,0,4,"0.0",2,3,4,1,"1.0","2.0",44,44,24,0,0,7,11,"0.0",9,1,"1.0",9,2.25,2.25,168,225,7,5489,227,133,2330,131,19618,13899,299402,"true"
3,0,"2.0","2.0",0,4,28,8,0,7,0,"7.0","0.0",2,4,"0.0",0,3,0,0.666666666666667,1,0,0,7,"0.0",2,5,7,0,"0.0","1.0",178,178,198,1,0,9,17,"0.0",39,0,"1.0",39,5.57142857142857,5.57142857142857,168,225,7,5489,227,133,2330,131,19618,13899,299402,"false"
4,0,"0.0","0.0",0,3,24,5,0,8,0,"8.0","0.0",0,0,"0.0",0,0,0,0,0,0,0,4,"0.0",2,3,4,0,"1.0","2.0",79,79,44,0,0,7,11,"0.0",13,0,"1.0",13,3.25,3.25,168,225,7,5489,227,133,2330,131,19618,13899,299402,"true"
3,0,"0.0","0.0",0,1,8,1,0,7,0,"8.0","0.0",0,0,"0.0",0,0,0,0,0,0,0,8,"0.0",1,5,8,0,"1.0","2.0",83,83,120,0,0,9,17,"0.0",14,0,"1.0",14,1.75,1.75,168,225,7,5489,227,133,2330,131,19618,13899,299402,"false"
4,1,"1.0","1.0",1,1,5,2,0,4,0,"2.0","0.5",1,4,"1.0",0,2,0,0.5,0,10,0,48,"3.0",18,15,38,8,"47.0","2.0",446,385,2834,0.184668989547038,0,16,82,"0.0",73,0.901595744680851,"0.785714285714286",62,1.52083333333333,1.63157894736842,59,763,1,14143,1136,133,2330,131,19618,13899,299402,"true"
3,0,"1.0","1.0",0,1,6,2,0,3,0,"2.0","0.5",1,4,"1.0",0,2,0,0.5,0,10,0,48,"3.0",18,15,38,8,"47.0","2.0",446,385,2834,0.184668989547038,0,16,82,"0.0",73,0.901595744680851,"0.785714285714286",62,1.52083333333333,1.63157894736842,59,763,1,14143,1136,133,2330,131,19618,13899,299402,"false"
3,0,"32.0","10.0",0,1,72,2,0,15,0,"63.0","0.0588235294117647",15,30,"2.0",0,34,0,0.441176470588235,0,3,2,21,"3.0",57,34,18,212,"23.0","4.0",819,798,1009,0.236363636363636,206,43,135,"0.0",73,1.04457547169811,"0.0324074074074074",70,3.47619047619048,3.88888888888889,154,1112,3,20586,1786,133,2330,131,19618,13899,299402,"false"
4,0,"0.0","0.0",0,2,12,3,0,4,0,"8.0","1.0",0,0,"4.0",0,0,0,0,0,0,0,9,"1.0",5,8,9,4,"0.0","1.0",271,271,16,0,0,12,21,"0.0",61,0.8125,"1.0",61,6.77777777777778,6.77777777777778,64,347,1,3566,432,133,2330,131,19618,13899,299402,"true"
3,0,"0.0","0.0",0,1,8,1,0,6,0,"6.0","1.0",1,6,"1.0",0,2,0,0.5,0,2,1,11,"2.0",0,6,9,3,"18.0","2.0",131,110,278,0.622222222222222,2,8,46,"0.0",15,0.8,"0.75",12,1.36363636363636,1.33333333333333,38,208,2,5566,383,133,2330,131,19618,13899,299402,"false"
3,0,"0.0","0.0",0,1,16,1,0,4,0,"10.0","1.0",2,8,"5.0",0,4,0,0.5,0,9,0,14,"2.0",0,4,5,6,"18.0","2.0",132,56,221,0.351648351648352,2,7,44,"0.0",15,0.794871794871795,"0.3125",6,1.07142857142857,1.2,38,208,2,5566,383,133,2330,131,19618,13899,299402,"false"
3,0,"0.0","0.0",0,2,31,3,0,4,0,"25.0","1.0",2,8,"17.0",0,4,0,0.5,0,14,0,21,"4.0",1,5,7,22,"22.0","3.0",244,153,331,0.3,6,9,61,"0.0",35,0.888636363636364,"0.230769230769231",16,1.66666666666667,2.28571428571429,38,208,2,5566,383,133,2330,131,19618,13899,299402,"false"
3,0,"0.0","0.0",0,1,10,1,0,6,0,"8.0","1.0",1,3,"4.0",0,1,0,1,0,9,0,14,"2.0",0,3,5,6,"18.0","2.0",133,56,191,0.351648351648352,2,6,43,"0.0",14,0.794871794871795,"0.3125",5,1,1,38,208,2,5566,383,133,2330,131,19618,13899,299402,"false"
3,1,"0.0","0.0",1,2,7,2,0,4,0,"5.0","1.0",1,2,"1.0",0,1,0,1,0,0,3,5,"0.0",0,2,5,1,"0.0","1.0",163,163,32,0.333333333333333,0,0,9,"0.0",7,0.5,"1.0",7,1.4,1.4,38,253,10,4401,270,133,2330,131,19618,13899,299402,"false"
4,7,"0.0","0.0",11,1,3,1,0,4,0,"4.0","0.0",0,1,"0.0",0,0,0,0,0,0,0,9,"0.0",1,4,9,1,"14.0","2.0",61,61,124,0.0666666666666667,1,6,35,"1.0",10,0.75,"0.888888888888889",10,1.11111111111111,1.11111111111111,17,124,0,2217,148,133,2330,131,19618,13899,299402,"true"
9,0,"0.0","0.0",0,1,7,1,0,9,0,"0.0","0.0",0,0,"0.0",0,0,0,0,0,0,0,22,"18.0",0,0,22,0,"5.0","2.0",431,431,0,0,0,0,27,"0.0",22,0,"1.0",22,1,1,45,381,5,7829,395,133,2330,131,19618,13899,299402,"true"
8,0,"0.0","0.0",0,1,7,1,0,8,0,"0.0","0.0",0,0,"0.0",0,0,0,0,0,0,0,22,"18.0",0,0,22,0,"5.0","2.0",431,431,0,0,0,0,27,"0.0",22,0,"1.0",22,1,1,45,381,5,7829,395,133,2330,131,19618,13899,299402,"true"
10,0,"0.0","0.0",0,1,8,1,0,10,0,"0.0","0.0",0,0,"0.0",0,0,0,0,0,0,0,22,"18.0",0,0,22,0,"5.0","2.0",431,431,0,0,0,0,27,"0.0",22,0,"1.0",22,1,1,45,381,5,7829,395,133,2330,131,19618,13899,299402,"true"
11,0,"1.0","1.0",0,1,11,2,0,11,0,"2.0","0.5",1,4,"1.0",0,2,0,0.5,0,10,0,48,"3.0",18,15,38,8,"47.0","2.0",446,385,2834,0.184668989547038,0,16,82,"0.0",73,0.901595744680851,"0.785714285714286",62,1.52083333333333,1.63157894736842,59,763,1,14143,1136,133,2330,131,19618,13899,299402,"true"
10,0,"1.0","1.0",0,1,9,2,0,10,0,"2.0","0.5",1,4,"1.0",0,2,0,0.5,0,10,0,48,"3.0",18,15,38,8,"47.0","2.0",446,385,2834,0.184668989547038,0,16,82,"0.0",73,0.901595744680851,"0.785714285714286",62,1.52083333333333,1.63157894736842,59,763,1,14143,1136,133,2330,131,19618,13899,299402,"true"
7,0,"0.0","0.0",0,1,4,1,0,7,0,"7.0","0.0",0,0,"0.0",0,0,0,0,0,10,0,48,"3.0",18,15,38,8,"47.0","2.0",446,385,2834,0.184668989547038,0,16,82,"0.0",73,0.901595744680851,"0.785714285714286",62,1.52083333333333,1.63157894736842,59,763,1,14143,1136,133,2330,131,19618,13899,299402,"true"
11,0,"1.0","1.0",0,1,7,2,0,11,0,"2.0","0.5",1,4,"1.0",0,2,0,0.5,0,21,0,81,"2.0",5,3,60,7,"85.0","3.0",539,408,2704,0.0125195618153365,0,3,102,"0.0",99,0.967857142857143,"0.808219178082192",76,1.22222222222222,1.26666666666667,59,763,1,14143,1136,133,2330,131,19618,13899,299402,"true"
7,0,"1.0","1.0",0,1,6,2,0,7,0,"2.0","0.5",1,4,"1.0",0,2,0,0.5,0,21,0,81,"2.0",5,3,60,7,"85.0","3.0",539,408,2704,0.0125195618153365,0,3,102,"0.0",99,0.967857142857143,"0.808219178082192",76,1.22222222222222,1.26666666666667,59,763,1,14143,1136,133,2330,131,19618,13899,299402,"true"
8,0,"0.0","0.0",0,1,20,1,0,8,0,"16.0","1.0",0,0,"8.0",0,0,0,0,1,13,0,20,"0.0",0,2,7,5,"10.0","2.0",221,102,147,0.191666666666667,0,3,34,"0.0",27,0.863157894736842,"0.277777777777778",14,1.35,2,59,763,1,14143,1136,133,2330,131,19618,13899,299402,"true"
15,1,"0.0","0.0",1,1,25,1,0,16,0,"32.0","1.0",2,6,"16.0",0,3,0,0.666666666666667,0,2,0,22,"2.0",6,9,20,20,"9.0","4.0",285,267,865,0.549450549450549,1,14,67,"0.0",31,0.942857142857143,"0.875",29,1.40909090909091,1.45,154,1112,3,20586,1786,133,2330,131,19618,13899,299402,"true"
2,0,"0.0","0.0",0,2,10,2,0,3,0,"5.0","1.0",0,0,"2.0",0,0,0,0,56,0,0,57,"0.0",0,0,57,2,"0.0","1.0",674,674,0,1,0,0,57,"0.0",113,0.0178571428571429,"1.0",113,1.98245614035088,1.98245614035088,29,219,5,3862,227,3,91,9,585,567,8432,"false"
2,0,"0.0","0.0",0,2,10,2,0,3,0,"5.0","1.0",0,0,"2.0",0,0,0,0,56,0,0,57,"0.0",0,0,57,2,"0.0","1.0",674,674,0,1,0,0,57,"0.0",113,0.0178571428571429,"1.0",113,1.98245614035088,1.98245614035088,29,219,5,3862,227,3,91,9,585,567,8432,"false"
0,0,"3.0","1.0",0,2,12,3,0,0,0,"3.0","0.0",2,4,"0.0",0,2,0,1,1,1,0,11,"0.0",6,3,10,3,"0.0","1.0",197,170,150,0,0,3,18,"0.0",29,1.1,"0.888888888888889",25,2.63636363636364,2.5,29,219,5,3862,227,3,91,9,585,567,8432,"false"
0,0,"0.0","0.0",0,1,5,1,0,1,0,"1.0","0.0",2,6,"0.0",0,3,0,0.666666666666667,2,0,8,34,"8.0",2,11,34,2,"21.0","3.0",787,787,1842,0,0,10,82,"0.0",75,1.03030303030303,"1.0",75,2.20588235294118,2.20588235294118,29,219,5,3862,227,3,91,9,585,567,8432,"false"
1,0,"0.0","0.0",0,1,3,1,0,1,0,"1.0","0.0",0,1,"0.0",0,0,0,0,3,0,2,24,"5.0",1,6,24,1,"24.0","3.0",375,375,1021,0,0,10,71,"0.0",45,1.04347826086957,"1.0",45,1.875,1.875,29,219,5,3862,227,3,91,9,585,567,8432,"false"
0,0,"0.0","0.0",0,1,5,1,0,0,0,"2.0","1.0",0,1,"2.0",0,0,0,0,3,0,2,24,"5.0",1,6,24,1,"24.0","3.0",375,375,1021,0,0,10,71,"0.0",45,1.04347826086957,"1.0",45,1.875,1.875,29,219,5,3862,227,3,91,9,585,567,8432,"false"
2,0,"0.0","0.0",0,3,38,3,0,19,0,"22.0","0.333333333333333",0,0,"2.0",0,0,0,0,0,0,1,9,"0.0",0,1,9,3,"0.0","1.0",429,429,2,1,0,0,10,"0.0",41,0.875,"1.0",41,4.55555555555556,4.55555555555556,2,9,0,429,9,3,91,9,585,567,8432,"false"
3,0,"0.0","0.0",0,1,3,1,0,3,0,"3.0","0.0",0,1,"0.0",0,0,0,0,2,0,8,34,"8.0",2,11,34,2,"21.0","3.0",787,787,1842,0,0,10,82,"0.0",75,1.03030303030303,"1.0",75,2.20588235294118,2.20588235294118,29,219,5,3862,227,3,91,9,585,567,8432,"false"
3,1,"1.0","1.0",2,2,18,3,0,6,0,"9.0","0.666666666666667",0,1,"2.0",0,0,0,0,2,0,8,34,"8.0",2,11,34,2,"21.0","3.0",787,787,1842,0,0,10,82,"0.0",75,1.03030303030303,"1.0",75,2.20588235294118,2.20588235294118,29,219,5,3862,227,3,91,9,585,567,8432,"false"
3,0,"0.0","0.0",0,1,3,1,0,3,0,"3.0","0.0",0,1,"0.0",0,0,0,0,3,0,2,24,"5.0",1,6,24,1,"24.0","3.0",375,375,1021,0,0,10,71,"0.0",45,1.04347826086957,"1.0",45,1.875,1.875,29,219,5,3862,227,3,91,9,585,567,8432,"false"
3,1,"3.0","1.0",1,1,5,1,0,3,0,"6.0","0.0",0,0,"0.0",0,0,0,0,1,2,0,8,"1.0",3,1,6,3,"0.0","1.0",52,42,8,0,0,2,8,"0.0",14,1.14285714285714,"1.0",12,1.75,2,29,219,5,3862,227,3,91,9,585,567,8432,"false"
3,1,"0.0","0.0",1,1,7,1,0,3,0,"6.0","1.0",0,0,"3.0",0,0,0,0,0,0,0,2,"0.0",0,1,2,2,"0.0","1.0",26,26,8,1,0,2,4,"0.0",2,0.5,"1.0",2,1,1,30,49,3,993,54,3,91,9,585,567,8432,"false"
4,0,"0.0","0.0",0,2,13,3,0,6,0,"5.0","0.0",0,0,"0.0",0,0,0,0,0,0,1,2,"0.0",1,1,2,0,"0.0","1.0",73,73,6,1,0,1,4,"0.0",9,0,"1.0",9,4.5,4.5,30,49,3,993,54,3,91,9,585,567,8432,"false"
5,0,"0.0","0.0",0,2,24,2,0,15,0,"18.0","0.2",0,0,"1.0",0,0,0,0,0,0,1,9,"0.0",0,1,9,3,"0.0","1.0",429,429,2,1,0,0,10,"0.0",41,0.875,"1.0",41,4.55555555555556,4.55555555555556,2,9,0,429,9,3,91,9,585,567,8432,"true"
5,0,"0.0","0.0",0,3,40,3,0,22,0,"24.0","0.2",0,0,"1.0",0,0,0,0,0,0,1,9,"0.0",0,1,9,3,"0.0","1.0",429,429,2,1,0,0,10,"0.0",41,0.875,"1.0",41,4.55555555555556,4.55555555555556,2,9,0,429,9,3,91,9,585,567,8432,"true"
3,0,"0.0","0.0",0,3,50,5,0,13,0,"12.0","0.0",0,0,"0.0",0,0,0,0,0,0,1,9,"0.0",0,1,9,3,"0.0","1.0",429,429,2,1,0,0,10,"0.0",41,0.875,"1.0",41,4.55555555555556,4.55555555555556,2,9,0,429,9,3,91,9,585,567,8432,"false"
0,1,"0.0","0.0",1,1,4,1,0,0,0,"1.0","1.0",0,0,"1.0",0,0,0,0,0,14,2,36,"14.0",14,13,22,11,"168.0","4.0",1440,1234,899,0.110924369747899,0,25,254,"2.0",103,0.932467532467532,"0.5625",86,2.86111111111111,3.90909090909091,70,543,1,20854,812,42,1171,66,10384,8750,312068,"false"
1,1,"1.0","1.0",1,3,48,5,0,4,0,"8.0","0.75",1,4,"3.0",0,3,0,0.333333333333333,1,1,0,29,"0.0",34,15,28,20,"0.0","1.0",1451,1446,1250,0.194444444444444,0,21,76,"0.0",186,0.932142857142857,"0.9",185,6.41379310344828,6.60714285714286,138,948,4,27590,1132,42,1171,66,10384,8750,312068,"false"
1,0,"4.0","2.0",0,2,30,5,0,3,0,"11.0","0.375",4,12,"3.0",0,5,0,0.8,0,0,0,3,"2.0",4,4,3,2,"87.0","4.0",62,62,54,1,0,34,152,"0.0",7,0.5,"1.0",7,2.33333333333333,2.33333333333333,138,948,4,27590,1132,42,1171,66,10384,8750,312068,"false"
0,1,"0.0","0.0",1,1,1,1,0,0,0,"0.0","0.0",0,0,"0.0",0,0,0,0,2,19,0,77,"0.0",34,17,58,30,"0.0","1.0",1334,1204,4998,0.0502630040911748,0,25,142,"0.0",207,0.970614035087719,"0.711864406779661",185,2.68831168831169,3.18965517241379,138,948,4,27590,1132,42,1171,66,10384,8750,312068,"false"
1,0,"0.0","0.0",0,3,14,2,0,2,0,"1.0","0.0",1,2,"0.0",0,1,0,1,0,0,8,8,"8.0",0,8,8,0,"1.0","2.0",104,104,88,0,0,1,17,"0.0",9,0,"0.0",9,1.125,1.125,69,454,0,23224,474,42,1171,66,10384,8750,312068,"false"
0,0,"1.0","1.0",0,1,7,1,0,0,0,"1.0","0.0",0,0,"0.0",0,0,0,0,4,23,0,110,"0.0",1,1,87,5,"0.0","1.0",1929,1643,438,0.000849473326537547,0,2,111,"1.0",156,0.990825688073395,"0.790909090909091",133,1.41818181818182,1.52873563218391,66,681,5,19469,786,42,1171,66,10384,8750,312068,"false"
1,0,"0.0","0.0",0,1,7,1,0,1,0,"5.0","1.0",0,0,"4.0",0,0,0,0,0,2,0,18,"0.0",0,0,16,5,"0.0","1.0",455,404,0,0.619047619047619,0,0,18,"0.0",59,0.623529411764706,"0.9",52,3.27777777777778,3.25,66,681,5,19469,786,42,1171,66,10384,8750,312068,"false"
1,1,"0.0","0.0",1,1,8,1,0,1,0,"2.0","1.0",0,0,"1.0",0,0,0,0,2,0,0,8,"4.0",0,0,8,2,"4.0","2.0",135,135,0,1,0,0,8,"0.0",12,0.857142857142857,"1.0",12,1.5,1.5,66,681,5,19469,786,42,1171,66,10384,8750,312068,"false"
1,0,"2.0","1.0",0,4,35,5,0,6,0,"9.0","0.333333333333333",3,6,"1.0",0,5,0,0.6,4,52,0,137,"1.0",69,56,85,43,"12.0","2.0",3578,2687,29122,0.0463798288225769,0,65,330,"0.0",334,0.979309165526676,"0.607692307692308",252,2.43795620437956,2.96470588235294,28,223,3,9478,312,42,1171,66,10384,8750,312068,"false"
2,0,"0.0","0.0",0,1,5,1,0,3,0,"3.0","0.0",0,0,"0.0",0,0,0,0,1,1,0,13,"0.0",4,6,12,8,"0.0","1.0",344,339,154,0,0,8,25,"0.0",37,0.96875,"0.833333333333333",36,2.84615384615385,3,6,41,0,1350,51,42,1171,66,10384,8750,312068,"false"
0,0,"0.0","0.0",0,1,4,1,0,0,0,"1.0","1.0",1,2,"1.0",0,1,0,1,0,11,0,42,"0.0",14,7,31,15,"0.0","1.0",1619,1427,1966,0.00860215053763441,0,12,62,"0.0",160,0.960975609756098,"0.0",139,3.80952380952381,4.48387096774194,29,190,0,8318,262,42,1171,66,10384,8750,312068,"false"
0,0,"0.0","0.0",0,1,4,1,0,0,0,"1.0","1.0",0,0,"1.0",0,0,0,0,0,18,0,37,"0.0",2,4,19,16,"0.0","1.0",799,578,292,0.1,0,5,42,"1.0",94,0.963541666666667,"0.0",71,2.54054054054054,3.73684210526316,29,190,0,8318,262,42,1171,66,10384,8750,312068,"false"
1,0,"0.0","0.0",0,1,1,1,0,1,0,"1.0","1.0",1,2,"1.0",0,1,0,1,2,12,0,49,"0.0",0,1,37,4,"0.0","1.0",626,534,390,0.0265957446808511,0,1,50,"0.0",95,0.932291666666667,"0.75",83,1.93877551020408,2.24324324324324,2,74,0,2325,88,42,1171,66,10384,8750,312068,"false"
3,0,"0.0","0.0",0,1,5,1,0,3,0,"3.0","0.0",0,0,"0.0",0,0,0,0,1,6,1,45,"0.0",5,3,39,2,"0.0","1.0",411,342,440,0.0359408033826638,0,3,51,"0.0",49,0.886363636363636,"0.866666666666667",43,1.08888888888889,1.1025641025641,70,543,1,20854,812,42,1171,66,10384,8750,312068,"false"
3,0,"0.0","0.0",0,1,5,1,0,3,0,"6.0","1.0",0,0,"3.0",0,0,0,0,0,0,0,1,"0.0",0,0,1,3,"0.0","1.0",11,11,0,1,3,0,1,"0.0",1,0,"0.25",1,1,1,30,205,0,6135,269,42,1171,66,10384,8750,312068,"true"
4,0,"5.0","2.0",0,4,47,17,0,6,0,"11.0","0.0",2,4,"0.0",0,2,0,1,0,0,1,71,"0.0",14,15,71,35,"0.0","1.0",1613,1613,6292,0.0407055630936228,25,18,111,"0.0",316,0.993061224489796,"0.728260869565217",316,4.45070422535211,4.45070422535211,44,200,1,8510,214,42,1171,66,10384,8750,312068,"false"
5,0,"5.0","5.0",0,5,81,12,0,16,0,"23.0","0.0",12,32,"0.0",0,21,0,0.571428571428571,0,0,0,6,"0.0",7,15,6,1,"0.0","1.0",247,247,330,0,0,16,36,"0.0",36,1.2,"1.0",36,6,6,66,634,5,10542,699,42,1171,66,10384,8750,312068,"true"
5,1,"0.0","0.0",1,1,10,1,0,5,0,"8.0","1.0",0,1,"3.0",0,0,0,0,0,6,0,121,"117.0",3,8,115,7,"84.0","3.0",1247,1190,24104,0.884542952339563,0,23,421,"0.0",234,0.861904761904762,"0.949579831932773",223,1.93388429752066,1.93913043478261,66,634,5,10542,699,42,1171,66,10384,8750,312068,"true"
6,1,"0.0","0.0",1,1,9,1,0,6,0,"12.0","1.0",0,0,"6.0",0,0,0,0,0,6,0,7,"0.0",0,0,1,6,"0.0","1.0",106,53,0,0,0,1,7,"0.0",7,1,"0.0",1,1,1,66,634,5,10542,699,42,1171,66,10384,8750,312068,"true"
3,4,"0.0","0.0",4,2,26,2,0,4,0,"10.0","1.0",0,0,"6.0",0,0,0,0,0,0,0,5,"0.0",0,0,5,10,"0.0","1.0",170,170,0,0.333333333333333,0,1,5,"0.0",7,1.025,"0.0",7,1.4,1.4,49,669,11,19441,821,42,1171,66,10384,8750,312068,"true"
3,0,"0.0","0.0",0,1,9,1,0,3,0,"0.0","0.0",0,0,"0.0",0,0,0,0,1,23,0,97,"0.0",0,0,74,1,"0.0","1.0",739,539,0,0,0,2,97,"2.0",97,1.01041666666667,"0.747252747252747",74,1,1,49,669,11,19441,821,42,1171,66,10384,8750,312068,"false"
4,0,"0.0","0.0",0,1,8,1,0,4,0,"0.0","0.0",0,0,"0.0",0,0,0,0,1,23,0,97,"0.0",0,0,74,1,"0.0","1.0",739,539,0,0,0,2,97,"2.0",97,1.01041666666667,"0.747252747252747",74,1,1,49,669,11,19441,821,42,1171,66,10384,8750,312068,"true"
6,0,"0.0","0.0",0,1,10,1,0,6,0,"0.0","0.0",0,0,"0.0",0,0,0,0,0,0,0,25,"20.0",3,3,25,0,"133.0","3.0",598,598,768,0,0,26,206,"0.0",51,0,"1.0",51,2.04,2.04,49,669,11,19441,821,42,1171,66,10384,8750,312068,"true"
3,0,"0.0","0.0",0,1,5,1,0,3,0,"4.0","1.0",0,1,"2.0",0,0,0,0,0,0,0,21,"10.0",2,5,21,0,"24.0","2.0",288,288,379,0,0,18,55,"0.0",33,0,"1.0",33,1.57142857142857,1.57142857142857,69,454,0,23224,474,42,1171,66,10384,8750,312068,"false"
4,1,"0.0","0.0",1,1,6,1,0,4,0,"4.0","0.0",0,1,"0.0",0,0,0,0,0,0,0,5,"2.0",10,2,5,2,"116.0","6.0",184,184,33,0.333333333333333,0,31,188,"0.0",20,1,"1.0",20,4,4,31,289,3,8970,374,42,1171,66,10384,8750,312068,"false"
3,0,"1.0","1.0",0,2,20,2,0,5,0,"6.0","0.0",2,4,"0.0",0,2,0,1,0,0,0,50,"0.0",78,22,50,26,"0.0","1.0",1782,1782,6008,0.0777777777777778,23,29,107,"0.0",350,0.93956043956044,"0.629032258064516",350,7,7,31,289,3,8970,374,42,1171,66,10384,8750,312068,"false"
4,1,"3.0","2.0",1,3,38,4,0,9,0,"14.0","0.0",3,8,"0.0",0,6,0,0.5,0,0,0,50,"0.0",78,22,50,26,"0.0","1.0",1782,1782,6008,0.0777777777777778,23,29,107,"0.0",350,0.93956043956044,"0.629032258064516",350,7,7,31,289,3,8970,374,42,1171,66,10384,8750,312068,"false"
3,3,"0.0","0.0",5,2,13,3,0,5,0,"5.0","0.0",0,0,"0.0",0,0,0,0,0,0,0,4,"0.0",0,0,4,0,"0.0","1.0",82,82,0,0,0,0,4,"0.0",11,0,"1.0",11,2.75,2.75,66,681,5,19469,786,42,1171,66,10384,8750,312068,"false"
3,0,"0.0","0.0",0,1,9,2,0,3,0,"4.0","1.0",1,2,"1.0",0,1,0,1,3,15,0,76,"2.0",20,16,61,31,"15.0","2.0",1659,1454,3934,0.0480331262939959,3,24,120,"0.0",146,0.978494623655914,"0.634146341463415",127,1.92105263157895,2.08196721311475,29,190,0,8318,262,42,1171,66,10384,8750,312068,"false"
4,0,"0.0","0.0",0,1,11,1,0,5,0,"6.0","0.0",2,6,"0.0",0,3,0,0.666666666666667,0,0,0,2,"2.0",0,2,2,1,"190.0","5.0",47,47,20,0,0,26,230,"0.0",2,2,"1.0",2,1,1,29,190,0,8318,262,42,1171,66,10384,8750,312068,"true"
3,0,"0.0","0.0",0,2,24,3,0,6,0,"6.0","0.0",1,2,"0.0",0,1,0,1,0,0,1,10,"0.0",0,2,10,5,"0.0","1.0",612,612,162,0,0,1,20,"0.0",58,1,"0.0",58,5.8,5.8,18,165,5,3358,184,42,1171,66,10384,8750,312068,"true"
3,0,"0.0","0.0",0,7,120,19,0,16,0,"14.0","1.0",1,10,"3.0",0,5,0,0.2,0,0,1,10,"0.0",0,2,10,5,"0.0","1.0",612,612,162,0,0,1,20,"0.0",58,1,"0.0",58,5.8,5.8,18,165,5,3358,184,42,1171,66,10384,8750,312068,"true"
7,0,"6.0","2.0",0,3,47,11,0,7,0,"31.0","0.0",2,4,"0.0",0,2,0,1,0,14,1,41,"1.0",14,2,27,12,"0.0","1.0",1589,1255,1098,0.29004329004329,0,3,43,"0.0",250,0.902083333333333,"0.517241379310345",209,6.09756097560976,7.74074074074074,34,113,0,8814,151,42,1171,66,10384,8750,312068,"true"
7,0,"2.0","1.0",0,4,65,12,0,17,0,"25.0","0.75",5,12,"6.0",0,6,0,0.833333333333333,0,2,0,5,"0.0",0,6,3,7,"0.0","1.0",133,123,68,0,0,8,12,"0.0",16,1.10714285714286,"0.75",14,3.2,4.66666666666667,66,634,5,10542,699,42,1171,66,10384,8750,312068,"true"
7,0,"0.0","0.0",0,1,8,1,0,7,0,"8.0","1.0",0,0,"1.0",0,0,0,0,2,4,5,75,"17.0",26,50,71,29,"163.0","6.0",1828,1779,10273,0.0115384615384615,0,73,395,"0.0",229,0.990214352283318,"0.939393939393939",221,3.05333333333333,3.11267605633803,66,634,5,10542,699,42,1171,66,10384,8750,312068,"true"
8,1,"0.0","0.0",1,1,14,1,0,8,0,"17.0","1.0",0,1,"9.0",0,0,0,0,0,2,0,12,"8.0",0,0,10,10,"125.0","5.0",78,68,28,0.0181818181818182,0,14,72,"0.0",13,1,"0.833333333333333",11,1.08333333333333,1.1,69,454,0,23224,474,42,1171,66,10384,8750,312068,"true"
8,1,"0.0","0.0",1,1,10,1,0,8,0,"11.0","1.0",0,1,"3.0",0,0,0,0,0,3,0,9,"4.0",0,0,6,5,"129.0","5.0",67,43,22,0.0714285714285714,0,14,73,"0.0",10,0.95,"0.666666666666667",7,1.11111111111111,1.16666666666667,69,454,0,23224,474,42,1171,66,10384,8750,312068,"true"
7,1,"2.0","2.0",1,3,55,5,0,7,0,"17.0","0.8",2,2,"8.0",0,2,0,1,0,0,0,1,"0.0",0,2,1,8,"0.0","1.0",97,97,4,1,0,5,3,"0.0",5,0,"0.0",5,5,5,28,223,3,9478,312,42,1171,66,10384,8750,312068,"true"
14,0,"0.0","0.0",0,1,18,1,0,14,0,"23.0","1.0",1,4,"9.0",0,2,0,0.5,0,11,0,42,"0.0",14,7,31,15,"0.0","1.0",1619,1427,1966,0.00860215053763441,0,12,62,"0.0",160,0.960975609756098,"0.0",139,3.80952380952381,4.48387096774194,29,190,0,8318,262,42,1171,66,10384,8750,312068,"true"
8,1,"3.0","1.0",1,2,16,6,0,8,0,"11.0","0.0",2,4,"0.0",0,2,0,1,0,18,0,37,"0.0",2,4,19,16,"0.0","1.0",799,578,292,0.1,0,5,42,"1.0",94,0.963541666666667,"0.0",71,2.54054054054054,3.73684210526316,29,190,0,8318,262,42,1171,66,10384,8750,312068,"true"
11,1,"0.0","0.0",1,1,11,1,0,11,0,"12.0","1.0",0,0,"1.0",0,0,0,0,0,18,0,37,"0.0",2,4,19,16,"0.0","1.0",799,578,292,0.1,0,5,42,"1.0",94,0.963541666666667,"0.0",71,2.54054054054054,3.73684210526316,29,190,0,8318,262,42,1171,66,10384,8750,312068,"true"
7,1,"0.0","0.0",1,4,31,7,0,10,0,"20.0","1.0",0,0,"7.0",0,0,0,0,0,18,0,37,"0.0",2,4,19,16,"0.0","1.0",799,578,292,0.1,0,5,42,"1.0",94,0.963541666666667,"0.0",71,2.54054054054054,3.73684210526316,29,190,0,8318,262,42,1171,66,10384,8750,312068,"true"
