"NOP_method","CC_method","ATFD_method","FDP_method","CM_method","MAXNESTING_method","LOC_method","CYCLO_method","NMCS_method","NOLV_method","MaMCL_method","NOAV_method","LAA_method","FANOUT_method","CFNAMM_method","ATLD_method","CLNAMM_method","CINT_method","MeMCL_method","CDISP_method","NOII_type","NOAM_type","NOCS_type","NOM_type","NMO_type","ATFD_type","FANOUT_type","NOMNAMM_type","NOA_type","NIM_type","DIT_type","LOC_type","LOCNAMM_type","CFNAMM_type","TCC_type","NOPA_type","CBO_type","RFC_type","NOC_type","WMC_type","LCOM5_type","WOC_type","WMCNAMM_type","AMW_type","AMWNAMM_type","NOCS_package","NOMNAMM_package","NOI_package","LOC_package","NOM_package","NOPK_project","NOCS_project","NOI_project","NOM_project","NOMNAMM_project","LOC_project","is_switch_statements"
0,0,"0.0","0.0",0,2,6,3,0,0,0,"1.0","1.0",0,1,"1.0",0,0,0,0,0,8,0,30,"12.0",4,10,22,8,"111.0","3.0",377,310,1214,0.0571428571428571,0,32,208,"0.0",61,0.943965517241379,"0.681818181818182",51,2.03333333333333,2.31818181818182,38,198,0,4223,240,43,849,78,5788,4778,65687,"false"
0,0,"0.0","0.0",0,1,3,1,0,0,0,"6.0","0.0",0,0,"0.0",0,0,0,0,0,2,1,16,"0.0",7,10,14,6,"8.0","3.0",197,179,640,0.305555555555556,0,10,41,"0.0",31,0.855555555555556,"1.0",28,1.9375,2,4,27,0,516,29,43,849,78,5788,4778,65687,"false"
1,1,"0.0","0.0",1,1,3,1,0,1,0,"2.0","1.0",0,0,"1.0",0,0,0,0,1,1,0,5,"0.0",3,6,4,2,"0.0","1.0",66,44,77,0.5,0,9,18,"0.0",10,0.75,"0.75",8,2,2,17,82,1,906,90,43,849,78,5788,4778,65687,"false"
2,1,"0.0","0.0",1,1,3,1,0,2,0,"2.0","0.0",0,1,"0.0",0,0,0,0,1,0,0,1,"0.0",0,0,1,0,"4.0","3.0",9,9,3,1,0,3,6,"0.0",1,0,"1.0",1,1,1,34,523,11,6037,728,43,849,78,5788,4778,65687,"false"
1,0,"0.0","0.0",0,2,8,2,0,2,0,"1.0","0.0",0,0,"0.0",0,0,0,0,0,0,13,71,"0.0",4,14,71,5,"0.0","1.0",1327,1327,1192,0.000426257459505541,2,8,96,"0.0",186,1,"0.971830985915493",186,2.61971830985915,2.61971830985915,50,388,3,8258,437,43,849,78,5788,4778,65687,"false"
1,0,"0.0","0.0",0,1,3,1,0,1,0,"3.0","1.0",0,0,"3.0",0,0,0,0,1,0,0,9,"0.0",5,9,9,4,"17.0","3.0",77,77,152,0.166666666666667,0,12,30,"0.0",12,0.9375,"1.0",12,1.33333333333333,1.33333333333333,74,380,4,5031,435,43,849,78,5788,4778,65687,"false"
0,1,"0.0","0.0",1,1,3,1,0,0,0,"1.0","1.0",0,1,"1.0",0,0,0,0,0,2,0,12,"1.0",1,1,10,4,"5.0","2.0",86,74,80,0.527272727272727,1,4,22,"0.0",20,0.818181818181818,"0.769230769230769",18,1.66666666666667,1.8,18,108,8,1339,136,43,849,78,5788,4778,65687,"false"
1,2,"0.0","0.0",2,1,4,1,0,1,0,"2.0","1.0",0,0,"1.0",0,0,0,0,1,2,0,5,"0.0",0,1,3,1,"0.0","1.0",27,17,6,0,0,1,6,"0.0",5,1,"0.6",3,1,1,30,76,2,1343,128,43,849,78,5788,4778,65687,"false"
0,0,"0.0","0.0",0,2,18,1,0,0,0,"2.0","1.0",2,4,"1.0",0,2,0,1,0,7,4,14,"0.0",0,2,7,14,"539.0","6.0",271,114,108,0,2,2,16,"0.0",26,0.934065934065934,"0.333333333333333",13,1.85714285714286,1.85714285714286,10,35,0,646,47,43,849,78,5788,4778,65687,"false"
1,1,"0.0","0.0",1,3,18,4,0,2,0,"6.0","1.0",2,8,"4.0",0,4,0,0.5,0,2,4,12,"0.0",2,12,10,12,"536.0","6.0",239,227,358,0.416666666666667,0,13,37,"0.0",20,0.931818181818182,"1.0",18,1.66666666666667,1.8,23,60,1,1234,72,43,849,78,5788,4778,65687,"false"
1,0,"0.0","0.0",0,5,23,2,0,3,0,"3.0","1.0",1,2,"1.0",0,1,0,1,1,0,1,2,"0.0",3,7,2,1,"0.0","1.0",51,51,30,1,0,6,12,"0.0",8,0,"1.0",8,4,4,18,102,0,1212,120,43,849,78,5788,4778,65687,"false"
0,0,"0.0","0.0",0,4,14,4,0,2,0,"6.0","1.0",3,8,"4.0",0,4,0,0.75,0,3,0,14,"1.0",1,3,11,2,"27.0","3.0",95,77,140,0,0,7,41,"0.0",23,0.846153846153846,"0.8",18,1.64285714285714,1.63636363636364,18,102,0,1212,120,43,849,78,5788,4778,65687,"false"
1,0,"3.0","2.0",0,4,41,4,1,8,2,"22.0","0.5",6,10,"3.0",0,12,2,0.5,0,2,1,16,"0.0",7,10,14,6,"8.0","3.0",197,179,640,0.305555555555556,0,10,41,"0.0",31,0.855555555555556,"1.0",28,1.9375,2,4,27,0,516,29,43,849,78,5788,4778,65687,"true"
0,9,"1.0","1.0",11,5,32,8,0,4,0,"8.0","1.0",2,8,"3.0",0,4,0,0.5,2,5,0,19,"1.0",1,2,14,12,"0.0","1.0",208,114,184,0.1,2,2,25,"0.0",37,0.976851851851852,"0.705882352941177",22,1.94736842105263,1.57142857142857,34,523,11,6037,728,43,849,78,5788,4778,65687,"false"
1,0,"2.0","1.0",0,4,43,5,0,10,0,"13.0","0.333333333333333",2,4,"1.0",0,2,0,1,1,9,8,48,"0.0",17,25,39,54,"534.0","6.0",1116,1063,1992,0.0540540540540541,34,23,104,"0.0",115,0.994877856579984,"0.402777777777778",105,2.39583333333333,2.69230769230769,50,388,3,8258,437,43,849,78,5788,4778,65687,"false"
2,0,"6.0","3.0",0,4,57,12,0,8,0,"14.0","0.166666666666667",5,14,"1.0",0,8,0,0.625,1,9,8,48,"0.0",17,25,39,54,"534.0","6.0",1116,1063,1992,0.0540540540540541,34,23,104,"0.0",115,0.994877856579984,"0.402777777777778",105,2.39583333333333,2.69230769230769,50,388,3,8258,437,43,849,78,5788,4778,65687,"false"
1,0,"1.0","1.0",0,4,24,5,0,7,0,"8.0","0.0",1,4,"0.0",0,2,0,0.5,0,0,13,71,"0.0",4,14,71,5,"0.0","1.0",1327,1327,1192,0.000426257459505541,2,8,96,"0.0",186,1,"0.971830985915493",186,2.61971830985915,2.61971830985915,50,388,3,8258,437,43,849,78,5788,4778,65687,"false"
2,0,"0.0","0.0",0,4,14,4,0,4,0,"8.0","0.0",0,0,"0.0",0,0,0,0,0,0,1,25,"0.0",1,3,25,8,"0.0","1.0",615,615,292,0.00395256916996047,2,2,30,"0.0",100,1,"0.92",100,4,4,50,388,3,8258,437,43,849,78,5788,4778,65687,"false"
3,0,"0.0","0.0",0,4,53,9,0,15,0,"17.0","1.0",5,20,"2.0",0,10,0,0.5,1,0,2,9,"0.0",2,10,9,2,"15.0","2.0",158,158,346,0.666666666666667,0,10,36,"0.0",24,0.6875,"1.0",24,2.66666666666667,2.66666666666667,74,380,4,5031,435,43,849,78,5788,4778,65687,"false"
1,0,"2.0","2.0",0,5,28,5,0,6,0,"9.0","0.5",4,16,"1.0",0,8,0,0.5,1,0,0,8,"0.0",4,8,8,1,"17.0","3.0",131,131,320,0.142857142857143,0,11,30,"0.0",16,0.714285714285714,"1.0",16,2,2,74,380,4,5031,435,43,849,78,5788,4778,65687,"false"
3,1,"6.0","2.0",1,4,49,10,0,11,0,"19.0","0.142857142857143",5,20,"1.0",0,11,0,0.454545454545455,1,0,0,8,"0.0",10,12,8,2,"15.0","2.0",132,132,386,0.476190476190476,0,14,45,"0.0",21,0.785714285714286,"1.0",21,2.625,2.625,74,380,4,5031,435,43,849,78,5788,4778,65687,"true"
4,0,"2.0","2.0",0,5,44,8,0,10,0,"18.0","0.8",6,12,"4.0",0,8,0,0.75,1,1,7,18,"0.0",14,21,17,8,"15.0","2.0",660,647,1100,0.714285714285714,0,15,67,"0.0",67,0.889705882352941,"1.0",66,3.72222222222222,3.88235294117647,74,380,4,5031,435,43,849,78,5788,4778,65687,"false"
1,0,"4.0","3.0",0,4,40,6,0,6,0,"13.0","0.428571428571429",6,12,"3.0",0,11,0,0.545454545454545,0,2,0,11,"0.0",4,8,9,4,"21.0","4.0",134,117,248,0.285714285714286,0,14,38,"18.0",21,0.9,"0.833333333333333",18,1.90909090909091,2,74,380,4,5031,435,43,849,78,5788,4778,65687,"false"
0,1,"1.0","1.0",1,4,14,4,0,3,0,"6.0","0.5",1,2,"1.0",0,1,0,1,0,2,0,12,"1.0",1,1,10,4,"5.0","2.0",86,74,80,0.527272727272727,1,4,22,"0.0",20,0.818181818181818,"0.769230769230769",18,1.66666666666667,1.8,18,108,8,1339,136,43,849,78,5788,4778,65687,"false"
3,0,"0.0","0.0",0,4,26,11,0,7,0,"7.0","0.0",0,0,"0.0",0,0,0,0,1,27,0,98,"4.0",14,21,71,23,"516.0","4.0",1350,995,9678,0.0711039828922748,4,23,185,"0.0",277,0.98027790228597,"0.6",203,2.8265306122449,2.85915492957746,59,322,2,6298,410,43,849,78,5788,4778,65687,"false"
0,0,"4.0","2.0",0,4,77,19,1,9,2,"17.0","0.428571428571429",7,14,"3.0",0,12,2,0.583333333333333,1,27,0,98,"4.0",14,21,71,23,"516.0","4.0",1350,995,9678,0.0711039828922748,4,23,185,"0.0",277,0.98027790228597,"0.6",203,2.8265306122449,2.85915492957746,59,322,2,6298,410,43,849,78,5788,4778,65687,"true"
1,0,"15.0","3.0",0,5,52,10,0,2,0,"20.0","0.0",3,4,"0.0",0,4,0,0.75,1,0,0,1,"0.0",15,3,1,0,"0.0","1.0",57,57,8,1,0,4,5,"0.0",10,0,"1.0",10,10,10,23,60,1,1234,72,43,849,78,5788,4778,65687,"true"
0,1,"3.0","2.0",1,6,47,11,0,8,0,"19.0","0.0",4,17,"0.0",0,9,0,0.444444444444444,1,29,18,123,"17.0",50,138,94,108,"77.0","2.0",1957,1669,51801,0.0126126126126126,87,145,571,"0.0",273,0.99210686095932,"0.404145077720207",234,2.21951219512195,2.48936170212766,38,198,0,4223,240,43,849,78,5788,4778,65687,"false"
1,0,"6.0","5.0",0,6,161,20,0,18,0,"27.0","0.166666666666667",8,34,"1.0",0,22,0,0.363636363636364,1,0,0,9,"0.0",7,8,9,1,"0.0","1.0",236,236,302,0,0,11,35,"0.0",33,0.875,"1.0",33,3.66666666666667,3.66666666666667,4,27,0,516,29,43,849,78,5788,4778,65687,"true"
2,0,"1.0","1.0",0,6,88,28,0,10,0,"41.0","0.0",3,12,"0.0",0,6,0,0.5,0,30,0,42,"1.0",1,5,12,15,"0.0","1.0",381,145,1016,0.0850202429149798,0,6,62,"0.0",70,0.939837398373984,"0.268292682926829",40,1.66666666666667,3.33333333333333,34,523,11,6037,728,43,849,78,5788,4778,65687,"true"
0,0,"5.0","2.0",0,6,183,5,0,13,0,"30.0","0.692307692307692",9,20,"9.0",0,13,0,0.692307692307692,1,9,8,48,"0.0",17,25,39,54,"534.0","6.0",1116,1063,1992,0.0540540540540541,34,23,104,"0.0",115,0.994877856579984,"0.402777777777778",105,2.39583333333333,2.69230769230769,50,388,3,8258,437,43,849,78,5788,4778,65687,"true"
2,2,"0.0","0.0",2,6,73,12,0,10,0,"10.0","0.0",0,0,"0.0",0,0,0,0,0,0,13,71,"0.0",4,14,71,5,"0.0","1.0",1327,1327,1192,0.000426257459505541,2,8,96,"0.0",186,1,"0.971830985915493",186,2.61971830985915,2.61971830985915,50,388,3,8258,437,43,849,78,5788,4778,65687,"false"
1,5,"0.0","0.0",6,7,49,12,0,8,0,"7.0","0.0",0,0,"0.0",0,0,0,0,0,0,1,25,"0.0",1,3,25,8,"0.0","1.0",615,615,292,0.00395256916996047,2,2,30,"0.0",100,1,"0.92",100,4,4,50,388,3,8258,437,43,849,78,5788,4778,65687,"true"
1,1,"0.0","0.0",1,7,63,11,0,8,0,"7.0","0.0",0,0,"0.0",0,0,0,0,0,0,1,25,"0.0",1,3,25,8,"0.0","1.0",615,615,292,0.00395256916996047,2,2,30,"0.0",100,1,"0.92",100,4,4,50,388,3,8258,437,43,849,78,5788,4778,65687,"true"
1,0,"0.0","0.0",0,6,163,29,0,12,0,"25.0","1.0",0,0,"4.0",0,0,0,0,0,7,0,90,"1.0",0,1,83,18,"0.0","1.0",2829,2637,54,0.0424555364314401,4,1,91,"1.0",252,0.971910112359551,"0.845070422535211",242,2.8,2.91566265060241,50,388,3,8258,437,43,849,78,5788,4778,65687,"true"
3,0,"1.0","1.0",0,7,53,12,0,12,0,"15.0","1.0",4,12,"1.0",0,7,0,0.571428571428571,0,0,0,4,"0.0",2,6,4,1,"15.0","2.0",91,91,94,1,0,6,19,"0.0",16,0.333333333333333,"1.0",16,4,4,74,380,4,5031,435,43,849,78,5788,4778,65687,"true"
4,2,"1.0","1.0",2,6,107,22,0,26,0,"32.0","0.666666666666667",6,12,"2.0",0,10,0,0.6,1,1,7,18,"0.0",14,21,17,8,"15.0","2.0",660,647,1100,0.714285714285714,0,15,67,"0.0",67,0.889705882352941,"1.0",66,3.72222222222222,3.88235294117647,74,380,4,5031,435,43,849,78,5788,4778,65687,"true"
5,0,"2.0","2.0",0,6,73,11,0,20,0,"24.0","0.0",7,18,"0.0",0,13,0,0.538461538461538,1,0,0,2,"0.0",3,7,2,0,"0.0","1.0",81,81,54,0,0,9,15,"0.0",12,0,"1.0",12,6,6,74,380,4,5031,435,43,849,78,5788,4778,65687,"false"
4,0,"0.0","0.0",0,6,53,8,0,12,0,"14.0","1.0",0,0,"2.0",0,0,0,0,0,0,0,5,"0.0",1,2,5,4,"0.0","1.0",170,170,58,0.666666666666667,2,2,10,"0.0",24,0.8125,"0.666666666666667",24,4.8,4.8,18,108,8,1339,136,43,849,78,5788,4778,65687,"true"
1,0,"0.0","0.0",0,6,50,15,0,10,0,"13.0","1.0",2,6,"1.0",0,3,0,0.666666666666667,1,27,0,98,"4.0",14,21,71,23,"516.0","4.0",1350,995,9678,0.0711039828922748,4,23,185,"0.0",277,0.98027790228597,"0.6",203,2.8265306122449,2.85915492957746,59,322,2,6298,410,43,849,78,5788,4778,65687,"true"
2,0,"2.0","2.0",0,6,31,6,0,10,0,"14.0","0.666666666666667",2,6,"2.0",0,4,0,0.5,0,1,1,17,"0.0",11,10,16,7,"3.0","2.0",323,274,650,0.0222222222222222,0,18,53,"0.0",43,0.946428571428571,"0.909090909090909",37,2.52941176470588,2.3125,5,23,0,391,26,43,849,78,5788,4778,65687,"false"
0,0,"4.0","3.0",0,6,56,8,0,11,0,"22.0","0.777777777777778",6,18,"7.0",0,9,0,0.666666666666667,0,1,1,17,"0.0",11,10,16,7,"3.0","2.0",323,274,650,0.0222222222222222,0,18,53,"0.0",43,0.946428571428571,"0.909090909090909",37,2.52941176470588,2.3125,5,23,0,391,26,43,849,78,5788,4778,65687,"false"
1,0,"0.0","0.0",0,1,3,1,0,1,0,"0.0","0.0",0,0,"0.0",0,0,0,0,1,0,2,29,"0.0",106,25,29,4,"0.0","1.0",1371,1371,4344,0,0,27,87,"0.0",328,0.723214285714286,"1.0",328,11.3103448275862,11.3103448275862,8,97,1,2639,106,4,48,1,245,233,6694,"false"
1,0,"0.0","0.0",0,2,6,3,0,1,0,"1.0","0.0",0,0,"0.0",0,0,0,0,1,0,2,29,"0.0",106,25,29,4,"0.0","1.0",1371,1371,4344,0,0,27,87,"0.0",328,0.723214285714286,"1.0",328,11.3103448275862,11.3103448275862,8,97,1,2639,106,4,48,1,245,233,6694,"false"
1,0,"0.0","0.0",0,2,6,3,0,1,0,"1.0","0.0",0,0,"0.0",0,0,0,0,1,0,2,29,"0.0",106,25,29,4,"0.0","1.0",1371,1371,4344,0,0,27,87,"0.0",328,0.723214285714286,"1.0",328,11.3103448275862,11.3103448275862,8,97,1,2639,106,4,48,1,245,233,6694,"false"
1,0,"0.0","0.0",0,1,4,1,0,2,0,"1.0","0.0",0,0,"0.0",0,0,0,0,1,0,2,29,"0.0",106,25,29,4,"0.0","1.0",1371,1371,4344,0,0,27,87,"0.0",328,0.723214285714286,"1.0",328,11.3103448275862,11.3103448275862,8,97,1,2639,106,4,48,1,245,233,6694,"false"
0,1,"0.0","0.0",1,1,4,1,0,0,0,"1.0","1.0",1,2,"1.0",0,1,0,1,0,1,0,25,"0.0",11,14,24,6,"0.0","1.0",312,304,670,0.833333333333333,0,15,41,"0.0",62,0.701388888888889,"0.923076923076923",61,2.48,2.54166666666667,8,97,1,2639,106,4,48,1,245,233,6694,"false"
1,1,"0.0","0.0",5,2,16,2,0,3,0,"6.0","1.0",2,4,"3.0",0,2,0,1,0,1,0,25,"0.0",11,14,24,6,"0.0","1.0",312,304,670,0.833333333333333,0,15,41,"0.0",62,0.701388888888889,"0.923076923076923",61,2.48,2.54166666666667,8,97,1,2639,106,4,48,1,245,233,6694,"false"
0,0,"0.0","0.0",0,2,7,2,0,1,0,"3.0","1.0",0,0,"2.0",0,0,0,0,0,1,0,25,"0.0",11,14,24,6,"0.0","1.0",312,304,670,0.833333333333333,0,15,41,"0.0",62,0.701388888888889,"0.923076923076923",61,2.48,2.54166666666667,8,97,1,2639,106,4,48,1,245,233,6694,"false"
0,0,"0.0","0.0",0,2,9,4,0,1,0,"2.0","1.0",0,0,"1.0",0,0,0,0,1,8,0,32,"0.0",2,1,24,11,"0.0","1.0",590,550,72,0.191666666666667,0,3,34,"0.0",174,0.777126099706745,"0.578947368421053",166,5.4375,6.91666666666667,8,97,1,2639,106,4,48,1,245,233,6694,"false"
4,0,"0.0","0.0",0,1,3,1,0,4,0,"4.0","0.0",1,2,"0.0",0,1,0,1,1,8,0,32,"0.0",2,1,24,11,"0.0","1.0",590,550,72,0.191666666666667,0,3,34,"0.0",174,0.777126099706745,"0.578947368421053",166,5.4375,6.91666666666667,8,97,1,2639,106,4,48,1,245,233,6694,"false"
3,2,"0.0","0.0",1,2,11,3,0,5,0,"5.0","0.0",0,0,"0.0",0,0,0,0,0,0,0,24,"0.0",22,0,24,2,"0.0","1.0",669,669,0,0,2,1,24,"0.0",251,1,"0.923076923076923",251,10.4583333333333,10.4583333333333,5,33,0,943,34,4,48,1,245,233,6694,"false"
9,1,"1.0","1.0",1,1,12,1,0,9,0,"18.0","0.888888888888889",0,1,"8.0",0,0,0,0,0,0,2,2,"0.0",0,0,2,8,"0.0","2.0",76,76,8,1,8,2,3,"0.0",2,2,"0.2",2,1,1,32,40,0,1690,42,4,48,1,245,233,6694,"false"
3,3,"0.0","0.0",3,1,5,1,0,3,0,"6.0","1.0",0,0,"3.0",0,0,0,0,0,0,0,2,"0.0",0,0,2,3,"0.0","1.0",22,22,0,1,3,0,2,"1.0",2,2,"0.4",2,1,1,32,40,0,1690,42,4,48,1,245,233,6694,"false"
5,2,"0.0","0.0",2,1,7,1,0,5,0,"10.0","1.0",0,0,"5.0",0,0,0,0,0,0,0,1,"0.0",0,0,1,5,"0.0","1.0",20,20,0,1,5,1,1,"0.0",1,0,"0.166666666666667",1,1,1,32,40,0,1690,42,4,48,1,245,233,6694,"false"
1,0,"1.0","1.0",0,1,3,1,0,1,0,"1.0","0.0",0,0,"0.0",0,0,0,0,0,0,0,31,"0.0",173,4,31,2,"0.0","1.0",828,828,1106,0,0,36,44,"0.0",213,0.666666666666667,"1.0",213,6.87096774193548,6.87096774193548,3,54,0,1422,54,4,48,1,245,233,6694,"false"
1,0,"7.0","4.0",0,2,12,3,0,3,0,"11.0","0.125",0,0,"1.0",0,0,0,0,0,0,0,31,"0.0",173,4,31,2,"0.0","1.0",828,828,1106,0,0,36,44,"0.0",213,0.666666666666667,"1.0",213,6.87096774193548,6.87096774193548,3,54,0,1422,54,4,48,1,245,233,6694,"false"
1,0,"2.0","1.0",0,1,9,1,0,5,0,"8.0","0.333333333333333",2,4,"1.0",0,2,0,1,0,0,0,31,"0.0",173,4,31,2,"0.0","1.0",828,828,1106,0,0,36,44,"0.0",213,0.666666666666667,"1.0",213,6.87096774193548,6.87096774193548,3,54,0,1422,54,4,48,1,245,233,6694,"false"
0,0,"0.0","0.0",0,3,10,3,0,1,0,"4.0","1.0",0,0,"3.0",0,0,0,0,0,0,0,21,"0.0",44,31,21,17,"0.0","1.0",569,569,764,1,0,35,53,"0.0",91,0.911764705882353,"1.0",91,4.33333333333333,4.33333333333333,3,54,0,1422,54,4,48,1,245,233,6694,"false"
1,0,"0.0","0.0",0,1,3,1,0,1,0,"1.0","0.0",1,2,"0.0",0,1,0,1,0,0,0,21,"0.0",44,31,21,17,"0.0","1.0",569,569,764,1,0,35,53,"0.0",91,0.911764705882353,"1.0",91,4.33333333333333,4.33333333333333,3,54,0,1422,54,4,48,1,245,233,6694,"false"
1,0,"0.0","0.0",0,1,4,1,0,1,0,"1.0","0.0",1,2,"0.0",0,1,0,1,0,0,0,21,"0.0",44,31,21,17,"0.0","1.0",569,569,764,1,0,35,53,"0.0",91,0.911764705882353,"1.0",91,4.33333333333333,4.33333333333333,3,54,0,1422,54,4,48,1,245,233,6694,"false"
0,0,"5.0","1.0",0,5,40,10,0,2,0,"16.0","0.583333333333333",4,14,"7.0",0,8,0,0.5,1,0,2,29,"0.0",106,25,29,4,"0.0","1.0",1371,1371,4344,0,0,27,87,"0.0",328,0.723214285714286,"1.0",328,11.3103448275862,11.3103448275862,8,97,1,2639,106,4,48,1,245,233,6694,"false"
1,0,"43.0","12.0",0,5,96,20,0,12,0,"56.0","0.0227272727272727",0,0,"1.0",0,0,0,0,0,0,0,10,"0.0",96,1,10,3,"0.0","1.0",243,243,16,1,0,28,12,"0.0",47,0.481481481481482,"1.0",47,4.7,4.7,8,97,1,2639,106,4,48,1,245,233,6694,"true"
1,0,"14.0","1.0",0,5,104,33,0,11,0,"26.0","0.0666666666666667",1,2,"1.0",0,1,0,1,0,0,0,5,"0.0",14,1,5,1,"0.0","1.0",174,174,10,0.1,0,1,6,"0.0",45,0.75,"1.0",45,9,9,5,33,0,943,34,4,48,1,245,233,6694,"true"
1,0,"56.0","2.0",0,6,523,139,0,25,0,"105.0","0.3",7,38,"24.0",0,19,0,0.368421052631579,1,0,2,29,"0.0",106,25,29,4,"0.0","1.0",1371,1371,4344,0,0,27,87,"0.0",328,0.723214285714286,"1.0",328,11.3103448275862,11.3103448275862,8,97,1,2639,106,4,48,1,245,233,6694,"true"
2,0,"83.0","8.0",0,6,257,75,0,16,0,"101.0","0.0235294117647059",3,10,"2.0",0,5,0,0.6,0,0,0,31,"0.0",173,4,31,2,"0.0","1.0",828,828,1106,0,0,36,44,"0.0",213,0.666666666666667,"1.0",213,6.87096774193548,6.87096774193548,3,54,0,1422,54,4,48,1,245,233,6694,"true"
1,0,"47.0","11.0",0,10,103,43,0,17,0,"65.0","0.0208333333333333",1,2,"1.0",0,1,0,1,0,0,0,31,"0.0",173,4,31,2,"0.0","1.0",828,828,1106,0,0,36,44,"0.0",213,0.666666666666667,"1.0",213,6.87096774193548,6.87096774193548,3,54,0,1422,54,4,48,1,245,233,6694,"true"
1,0,"6.0","3.0",0,6,125,21,0,20,0,"26.0","0.0",2,4,"0.0",0,2,0,1,0,0,0,21,"0.0",44,31,21,17,"0.0","1.0",569,569,764,1,0,35,53,"0.0",91,0.911764705882353,"1.0",91,4.33333333333333,4.33333333333333,3,54,0,1422,54,4,48,1,245,233,6694,"true"
0,1,"0.0","0.0",1,1,4,1,0,0,0,"2.0","0.0",1,2,"0.0",0,1,0,1,4,83,0,161,"2.0",10,16,78,47,"26.0","2.0",1585,792,19816,0.134819532908705,0,36,296,"0.0",174,0.98656914893617,"0.490196078431373",89,1.08074534161491,1.14102564102564,184,2134,16,45362,3035,66,1571,291,17113,11938,260912,"false"
0,0,"0.0","0.0",0,1,4,1,0,0,0,"1.0","1.0",0,1,"1.0",0,0,0,0,1,3,0,17,"1.0",0,1,14,2,"0.0","1.0",146,120,263,0.466666666666667,0,6,29,"1.0",17,0.65625,"0.8125",14,1,1,184,2134,16,45362,3035,66,1571,291,17113,11938,260912,"false"
3,0,"1.0","1.0",0,2,16,2,0,4,0,"4.0","0.0",3,10,"0.0",0,5,0,0.6,0,0,0,5,"1.0",2,3,5,1,"2.0","2.0",55,55,58,0,0,6,13,"0.0",6,1,"1.0",6,1.2,1.2,184,2134,16,45362,3035,66,1571,291,17113,11938,260912,"false"
0,2,"0.0","0.0",3,1,4,1,0,0,0,"1.0","1.0",0,0,"1.0",0,0,0,0,3,38,0,71,"0.0",12,10,33,46,"0.0","1.0",766,427,7564,0.0727272727272727,1,27,145,"2.0",92,0.992857142857143,"0.442857142857143",53,1.29577464788732,1.60606060606061,74,1060,1,22173,1956,66,1571,291,17113,11938,260912,"false"
0,0,"0.0","0.0",0,1,4,1,0,0,0,"1.0","1.0",0,0,"1.0",0,0,0,0,3,95,1,184,"1.0",4,18,89,82,"0.0","1.0",1790,920,40917,0.101365611421477,23,25,299,"2.0",216,0.993869119019059,"0.426470588235294",119,1.17391304347826,1.33707865168539,74,1060,1,22173,1956,66,1571,291,17113,11938,260912,"false"
1,0,"0.0","0.0",0,1,4,1,0,1,0,"3.0","1.0",1,0,"1.0",0,1,0,1,1,122,0,201,"1.0",14,18,79,64,"31.0","2.0",1849,791,30542,0.0877620425359119,0,33,336,"0.0",223,0.99046875,"0.39",93,1.10945273631841,1.17721518987342,74,1060,1,22173,1956,66,1571,291,17113,11938,260912,"false"
0,0,"0.0","0.0",0,1,4,1,0,0,0,"1.0","1.0",2,4,"1.0",0,2,0,1,2,25,0,62,"0.0",1,5,37,17,"0.0","1.0",619,394,5347,1,0,11,100,"0.0",63,0.9450337512054,"0.590163934426229",38,1.01612903225806,1.02702702702703,74,1060,1,22173,1956,66,1571,291,17113,11938,260912,"false"
3,1,"0.0","0.0",1,1,5,1,0,3,0,"5.0","1.0",1,2,"2.0",0,1,0,1,0,0,0,3,"0.0",0,2,3,6,"0.0","1.0",29,29,12,0,0,3,5,"0.0",3,1.33333333333333,"0.0",3,1,1,96,756,11,17329,801,66,1571,291,17113,11938,260912,"false"
0,0,"0.0","0.0",0,1,3,1,0,0,0,"0.0","0.0",0,0,"0.0",0,0,0,0,0,0,0,2,"0.0",0,4,2,0,"0.0","1.0",30,30,24,1,0,5,6,"0.0",4,0,"1.0",4,2,2,96,756,11,17329,801,66,1571,291,17113,11938,260912,"false"
1,1,"0.0","0.0",1,1,6,1,0,2,0,"5.0","1.0",0,0,"3.0",0,0,0,0,1,93,0,148,"2.0",27,41,55,67,"61.0","3.0",1702,709,16808,0.162305148795465,12,64,312,"0.0",195,0.989135952888618,"0.339622641509434",80,1.31756756756757,1.45454545454545,70,686,5,18923,1266,66,1571,291,17113,11938,260912,"false"
0,1,"0.0","0.0",1,3,38,5,0,4,0,"9.0","1.0",1,3,"6.0",0,1,0,1,0,2,3,13,"1.0",4,9,11,8,"18.0","3.0",560,486,199,0.0181818181818182,0,23,72,"0.0",38,1.05208333333333,"1.0",26,2.92307692307692,2.36363636363636,70,686,5,18923,1266,66,1571,291,17113,11938,260912,"false"
0,0,"0.0","0.0",0,1,4,1,0,0,0,"1.0","1.0",0,1,"1.0",0,0,0,0,1,13,0,33,"0.0",2,3,20,10,"25.0","2.0",295,178,1443,0,0,14,99,"0.0",35,1,"0.606060606060606",22,1.06060606060606,1.1,35,430,0,6490,660,66,1571,291,17113,11938,260912,"false"
2,0,"0.0","0.0",0,3,38,5,0,11,0,"11.0","0.0",0,0,"0.0",0,0,0,0,0,0,0,11,"1.0",30,9,11,11,"46.0","2.0",610,610,418,0.177777777777778,0,42,129,"0.0",87,0.9,"1.0",87,7.90909090909091,7.90909090909091,81,516,24,21006,599,66,1571,291,17113,11938,260912,"false"
0,0,"0.0","0.0",0,1,4,1,0,0,0,"1.0","1.0",0,0,"1.0",0,0,0,0,0,1,0,3,"0.0",0,2,2,1,"19.0","2.0",36,30,23,0,0,8,28,"0.0",3,1,"0.666666666666667",2,1,1,81,516,24,21006,599,66,1571,291,17113,11938,260912,"false"
0,0,"0.0","0.0",0,2,7,2,0,0,0,"1.0","1.0",1,2,"1.0",0,1,0,1,1,8,0,17,"0.0",0,3,9,8,"0.0","1.0",335,234,154,0.242424242424242,0,3,23,"0.0",54,0.8828125,"0.466666666666667",42,3.17647058823529,4.66666666666667,28,117,0,3056,160,66,1571,291,17113,11938,260912,"false"
0,0,"0.0","0.0",0,1,4,1,0,0,0,"1.0","1.0",0,0,"1.0",0,0,0,0,1,40,1,97,"2.0",42,32,57,40,"61.0","3.0",1622,1230,8741,0.104240766073871,13,55,247,"0.0",229,0.969791666666667,"0.376623376623377",182,2.36082474226804,3.19298245614035,12,88,0,2918,201,66,1571,291,17113,11938,260912,"false"
1,2,"1.0","1.0",2,2,20,3,0,3,0,"5.0","0.5",3,6,"1.0",0,4,0,0.75,0,0,28,4,"0.0",1,30,4,1,"0.0","1.0",340,340,288,1,0,3,35,"0.0",7,0.333333333333333,"1.0",7,1.75,1.75,37,41,2,1045,75,66,1571,291,17113,11938,260912,"false"
0,0,"3.0","3.0",0,5,81,8,0,1,0,"14.0","0.769230769230769",5,27,"10.0",0,12,0,0.416666666666667,0,3,0,43,"0.0",35,15,40,1,"85.0","2.0",2199,2131,11908,0,0,62,292,"0.0",297,0.738095238095238,"0.0",286,6.90697674418605,7.15,184,2134,16,45362,3035,66,1571,291,17113,11938,260912,"true"
0,0,"4.0","4.0",0,5,320,35,0,1,0,"17.0","0.733333333333333",5,26,"11.0",0,12,0,0.416666666666667,0,3,0,43,"0.0",35,15,40,1,"85.0","2.0",2199,2131,11908,0,0,62,292,"0.0",297,0.738095238095238,"0.0",286,6.90697674418605,7.15,184,2134,16,45362,3035,66,1571,291,17113,11938,260912,"true"
0,3,"1.0","1.0",3,5,38,9,0,4,0,"8.0","0.75",1,4,"3.0",0,2,0,0.5,1,21,1,65,"1.0",50,31,44,30,"0.0","1.0",1179,875,7531,0.0693815987933635,0,47,159,"0.0",154,0.966145833333333,"0.666666666666667",104,2.36923076923077,2.36363636363636,184,2134,16,45362,3035,66,1571,291,17113,11938,260912,"false"
0,0,"8.0","4.0",0,5,31,8,0,3,0,"12.0","0.0",3,0,"0.0",0,3,0,1,0,5,0,44,"0.0",46,17,39,24,"0.0","1.0",1239,1152,2852,0.193675889328063,0,24,97,"0.0",229,0.887596899224806,"0.0",213,5.20454545454545,5.46153846153846,184,2134,16,45362,3035,66,1571,291,17113,11938,260912,"false"
2,0,"0.0","0.0",0,5,78,15,0,8,0,"12.0","1.0",2,6,"4.0",0,3,0,0.666666666666667,1,1,1,40,"0.0",45,36,39,9,"0.0","1.0",2043,2003,20666,0.036036036036036,7,44,225,"0.0",242,0.98005698005698,"0.222222222222222",235,6.05,6.02564102564103,184,2134,16,45362,3035,66,1571,291,17113,11938,260912,"true"
1,1,"0.0","0.0",1,5,33,7,0,7,0,"7.0","0.0",0,0,"0.0",0,0,0,0,0,0,0,8,"0.0",0,0,8,1,"0.0","1.0",369,369,0,0,0,0,8,"0.0",63,1,"1.0",63,7.875,7.875,96,756,11,17329,801,66,1571,291,17113,11938,260912,"false"
2,0,"0.0","0.0",0,5,22,6,0,6,0,"7.0","0.0",3,8,"0.0",0,5,0,0.6,0,0,0,143,"0.0",61,112,143,8,"0.0","1.0",3849,3849,129220,0.0037400654511454,0,143,685,"0.0",478,0.985915492957746,"1.0",478,3.34265734265734,3.34265734265734,96,756,11,17329,801,66,1571,291,17113,11938,260912,"false"
0,0,"1.0","1.0",0,5,32,9,0,4,0,"6.0","0.5",4,8,"1.0",0,5,0,0.8,0,1,0,92,"0.0",66,75,91,14,"0.0","1.0",3277,3271,23616,0.0297619047619048,3,103,313,"0.0",641,0.981946624803768,"0.833333333333333",640,6.96739130434783,7.03296703296703,70,686,5,18923,1266,66,1571,291,17113,11938,260912,"false"
1,0,"0.0","0.0",0,5,25,8,0,6,0,"6.0","1.0",0,0,"1.0",0,0,0,0,2,0,0,21,"0.0",0,0,21,2,"50.0","2.0",434,434,0,0.00952380952380952,2,1,21,"0.0",123,0.975,"0.894736842105263",123,5.85714285714286,5.85714285714286,14,84,3,1568,101,66,1571,291,17113,11938,260912,"false"
4,0,"1.0","1.0",0,5,119,23,0,12,0,"15.0","0.666666666666667",4,7,"2.0",0,4,0,1,0,0,0,6,"0.0",2,10,6,2,"3.0","2.0",228,228,171,0,0,14,25,"0.0",36,1,"1.0",36,6,6,46,268,6,8188,296,66,1571,291,17113,11938,260912,"true"
1,0,"3.0","2.0",0,5,80,7,0,9,0,"21.0","0.727272727272727",15,42,"8.0",0,21,0,0.714285714285714,0,7,1,32,"1.0",35,49,25,27,"79.0","3.0",1267,1212,5099,0.129032258064516,2,98,318,"0.0",94,0.958183990442055,"0.714285714285714",87,2.9375,3.48,46,268,6,8188,296,66,1571,291,17113,11938,260912,"false"
1,0,"2.0","1.0",0,5,67,21,0,9,0,"11.0","0.0",1,2,"0.0",0,2,0,0.5,0,8,4,47,"1.0",50,39,39,20,"79.0","3.0",1913,1812,4405,0.154654654654655,1,82,279,"0.0",240,0.959782608695652,"0.75",227,5.1063829787234,5.82051282051282,81,516,24,21006,599,66,1571,291,17113,11938,260912,"true"
1,0,"3.0","1.0",0,5,22,6,0,5,0,"10.0","0.25",3,12,"1.0",0,7,0,0.428571428571429,0,2,1,31,"1.0",158,44,29,22,"46.0","2.0",1068,1050,8825,0.391625615763547,1,79,301,"1.0",117,0.951515151515152,"0.75",115,3.7741935483871,3.96551724137931,81,516,24,21006,599,66,1571,291,17113,11938,260912,"false"
1,0,"0.0","0.0",0,5,30,13,0,3,0,"4.0","1.0",1,2,"1.0",0,1,0,1,0,1,1,35,"0.0",50,35,34,16,"47.0","2.0",1533,1524,4783,0.358333333333333,1,72,214,"0.0",186,0.948529411764706,"0.666666666666667",185,5.31428571428571,5.44117647058824,81,516,24,21006,599,66,1571,291,17113,11938,260912,"true"
4,0,"1.0","1.0",0,5,24,5,0,7,0,"10.0","0.666666666666667",2,4,"2.0",0,3,0,0.666666666666667,0,8,1,27,"0.0",21,18,19,16,"0.0","1.0",925,683,3010,0.274509803921569,0,18,93,"0.0",139,0.913461538461539,"0.6",91,5.14814814814815,4.78947368421053,81,516,24,21006,599,66,1571,291,17113,11938,260912,"false"
5,0,"8.0","3.0",0,5,68,13,0,13,0,"27.0","0.333333333333333",8,18,"4.0",0,14,0,0.571428571428571,0,8,1,27,"0.0",21,18,19,16,"0.0","1.0",925,683,3010,0.274509803921569,0,18,93,"0.0",139,0.913461538461539,"0.6",91,5.14814814814815,4.78947368421053,81,516,24,21006,599,66,1571,291,17113,11938,260912,"false"
1,0,"1.0","1.0",0,5,43,6,0,9,0,"11.0","0.5",5,10,"1.0",0,6,0,0.833333333333333,1,0,0,3,"0.0",1,5,3,1,"0.0","1.0",66,66,38,1,0,7,10,"0.0",10,0.5,"1.0",10,3.33333333333333,3.33333333333333,24,157,1,2316,198,66,1571,291,17113,11938,260912,"false"
2,0,"4.0","3.0",0,5,51,11,0,7,0,"16.0","0.428571428571429",3,4,"3.0",0,7,0,0.428571428571429,1,40,1,97,"2.0",42,32,57,40,"61.0","3.0",1622,1230,8741,0.104240766073871,13,55,247,"0.0",229,0.969791666666667,"0.376623376623377",182,2.36082474226804,3.19298245614035,12,88,0,2918,201,66,1571,291,17113,11938,260912,"true"
5,0,"4.0","3.0",0,7,42,14,0,13,0,"17.0","0.0",3,2,"0.0",0,5,0,0.6,0,5,0,44,"0.0",46,17,39,24,"0.0","1.0",1239,1152,2852,0.193675889328063,0,24,97,"0.0",229,0.887596899224806,"0.0",213,5.20454545454545,5.46153846153846,184,2134,16,45362,3035,66,1571,291,17113,11938,260912,"false"
1,0,"11.0","3.0",0,9,116,21,0,6,0,"21.0","0.266666666666667",2,9,"4.0",0,4,0,0.5,0,3,0,43,"0.0",33,15,40,5,"85.0","2.0",2272,2205,11359,0,0,62,289,"0.0",297,0.933333333333333,"0.0",286,6.90697674418605,7.15,184,2134,16,45362,3035,66,1571,291,17113,11938,260912,"true"
1,0,"0.0","0.0",0,6,97,11,0,14,0,"37.0","0.666666666666667",1,2,"4.0",0,1,0,1,1,4,1,13,"0.0",16,10,9,18,"0.0","1.0",637,577,566,0.363636363636364,0,15,36,"1.0",56,0.902777777777778,"1.0",46,4.30769230769231,5.11111111111111,184,2134,16,45362,3035,66,1571,291,17113,11938,260912,"true"
0,1,"0.0","0.0",1,6,59,12,0,5,0,"10.0","0.6",3,6,"3.0",0,5,0,0.6,2,1,0,13,"1.0",0,6,12,6,"0.0","1.0",279,215,263,0.0444444444444444,0,10,26,"1.0",43,0.944444444444444,"1.0",31,3.30769230769231,2.58333333333333,184,2134,16,45362,3035,66,1571,291,17113,11938,260912,"true"
2,1,"3.0","3.0",1,6,87,14,0,12,0,"15.0","0.0",3,24,"0.0",0,13,0,0.230769230769231,0,0,0,143,"0.0",61,112,143,8,"0.0","1.0",3849,3849,129220,0.0037400654511454,0,143,685,"0.0",478,0.985915492957746,"1.0",478,3.34265734265734,3.34265734265734,96,756,11,17329,801,66,1571,291,17113,11938,260912,"false"
2,0,"4.0","2.0",0,6,282,46,0,16,0,"44.0","0.851851851851852",3,12,"23.0",0,7,0,0.428571428571429,1,0,0,19,"0.0",8,8,19,36,"0.0","1.0",815,815,322,0.0549450549450549,0,9,36,"0.0",115,0.969135802469136,"1.0",115,6.05263157894737,6.05263157894737,96,756,11,17329,801,66,1571,291,17113,11938,260912,"true"
1,0,"0.0","0.0",0,6,199,1,0,2,0,"1.0","0.0",1,2,"0.0",0,1,0,1,0,2,3,13,"1.0",4,9,11,8,"18.0","3.0",560,486,199,0.0181818181818182,0,23,72,"0.0",38,1.05208333333333,"1.0",26,2.92307692307692,2.36363636363636,70,686,5,18923,1266,66,1571,291,17113,11938,260912,"false"
3,0,"1.0","1.0",0,6,85,23,0,12,0,"17.0","0.75",5,18,"3.0",0,10,0,0.5,0,8,4,47,"1.0",50,39,39,20,"79.0","3.0",1913,1812,4405,0.154654654654655,1,82,279,"0.0",240,0.959782608695652,"0.75",227,5.1063829787234,5.82051282051282,81,516,24,21006,599,66,1571,291,17113,11938,260912,"true"
0,0,"0.0","0.0",0,7,77,12,0,9,0,"15.0","1.0",1,2,"6.0",0,1,0,1,0,2,1,31,"1.0",158,44,29,22,"46.0","2.0",1068,1050,8825,0.391625615763547,1,79,301,"1.0",117,0.951515151515152,"0.75",115,3.7741935483871,3.96551724137931,81,516,24,21006,599,66,1571,291,17113,11938,260912,"false"
1,0,"11.0","5.0",0,6,360,45,0,28,0,"47.0","0.352941176470588",16,60,"6.0",0,31,0,0.516129032258065,0,3,1,42,"1.0",73,46,39,39,"46.0","2.0",2014,1979,7535,0.186344238975818,2,83,235,"0.0",256,0.972482801751094,"0.75",252,6.0952380952381,6.46153846153846,81,516,24,21006,599,66,1571,291,17113,11938,260912,"true"
0,3,"30.0","2.0",5,6,167,10,0,5,0,"57.0","0.392156862745098",3,16,"20.0",0,4,0,0.75,0,5,5,35,"0.0",96,49,30,33,"47.0","2.0",2656,2459,9148,0.258064516129032,3,84,275,"0.0",262,0.961675579322638,"0.4",231,7.48571428571429,7.7,81,516,24,21006,599,66,1571,291,17113,11938,260912,"true"
0,0,"1.0","1.0",0,6,87,13,0,2,0,"19.0","0.933333333333333",2,2,"14.0",0,2,0,1,0,3,4,43,"1.0",94,53,40,48,"46.0","2.0",2197,2177,7741,0.230769230769231,4,88,260,"0.0",281,0.96577380952381,"0.642857142857143",278,6.53488372093023,6.95,81,516,24,21006,599,66,1571,291,17113,11938,260912,"true"
1,0,"8.0","3.0",0,6,59,12,0,7,0,"16.0","0.111111111111111",5,10,"1.0",0,8,0,0.625,0,3,4,43,"1.0",94,53,40,48,"46.0","2.0",2197,2177,7741,0.230769230769231,4,88,260,"0.0",281,0.96577380952381,"0.642857142857143",278,6.53488372093023,6.95,81,516,24,21006,599,66,1571,291,17113,11938,260912,"true"
0,1,"14.0","3.0",1,7,140,16,0,6,0,"30.0","0.416666666666667",3,11,"10.0",0,4,0,0.75,0,0,0,6,"1.0",24,11,6,6,"46.0","2.0",364,364,177,0.333333333333333,0,45,128,"0.0",45,0.733333333333333,"1.0",45,7.5,7.5,81,516,24,21006,599,66,1571,291,17113,11938,260912,"true"
0,0,"9.0","2.0",0,7,92,10,0,6,0,"26.0","0.55",3,12,"11.0",0,5,0,0.6,0,2,0,25,"0.0",62,26,23,50,"47.0","2.0",1183,1163,2598,0.186147186147186,2,58,196,"0.0",139,0.975833333333333,"0.6",137,5.56,5.95652173913043,10,75,0,2515,81,66,1571,291,17113,11938,260912,"true"
0,0,"0.0","0.0",0,6,33,9,0,3,0,"6.0","1.0",1,2,"3.0",0,1,0,1,1,40,1,97,"2.0",42,32,57,40,"61.0","3.0",1622,1230,8741,0.104240766073871,13,55,247,"0.0",229,0.969791666666667,"0.376623376623377",182,2.36082474226804,3.19298245614035,12,88,0,2918,201,66,1571,291,17113,11938,260912,"false"
2,0,"5.0","2.0",0,7,162,18,0,15,0,"26.0","0.444444444444444",3,13,"4.0",0,7,0,0.428571428571429,0,0,0,2,"0.0",6,3,2,4,"25.0","4.0",187,187,45,0,3,8,11,"1.0",19,1.25,"0.4",19,9.5,9.5,10,12,0,848,12,66,1571,291,17113,11938,260912,"true"
3,0,"1.0","1.0",0,6,85,20,0,17,0,"22.0","0.8",8,26,"4.0",0,13,0,0.615384615384615,1,7,24,74,"0.0",22,45,67,66,"522.0","5.0",2120,1979,4383,0.208080808080808,2,28,140,"1.0",221,0.969074304690743,"0.791666666666667",202,2.98648648648649,3.01492537313433,32,115,1,2904,124,66,1571,291,17113,11938,260912,"true"
1,1,"0.0","0.0",1,1,4,1,0,1,0,"2.0","1.0",0,0,"1.0",0,0,0,0,0,2,0,5,"0.0",0,2,3,2,"4.0","2.0",71,52,20,0.5,0,4,15,"0.0",8,0.75,"0.6",6,1.6,2,11,35,0,809,37,11,58,2,541,326,7842,"false"
0,0,"0.0","0.0",0,1,5,1,0,0,0,"0.0","0.0",1,2,"0.0",0,1,0,1,0,0,0,11,"0.0",0,10,11,0,"14.0","2.0",85,85,150,0,0,13,37,"0.0",11,0,"1.0",11,1,1,11,35,0,809,37,11,58,2,541,326,7842,"false"
1,0,"1.0","1.0",0,1,3,1,0,1,0,"2.0","0.0",0,0,"0.0",0,0,0,0,0,1,0,27,"0.0",8,8,26,2,"0.0","1.0",306,297,856,0,0,8,44,"0.0",36,1.03846153846154,"0.962962962962963",35,1.33333333333333,1.34615384615385,7,57,1,889,86,11,58,2,541,326,7842,"false"
1,1,"0.0","0.0",1,1,3,1,0,1,0,"2.0","1.0",0,0,"1.0",0,0,0,0,0,6,0,12,"1.0",0,0,6,3,"0.0","1.0",112,58,0,0.194444444444444,0,1,12,"0.0",12,0.848484848484848,"0.5",6,1,1,7,57,1,889,86,11,58,2,541,326,7842,"false"
4,0,"0.0","0.0",0,1,6,1,0,5,0,"5.0","0.0",2,4,"0.0",0,2,0,1,0,2,0,17,"0.0",14,7,15,2,"0.0","1.0",203,193,306,0,0,7,31,"0.0",36,1.0625,"0.818181818181818",34,2.11764705882353,2.26666666666667,10,60,1,1447,77,11,58,2,541,326,7842,"false"
5,1,"4.0","1.0",1,2,20,3,0,7,0,"15.0","0.0",3,4,"0.0",0,6,0,0.5,0,2,0,17,"0.0",14,7,15,2,"0.0","1.0",203,193,306,0,0,7,31,"0.0",36,1.0625,"0.818181818181818",34,2.11764705882353,2.26666666666667,10,60,1,1447,77,11,58,2,541,326,7842,"false"
0,2,"0.0","0.0",3,1,4,1,0,0,0,"1.0","1.0",0,0,"1.0",0,0,0,0,0,4,0,8,"0.0",0,0,4,8,"0.0","1.0",151,113,0,0.6,0,0,8,"0.0",16,0.928571428571429,"0.428571428571429",12,2,3,10,60,1,1447,77,11,58,2,541,326,7842,"false"
0,0,"0.0","0.0",0,1,3,1,0,0,0,"0.0","0.0",0,0,"0.0",0,0,0,0,0,2,0,7,"1.0",0,0,5,1,"31.0","3.0",59,41,18,0.3,0,8,43,"0.0",8,0.666666666666667,"0.714285714285714",6,1.14285714285714,1.2,4,18,0,306,34,11,58,2,541,326,7842,"false"
1,0,"0.0","0.0",0,3,25,4,0,6,0,"6.0","0.0",0,0,"0.0",0,0,0,0,0,1,0,23,"0.0",0,0,22,4,"0.0","1.0",307,295,0,0.128571428571429,0,0,23,"0.0",33,0.875,"0.954545454545455",32,1.43478260869565,1.45454545454545,4,34,0,1229,42,11,58,2,541,326,7842,"false"
0,0,"0.0","0.0",0,1,4,1,0,0,0,"2.0","1.0",0,0,"2.0",0,0,0,0,0,1,0,23,"0.0",0,0,22,4,"0.0","1.0",307,295,0,0.128571428571429,0,0,23,"0.0",33,0.875,"0.954545454545455",32,1.43478260869565,1.45454545454545,4,34,0,1229,42,11,58,2,541,326,7842,"false"
0,0,"0.0","0.0",0,1,5,1,0,0,0,"1.0","1.0",0,0,"1.0",0,0,0,0,0,1,0,23,"0.0",0,0,22,4,"0.0","1.0",307,295,0,0.128571428571429,0,0,23,"0.0",33,0.875,"0.954545454545455",32,1.43478260869565,1.45454545454545,4,34,0,1229,42,11,58,2,541,326,7842,"false"
2,1,"0.0","0.0",1,1,5,1,0,2,0,"2.0","0.0",0,0,"0.0",0,0,0,0,0,8,0,14,"0.0",1,2,6,4,"0.0","1.0",151,75,24,0.0727272727272727,0,2,16,"0.0",17,0.923076923076923,"0.428571428571429",9,1.21428571428571,1.5,6,33,0,790,64,11,58,2,541,326,7842,"false"
3,0,"0.0","0.0",0,1,7,1,0,3,0,"6.0","1.0",0,0,"3.0",0,0,0,0,0,8,0,14,"0.0",1,2,6,4,"0.0","1.0",151,75,24,0.0727272727272727,0,2,16,"0.0",17,0.923076923076923,"0.428571428571429",9,1.21428571428571,1.5,6,33,0,790,64,11,58,2,541,326,7842,"false"
1,0,"0.0","0.0",0,1,8,3,0,1,0,"2.0","1.0",0,0,"1.0",0,0,0,0,0,16,0,24,"1.0",0,2,8,10,"0.0","1.0",309,157,88,0.119047619047619,0,2,26,"0.0",46,0.926086956521739,"0.333333333333333",30,1.91666666666667,3.75,6,33,0,790,64,11,58,2,541,326,7842,"false"
1,0,"1.0","1.0",0,2,15,2,0,4,0,"6.0","0.5",1,2,"1.0",0,2,0,0.5,0,1,0,6,"0.0",1,1,5,1,"0.0","1.0",68,54,10,1,0,1,8,"0.0",8,0.4,"0.833333333333333",6,1.33333333333333,1.2,6,33,0,790,64,11,58,2,541,326,7842,"false"
0,0,"1.0","1.0",0,1,4,1,0,0,0,"1.0","0.0",0,0,"0.0",0,0,0,0,0,2,0,7,"0.0",4,3,5,3,"11.0","2.0",100,80,78,0,0,8,30,"0.0",10,1.16666666666667,"0.714285714285714",8,1.42857142857143,1.6,6,33,0,790,64,11,58,2,541,326,7842,"false"
1,2,"0.0","0.0",2,1,4,1,0,1,0,"1.0","0.0",0,0,"0.0",0,0,0,0,0,0,0,4,"0.0",0,0,4,0,"15.0","4.0",23,23,0,1,0,0,4,"0.0",4,0,"1.0",4,1,1,3,22,0,316,22,11,58,2,541,326,7842,"false"
1,0,"0.0","0.0",0,1,5,1,0,1,0,"1.0","0.0",0,0,"0.0",0,0,0,0,0,0,0,2,"0.0",0,0,2,0,"11.0","2.0",15,15,0,0,0,4,21,"0.0",2,0,"1.0",2,1,1,2,5,0,44,5,11,58,2,541,326,7842,"false"
5,1,"1.0","1.0",1,5,68,11,0,13,0,"14.0","0.0",3,16,"0.0",0,8,0,0.375,0,2,0,17,"0.0",14,7,15,2,"0.0","1.0",203,193,306,0,0,7,31,"0.0",36,1.0625,"0.818181818181818",34,2.11764705882353,2.26666666666667,10,60,1,1447,77,11,58,2,541,326,7842,"true"
7,0,"9.0","2.0",0,5,176,23,0,18,0,"32.0","0.1",3,6,"1.0",0,7,0,0.428571428571429,0,0,0,18,"0.0",13,5,18,1,"0.0","1.0",538,538,104,0,0,6,31,"0.0",45,1,"1.0",45,2.5,2.5,10,60,1,1447,77,11,58,2,541,326,7842,"true"
1,0,"0.0","0.0",0,5,44,8,0,7,0,"9.0","1.0",0,0,"2.0",0,0,0,0,0,1,0,23,"0.0",0,0,22,4,"0.0","1.0",307,295,0,0.128571428571429,0,0,23,"0.0",33,0.875,"0.954545454545455",32,1.43478260869565,1.45454545454545,4,34,0,1229,42,11,58,2,541,326,7842,"true"
1,0,"0.0","0.0",0,1,3,1,0,1,0,"2.0","1.0",0,0,"1.0",0,0,0,0,3,12,0,31,"3.0",1,4,19,18,"6.0","2.0",583,409,144,0.177248677248677,5,10,49,"1.0",58,0.925925925925926,"0.5",39,1.87096774193548,2.05263157894737,15,179,3,4573,226,69,960,103,11810,10192,247421,"false"
0,0,"0.0","0.0",0,1,3,1,0,0,0,"1.0","1.0",1,2,"1.0",0,1,0,1,3,0,0,29,"1.0",0,3,29,13,"8.0","2.0",656,656,1236,0.612535612535613,0,7,66,"0.0",86,0.865384615384615,"1.0",86,2.96551724137931,2.96551724137931,14,261,4,5108,268,69,960,103,11810,10192,247421,"false"
1,1,"0.0","0.0",1,1,3,1,0,1,0,"2.0","1.0",0,0,"1.0",0,0,0,0,8,30,0,114,"1.0",4,16,84,78,"521.0","5.0",2870,2372,8500,0.10013325718637,21,20,157,"1.0",302,0.980258679373724,"0.603305785123967",242,2.64912280701754,2.88095238095238,22,415,4,12125,523,69,960,103,11810,10192,247421,"false"
3,0,"0.0","0.0",0,1,7,1,0,3,0,"4.0","1.0",2,4,"1.0",0,2,0,1,5,16,0,70,"1.0",7,19,54,22,"0.0","1.0",1495,1164,2510,0.0843253968253968,6,25,110,"0.0",164,0.957180500658762,"0.685714285714286",123,2.34285714285714,2.27777777777778,22,415,4,12125,523,69,960,103,11810,10192,247421,"false"
1,0,"0.0","0.0",0,1,3,1,0,1,0,"3.0","0.0",0,0,"0.0",0,0,0,0,4,20,1,52,"5.0",9,10,32,15,"236.0","3.0",1283,976,1688,0.0726950354609929,0,32,379,"6.0",123,0.941176470588235,"0.545454545454545",101,2.36538461538462,3.15625,42,502,2,18042,690,69,960,103,11810,10192,247421,"false"
0,0,"0.0","0.0",0,1,3,1,0,0,0,"1.0","1.0",0,0,"1.0",0,0,0,0,1,0,0,19,"2.0",0,1,19,6,"17.0","2.0",337,337,4,0.516483516483517,2,10,37,"0.0",29,0.907407407407407,"0.904761904761905",29,1.52631578947368,1.52631578947368,26,480,1,9366,498,69,960,103,11810,10192,247421,"false"
1,0,"0.0","0.0",0,2,10,3,0,2,0,"3.0","1.0",0,0,"1.0",0,0,0,0,3,2,1,42,"1.0",0,5,40,22,"19.0","5.0",888,867,1353,0.165165165165165,3,15,78,"0.0",88,0.946784922394679,"0.871794871794872",86,2.0952380952381,2.15,26,480,1,9366,498,69,960,103,11810,10192,247421,"false"
0,1,"0.0","0.0",1,1,5,1,0,0,0,"2.0","1.0",1,3,"2.0",0,1,0,1,0,9,1,34,"12.0",0,8,25,11,"152.0","4.0",1083,943,2407,0.21957671957672,2,24,232,"0.0",125,0.920110192837466,"0.607142857142857",112,3.67647058823529,4.48,48,640,2,19667,781,69,960,103,11810,10192,247421,"false"
0,1,"0.0","0.0",1,1,3,1,0,0,0,"1.0","1.0",0,0,"1.0",0,0,0,0,2,7,0,38,"3.0",4,10,31,11,"128.0","3.0",1271,1136,3345,0.0349206349206349,4,23,215,"5.0",111,0.98034398034398,"0.645161290322581",96,2.92105263157895,3.09677419354839,48,640,2,19667,781,69,960,103,11810,10192,247421,"false"
1,1,"0.0","0.0",1,2,7,2,0,2,0,"3.0","1.0",0,0,"1.0",0,0,0,0,1,6,0,41,"2.0",0,8,35,12,"62.0","2.0",765,647,1689,0.115873015873016,0,28,127,"0.0",89,0.910416666666667,"0.842105263157895",76,2.17073170731707,2.17142857142857,14,201,4,5139,273,69,960,103,11810,10192,247421,"false"
1,1,"0.0","0.0",1,1,3,1,0,1,0,"2.0","1.0",0,0,"1.0",0,0,0,0,2,14,0,38,"4.0",3,1,24,15,"31.0","2.0",682,496,215,0.14453781512605,0,6,81,"0.0",77,0.893693693693694,"0.6",60,2.02631578947368,2.5,10,148,0,3987,202,69,960,103,11810,10192,247421,"false"
0,0,"0.0","0.0",0,1,3,1,0,0,0,"1.0","1.0",0,0,"1.0",0,0,0,0,1,1,0,10,"0.0",4,3,9,9,"522.0","5.0",229,206,98,0.142857142857143,0,4,21,"0.0",19,0.925925925925926,"0.875",16,1.9,1.77777777777778,10,79,2,2096,84,69,960,103,11810,10192,247421,"false"
1,0,"0.0","0.0",0,5,30,8,0,10,0,"13.0","1.0",1,8,"3.0",0,4,0,0.25,4,3,0,36,"3.0",4,5,33,5,"18.0","5.0",580,542,1609,0.354166666666667,0,14,93,"0.0",73,0.76,"0.911764705882353",70,2.02777777777778,2.12121212121212,39,564,12,9554,584,69,960,103,11810,10192,247421,"false"
1,0,"0.0","0.0",0,5,27,8,0,7,0,"7.0","0.0",0,0,"0.0",0,0,0,0,4,0,0,8,"1.0",0,0,8,2,"0.0","1.0",143,143,0,0.476190476190476,0,1,8,"0.0",20,0.785714285714286,"1.0",20,2.5,2.5,26,207,11,4046,208,69,960,103,11810,10192,247421,"false"
10,1,"2.0","1.0",1,5,138,26,0,25,0,"33.0","0.714285714285714",7,40,"5.0",0,15,0,0.466666666666667,3,20,0,44,"4.0",8,9,24,15,"237.0","3.0",988,665,1128,0.0905923344947735,0,33,375,"3.0",100,0.934883720930233,"0.545454545454545",77,2.27272727272727,3.20833333333333,28,387,2,14624,551,69,960,103,11810,10192,247421,"true"
10,0,"2.0","1.0",0,5,206,33,0,30,0,"35.0","0.5",8,50,"2.0",0,16,0,0.5,3,2,0,12,"4.0",2,9,10,3,"275.0","4.0",395,363,494,0.535714285714286,0,36,385,"0.0",48,0.696969696969697,"0.8",46,4,4.6,28,387,2,14624,551,69,960,103,11810,10192,247421,"true"
12,0,"2.0","1.0",0,5,77,14,0,20,0,"24.0","0.666666666666667",5,21,"4.0",0,8,0,0.625,3,7,0,24,"5.0",2,11,17,8,"236.0","3.0",508,394,718,0.185714285714286,0,35,351,"0.0",60,0.869565217391304,"0.666666666666667",50,2.5,2.94117647058824,42,502,2,18042,690,69,960,103,11810,10192,247421,"true"
0,1,"0.0","0.0",1,5,49,7,0,10,0,"13.0","1.0",2,8,"3.0",0,3,0,0.666666666666667,0,3,0,15,"0.0",0,5,12,7,"188.0","2.0",319,236,124,0.1,2,13,228,"0.0",44,0.877551020408163,"0.5",34,2.93333333333333,2.83333333333333,13,174,2,5920,290,69,960,103,11810,10192,247421,"false"
1,0,"3.0","1.0",0,5,47,8,0,17,0,"23.0","0.5",3,24,"3.0",0,12,0,0.25,3,2,0,24,"0.0",3,5,22,4,"20.0","5.0",420,391,686,0.261904761904762,0,14,72,"0.0",48,0.83695652173913,"0.91304347826087",45,2,2.04545454545455,26,480,1,9366,498,69,960,103,11810,10192,247421,"false"
3,0,"1.0","1.0",0,5,98,16,0,21,0,"26.0","0.75",4,19,"3.0",0,7,0,0.571428571428571,2,14,1,51,"7.0",19,16,37,12,"124.0","3.0",1783,1508,4853,0.0841638981173865,4,29,249,"0.0",169,0.961666666666667,"0.581395348837209",139,3.31372549019608,3.75675675675676,48,640,2,19667,781,69,960,103,11810,10192,247421,"true"
1,0,"0.0","0.0",0,5,31,5,0,5,0,"6.0","1.0",1,8,"1.0",0,4,0,0.25,3,4,3,45,"2.0",0,3,41,21,"0.0","1.0",1585,1519,958,0.0670731707317073,7,0,61,"0.0",87,0.971861471861472,"0.775510204081633",78,1.93333333333333,1.90243902439024,48,640,2,19667,781,69,960,103,11810,10192,247421,"false"
4,0,"1.0","1.0",0,5,79,13,0,18,0,"30.0","0.909090909090909",3,22,"10.0",0,10,0,0.3,3,13,0,47,"11.0",1,9,34,15,"120.0","3.0",1132,928,3933,0.176923076923077,0,23,223,"0.0",129,0.904347826086956,"0.666666666666667",108,2.74468085106383,3.17647058823529,48,640,2,19667,781,69,960,103,11810,10192,247421,"true"
0,0,"0.0","0.0",0,5,18,5,0,6,0,"8.0","1.0",0,0,"1.0",0,0,0,0,1,4,0,24,"13.0",8,5,20,4,"254.0","3.0",584,517,1351,0.359307359307359,0,44,373,"0.0",75,0.83695652173913,"0.863636363636364",66,3.125,3.3,46,1076,5,33993,1556,69,960,103,11810,10192,247421,"false"
1,0,"0.0","0.0",0,5,24,7,0,6,0,"9.0","1.0",0,0,"3.0",0,0,0,0,7,68,0,213,"7.0",19,27,145,59,"56.0","2.0",4827,3636,34819,0.0223816355810617,8,46,373,"2.0",576,0.98433002878158,"0.623762376237624",447,2.70422535211268,3.08275862068966,46,1076,5,33993,1556,69,960,103,11810,10192,247421,"false"
1,0,"0.0","0.0",0,5,49,9,0,10,0,"10.0","0.0",5,12,"0.0",0,6,0,0.833333333333333,0,0,0,52,"0.0",1,25,52,0,"0.0","1.0",1968,1968,6872,0,0,27,108,"0.0",315,0,"1.0",315,6.05769230769231,6.05769230769231,19,225,11,4955,245,69,960,103,11810,10192,247421,"true"
1,0,"0.0","0.0",0,5,44,8,0,9,0,"9.0","0.0",3,10,"0.0",0,5,0,0.6,0,0,0,52,"0.0",1,25,52,0,"0.0","1.0",1968,1968,6872,0,0,27,108,"0.0",315,0,"1.0",315,6.05769230769231,6.05769230769231,19,225,11,4955,245,69,960,103,11810,10192,247421,"true"
1,0,"0.0","0.0",0,5,48,9,0,10,0,"10.0","0.0",5,12,"0.0",0,6,0,0.833333333333333,0,0,0,52,"0.0",1,25,52,0,"0.0","1.0",1968,1968,6872,0,0,27,108,"0.0",315,0,"1.0",315,6.05769230769231,6.05769230769231,19,225,11,4955,245,69,960,103,11810,10192,247421,"true"
2,1,"0.0","0.0",1,5,35,8,0,13,0,"13.0","0.0",2,8,"0.0",0,4,0,0.5,0,0,0,52,"0.0",1,25,52,0,"0.0","1.0",1968,1968,6872,0,0,27,108,"0.0",315,0,"1.0",315,6.05769230769231,6.05769230769231,19,225,11,4955,245,69,960,103,11810,10192,247421,"false"
1,0,"0.0","0.0",0,5,30,8,0,6,0,"7.0","1.0",0,0,"1.0",0,0,0,0,4,0,0,8,"1.0",0,0,8,2,"0.0","1.0",166,166,0,0.714285714285714,0,1,8,"0.0",20,0.714285714285714,"1.0",20,2.5,2.5,9,56,4,1138,56,69,960,103,11810,10192,247421,"false"
1,0,"0.0","0.0",0,5,37,10,0,8,0,"8.0","0.0",0,0,"0.0",0,0,0,0,4,0,0,8,"1.0",0,0,8,2,"0.0","1.0",149,149,0,0.476190476190476,0,1,8,"0.0",22,0.785714285714286,"1.0",22,2.75,2.75,9,56,4,1138,56,69,960,103,11810,10192,247421,"true"
2,0,"0.0","0.0",0,6,42,8,0,12,0,"14.0","1.0",1,2,"2.0",0,1,0,1,2,0,0,13,"0.0",0,1,13,2,"16.0","4.0",264,264,54,0.444444444444444,0,8,37,"0.0",29,0.75,"1.0",29,2.23076923076923,2.23076923076923,39,564,12,9554,584,69,960,103,11810,10192,247421,"false"
0,0,"0.0","0.0",0,7,91,14,0,7,0,"22.0","1.0",2,6,"13.0",0,5,0,0.4,3,0,0,29,"1.0",0,3,29,13,"8.0","2.0",656,656,1236,0.612535612535613,0,7,66,"0.0",86,0.865384615384615,"1.0",86,2.96551724137931,2.96551724137931,14,261,4,5108,268,69,960,103,11810,10192,247421,"true"
10,0,"1.0","1.0",0,6,94,14,0,23,0,"33.0","0.9",5,18,"9.0",0,8,0,0.625,0,6,2,19,"1.0",1,7,13,10,"240.0","3.0",469,364,368,0.274725274725275,0,33,350,"0.0",43,0.883333333333333,"0.6",31,2.26315789473684,2.38461538461538,28,387,2,14624,551,69,960,103,11810,10192,247421,"true"
12,1,"3.0","2.0",1,6,198,40,0,42,0,"52.0","0.333333333333333",6,37,"3.0",0,15,0,0.4,4,12,1,37,"4.0",9,9,25,18,"237.0","3.0",997,800,1135,0.131182795698925,6,32,368,"1.0",107,0.95679012345679,"0.538461538461538",89,2.89189189189189,3.56,42,502,2,18042,690,69,960,103,11810,10192,247421,"true"
1,0,"0.0","0.0",0,6,49,7,0,7,0,"7.0","0.0",1,2,"0.0",0,1,0,1,1,0,0,25,"2.0",0,2,25,7,"17.0","2.0",562,562,116,0.55,2,10,46,"0.0",61,0.875,"0.916666666666667",61,2.44,2.44,26,480,1,9366,498,69,960,103,11810,10192,247421,"true"
4,0,"0.0","0.0",0,8,70,12,0,19,0,"19.0","0.0",3,16,"0.0",0,8,0,0.375,0,0,0,6,"0.0",0,9,6,0,"0.0","1.0",305,305,274,0,0,9,29,"0.0",38,0,"1.0",38,6.33333333333333,6.33333333333333,26,480,1,9366,498,69,960,103,11810,10192,247421,"true"
5,0,"0.0","0.0",0,8,68,12,0,16,0,"16.0","0.0",2,12,"0.0",0,6,0,0.333333333333333,0,0,0,6,"0.0",0,9,6,0,"0.0","1.0",305,305,274,0,0,9,29,"0.0",38,0,"1.0",38,6.33333333333333,6.33333333333333,26,480,1,9366,498,69,960,103,11810,10192,247421,"true"
3,0,"0.0","0.0",0,6,138,37,0,18,0,"20.0","1.0",2,8,"4.0",0,3,0,0.666666666666667,0,6,0,28,"7.0",0,4,22,10,"157.0","4.0",977,901,559,0.162393162393162,2,24,231,"0.0",143,0.896296296296296,"0.619047619047619",137,5.10714285714286,6.22727272727273,48,640,2,19667,781,69,960,103,11810,10192,247421,"true"
3,0,"0.0","0.0",0,10,179,29,0,18,0,"21.0","1.0",2,9,"5.0",0,3,0,0.666666666666667,0,6,0,28,"7.0",0,4,22,10,"157.0","4.0",977,901,559,0.162393162393162,2,24,231,"0.0",143,0.896296296296296,"0.619047619047619",137,5.10714285714286,6.22727272727273,48,640,2,19667,781,69,960,103,11810,10192,247421,"true"
10,0,"0.0","0.0",0,6,361,43,0,17,0,"17.0","0.0",0,0,"0.0",0,0,0,0,1,2,0,12,"3.0",9,9,10,3,"195.0","3.0",910,877,551,0.321428571428571,0,38,287,"0.0",85,0.878787878787879,"0.777777777777778",83,7.08333333333333,8.3,46,1076,5,33993,1556,69,960,103,11810,10192,247421,"true"
5,0,"1.0","1.0",0,6,122,17,0,37,0,"46.0","0.857142857142857",7,35,"6.0",0,12,0,0.583333333333333,2,6,0,21,"4.0",2,7,15,7,"194.0","3.0",480,383,573,0.258333333333333,0,38,295,"0.0",48,0.85,"0.625",40,2.28571428571429,2.66666666666667,46,1076,5,33993,1556,69,960,103,11810,10192,247421,"true"
0,2,"0.0","0.0",2,7,25,7,0,8,0,"10.0","1.0",3,8,"2.0",0,4,0,0.75,7,68,0,213,"7.0",19,27,145,59,"56.0","2.0",4827,3636,34819,0.0223816355810617,8,46,373,"2.0",576,0.98433002878158,"0.623762376237624",447,2.70422535211268,3.08275862068966,46,1076,5,33993,1556,69,960,103,11810,10192,247421,"false"
5,0,"1.0","1.0",0,7,60,13,0,18,0,"22.0","0.666666666666667",4,12,"2.0",0,7,0,0.571428571428571,7,68,0,213,"7.0",19,27,145,59,"56.0","2.0",4827,3636,34819,0.0223816355810617,8,46,373,"2.0",576,0.98433002878158,"0.623762376237624",447,2.70422535211268,3.08275862068966,46,1076,5,33993,1556,69,960,103,11810,10192,247421,"true"
5,0,"1.0","1.0",0,6,83,16,0,20,0,"21.0","0.0",7,24,"0.0",0,12,0,0.583333333333333,7,70,0,222,"6.0",18,28,152,62,"57.0","2.0",5381,4111,44777,0.0220386872419039,5,43,384,"2.0",682,0.983360093417019,"0.63768115942029",539,3.07207207207207,3.54605263157895,46,1076,5,33993,1556,69,960,103,11810,10192,247421,"true"
1,2,"0.0","0.0",2,6,99,20,0,17,0,"19.0","1.0",5,16,"1.0",0,9,0,0.555555555555556,7,70,0,222,"6.0",18,28,152,62,"57.0","2.0",5381,4111,44777,0.0220386872419039,5,43,384,"2.0",682,0.983360093417019,"0.63768115942029",539,3.07207207207207,3.54605263157895,46,1076,5,33993,1556,69,960,103,11810,10192,247421,"true"
2,0,"0.0","0.0",0,7,190,51,0,18,0,"22.0","1.0",0,1,"5.0",0,0,0,0,3,1,0,20,"0.0",0,1,19,6,"16.0","4.0",485,474,31,0.175,0,8,41,"0.0",73,0.885964912280702,"0.947368421052632",72,3.65,3.78947368421053,3,31,0,883,33,69,960,103,11810,10192,247421,"true"
2,0,"0.0","0.0",0,7,110,28,0,15,0,"19.0","1.0",0,3,"2.0",0,0,0,0,0,1,0,7,"0.0",0,0,6,3,"32.0","3.0",226,215,9,0.5,0,9,65,"0.0",35,0.944444444444444,"0.857142857142857",34,5,5.66666666666667,3,31,0,883,33,69,960,103,11810,10192,247421,"true"
2,0,"0.0","0.0",0,6,46,14,0,13,0,"13.0","0.0",3,12,"0.0",0,6,0,0.5,0,0,0,52,"0.0",1,25,52,0,"0.0","1.0",1968,1968,6872,0,0,27,108,"0.0",315,0,"1.0",315,6.05769230769231,6.05769230769231,19,225,11,4955,245,69,960,103,11810,10192,247421,"false"
0,0,"0.0","0.0",0,1,3,1,0,0,0,"0.0","0.0",0,0,"0.0",0,0,0,0,3,20,5,74,"9.0",49,19,54,51,"28.0","2.0",1770,1616,7157,0.0720779220779221,0,25,189,"0.0",301,0.968036529680365,"0.678571428571429",266,4.06756756756757,4.92592592592593,45,313,0,8348,385,21,1093,80,8798,7670,126255,"false"
0,0,"0.0","0.0",0,1,3,1,0,0,0,"1.0","1.0",0,0,"1.0",0,0,0,0,1,16,1,43,"0.0",0,10,27,12,"0.0","1.0",603,420,1266,0.0570409982174688,0,10,73,"0.0",86,0.952380952380952,"0.58974358974359",61,2,2.25925925925926,31,348,12,5792,436,21,1093,80,8798,7670,126255,"false"
1,0,"0.0","0.0",0,1,1,1,0,1,0,"0.0","0.0",0,0,"0.0",0,0,0,0,4,0,0,21,"0.0",1,4,21,20,"0.0","1.0",315,315,188,0.0409356725146199,0,5,26,"0.0",50,0.995,"1.0",50,2.38095238095238,2.38095238095238,64,260,0,5974,288,21,1093,80,8798,7670,126255,"false"
1,0,"0.0","0.0",0,1,3,1,0,1,0,"0.0","0.0",0,0,"0.0",0,0,0,0,0,0,0,1,"0.0",0,0,1,0,"15.0","2.0",5,5,0,1,0,0,1,"0.0",1,0,"1.0",1,1,1,64,260,0,5974,288,21,1093,80,8798,7670,126255,"false"
0,1,"0.0","0.0",1,1,1,1,0,0,0,"3.0","1.0",0,0,"1.0",0,0,0,0,1,4,0,12,"1.0",0,0,8,5,"0.0","1.0",29,17,0,0.178571428571429,0,0,12,"0.0",12,0.890909090909091,"0.777777777777778",8,1,1,103,748,11,17025,928,21,1093,80,8798,7670,126255,"false"
0,0,"0.0","0.0",0,1,3,2,0,0,0,"1.0","1.0",1,2,"1.0",0,1,0,1,2,6,3,47,"0.0",1,13,41,12,"0.0","1.0",734,666,2944,0.108527131782946,0,13,78,"0.0",136,0.931159420289855,"0.846153846153846",121,2.8936170212766,2.95121951219512,103,748,11,17025,928,21,1093,80,8798,7670,126255,"false"
1,1,"1.0","1.0",1,1,4,2,0,1,0,"2.0","0.0",0,0,"0.0",0,0,0,0,3,8,3,62,"4.0",26,19,54,22,"12.0","2.0",1140,1060,9160,0,0,21,114,"0.0",175,1.01639344262295,"0.864406779661017",160,2.82258064516129,2.96296296296296,103,748,11,17025,928,21,1093,80,8798,7670,126255,"false"
1,1,"0.0","0.0",1,1,3,1,0,1,0,"2.0","1.0",0,0,"1.0",0,0,0,0,1,15,2,19,"0.0",0,2,4,14,"0.0","1.0",362,281,14,0.176470588235294,0,2,22,"0.0",28,0.936507936507937,"0.210526315789474",12,1.47368421052632,3,103,748,11,17025,928,21,1093,80,8798,7670,126255,"false"
0,2,"0.0","0.0",2,2,9,4,0,2,0,"2.0","0.0",0,0,"0.0",0,0,0,0,0,4,1,30,"12.0",0,5,26,5,"40.0","2.0",374,341,742,0.283333333333333,0,5,43,"0.0",74,0.855172413793104,"0.823529411764706",66,2.46666666666667,2.53846153846154,103,748,11,17025,928,21,1093,80,8798,7670,126255,"false"
7,0,"0.0","0.0",0,1,14,1,0,7,0,"16.0","1.0",0,0,"8.0",0,0,0,0,1,14,12,27,"2.0",4,14,13,19,"35.0","2.0",1469,1413,542,0.0904761904761905,0,15,103,"0.0",99,0.951417004048583,"0.391304347826087",85,3.66666666666667,6.53846153846154,103,748,11,17025,928,21,1093,80,8798,7670,126255,"false"
0,1,"1.0","1.0",1,1,3,1,0,0,0,"1.0","0.0",0,0,"0.0",0,0,0,0,1,8,5,40,"1.0",24,14,32,18,"0.0","1.0",593,549,1815,0,0,15,75,"0.0",78,1.02564102564103,"0.783783783783784",68,1.95,2.125,103,748,11,17025,928,21,1093,80,8798,7670,126255,"false"
0,0,"0.0","0.0",0,1,3,1,0,0,0,"1.0","1.0",1,2,"1.0",0,1,0,1,0,5,0,29,"20.0",4,10,24,5,"116.0","3.0",387,362,2324,0.621693121693122,0,50,277,"0.0",88,0.792857142857143,"0.88",83,3.03448275862069,3.45833333333333,6,85,0,1693,96,21,1093,80,8798,7670,126255,"false"
2,0,"0.0","0.0",0,1,7,3,0,3,0,"3.0","0.0",1,2,"0.0",0,1,0,1,0,0,2,218,"0.0",37,34,218,22,"0.0","1.0",3856,3856,35562,0.00041405962458594,1,40,314,"0.0",774,0.991202346041056,"0.995238095238095",774,3.55045871559633,3.55045871559633,72,783,8,11259,840,21,1093,80,8798,7670,126255,"false"
0,0,"0.0","0.0",0,2,36,1,0,0,0,"0.0","0.0",1,2,"0.0",0,1,0,1,0,2,3,45,"15.0",0,3,43,1,"45.0","4.0",258,248,18,0.267441860465116,0,0,48,"0.0",45,0.5,"0.955555555555556",43,1,1,72,783,8,11259,840,21,1093,80,8798,7670,126255,"false"
1,1,"0.0","0.0",1,1,3,1,0,1,0,"3.0","1.0",0,0,"2.0",0,0,0,0,0,2,0,5,"1.0",0,0,3,3,"0.0","1.0",51,41,0,0.833333333333333,0,0,5,"0.0",10,0.583333333333333,"0.5",8,2,2.66666666666667,72,783,8,11259,840,21,1093,80,8798,7670,126255,"false"
0,0,"0.0","0.0",0,1,2,1,0,0,0,"1.0","1.0",0,0,"1.0",0,0,0,0,0,12,1,18,"4.0",7,5,6,6,"33.0","2.0",178,130,34,0.025,0,16,69,"0.0",33,0.598039215686275,"0.25",21,1.83333333333333,3.5,168,690,0,21327,989,21,1093,80,8798,7670,126255,"false"
0,0,"0.0","0.0",0,1,5,1,0,1,0,"3.0","1.0",0,0,"2.0",0,0,0,0,0,0,0,2,"1.0",0,0,2,3,"14.0","3.0",32,32,0,1,0,0,2,"0.0",2,1.33333333333333,"1.0",2,1,1,8,58,1,1223,59,21,1093,80,8798,7670,126255,"false"
1,0,"0.0","0.0",0,1,3,1,0,1,0,"2.0","1.0",0,0,"1.0",0,0,0,0,0,16,6,45,"0.0",1,11,29,29,"0.0","1.0",948,868,728,0.0473118279569892,11,10,72,"0.0",139,0.972570532915361,"0.41304347826087",123,3.08888888888889,4.24137931034483,39,311,1,6940,384,21,1093,80,8798,7670,126255,"false"
0,1,"0.0","0.0",1,1,3,1,0,0,0,"1.0","1.0",0,0,"1.0",0,0,0,0,0,10,1,34,"1.0",3,7,24,15,"0.0","1.0",585,499,704,0.302955665024631,0,10,52,"0.0",89,0.886868686868687,"0.6875",79,2.61764705882353,3.29166666666667,39,311,1,6940,384,21,1093,80,8798,7670,126255,"false"
3,0,"14.0","7.0",0,5,145,39,0,18,0,"36.0","0.222222222222222",13,48,"4.0",0,32,0,0.40625,0,0,0,12,"2.0",22,14,12,1,"19.0","2.0",329,329,785,0.0476190476190476,0,20,89,"0.0",74,0.818181818181818,"1.0",74,6.16666666666667,6.16666666666667,45,313,0,8348,385,21,1093,80,8798,7670,126255,"true"
0,0,"1.0","1.0",0,5,30,7,0,2,0,"7.0","0.8",2,10,"4.0",0,5,0,0.4,1,1,1,4,"0.0",3,5,3,5,"0.0","1.0",85,80,66,0.333333333333333,0,6,12,"0.0",17,0.733333333333333,"0.75",16,4.25,5.33333333333333,45,313,0,8348,385,21,1093,80,8798,7670,126255,"false"
2,0,"0.0","0.0",0,5,65,13,0,18,0,"24.0","1.0",3,10,"6.0",0,5,0,0.6,1,16,1,43,"0.0",0,10,27,12,"0.0","1.0",603,420,1266,0.0570409982174688,0,10,73,"0.0",86,0.952380952380952,"0.58974358974359",61,2,2.25925925925926,31,348,12,5792,436,21,1093,80,8798,7670,126255,"true"
0,0,"7.0","4.0",0,5,44,9,0,7,0,"21.0","0.222222222222222",7,16,"2.0",0,12,0,0.583333333333333,0,0,0,2,"1.0",7,7,2,2,"44.0","2.0",55,55,32,1,0,10,14,"0.0",10,0.5,"1.0",10,5,5,64,260,0,5974,288,21,1093,80,8798,7670,126255,"true"
3,0,"3.0","2.0",0,5,25,7,0,6,0,"15.0","0.666666666666667",5,12,"6.0",0,9,0,0.555555555555556,0,4,0,19,"1.0",4,9,15,3,"19.0","2.0",356,327,609,0.318681318681319,0,14,67,"0.0",73,0.740740740740741,"0.846153846153846",67,3.84210526315789,4.46666666666667,103,748,11,17025,928,21,1093,80,8798,7670,126255,"false"
1,3,"7.0","2.0",10,5,55,19,0,8,0,"15.0","0.0",8,28,"0.0",0,14,0,0.571428571428571,2,10,9,56,"1.0",31,24,46,24,"0.0","1.0",979,924,4231,0,0,21,116,"0.0",160,1.01818181818182,"0.803921568627451",148,2.85714285714286,3.21739130434783,103,748,11,17025,928,21,1093,80,8798,7670,126255,"true"
1,0,"2.0","1.0",0,5,42,7,0,7,0,"13.0","0.666666666666667",3,8,"4.0",0,6,0,0.5,1,0,0,2,"0.0",2,3,2,4,"0.0","1.0",77,77,36,0,0,4,11,"0.0",15,2,"1.0",15,7.5,7.5,103,748,11,17025,928,21,1093,80,8798,7670,126255,"false"
0,0,"4.0","1.0",0,5,20,4,0,3,0,"7.0","0.0",3,8,"0.0",0,4,0,0.75,1,0,0,3,"0.0",7,5,3,1,"0.0","1.0",44,44,32,0,0,8,9,"0.0",11,1.5,"1.0",11,3.66666666666667,3.66666666666667,103,748,11,17025,928,21,1093,80,8798,7670,126255,"false"
3,0,"0.0","0.0",0,5,21,8,0,10,0,"10.0","0.0",0,0,"0.0",0,0,0,0,0,0,0,11,"0.0",0,3,11,1,"0.0","1.0",339,339,62,0,0,7,16,"0.0",45,1.1,"1.0",45,4.09090909090909,4.09090909090909,72,783,8,11259,840,21,1093,80,8798,7670,126255,"false"
2,3,"0.0","0.0",3,5,75,15,0,7,0,"21.0","1.0",0,0,"14.0",0,0,0,0,0,0,2,218,"0.0",37,34,218,22,"0.0","1.0",3856,3856,35562,0.00041405962458594,1,40,314,"0.0",774,0.991202346041056,"0.995238095238095",774,3.55045871559633,3.55045871559633,72,783,8,11259,840,21,1093,80,8798,7670,126255,"true"
1,0,"0.0","0.0",0,5,76,14,0,15,0,"15.0","0.0",0,0,"0.0",0,0,0,0,0,0,5,21,"0.0",0,3,21,10,"0.0","1.0",787,787,162,0.0350877192982456,0,0,25,"0.0",86,0.97,"1.0",86,4.0952380952381,4.0952380952381,72,783,8,11259,840,21,1093,80,8798,7670,126255,"true"
0,0,"5.0","3.0",0,5,58,12,0,11,0,"19.0","0.444444444444444",6,24,"4.0",0,12,0,0.5,1,0,0,3,"0.0",9,6,3,3,"0.0","1.0",82,82,76,1,0,8,17,"0.0",15,0.833333333333333,"1.0",15,5,5,168,690,0,21327,989,21,1093,80,8798,7670,126255,"true"
1,0,"6.0","2.0",0,5,42,8,0,9,0,"21.0","0.454545454545455",4,9,"5.0",0,10,0,0.4,0,0,1,5,"4.0",6,4,5,5,"33.0","2.0",174,174,60,0.833333333333333,0,14,63,"0.0",25,0.8,"1.0",25,5,5,168,690,0,21327,989,21,1093,80,8798,7670,126255,"true"
0,0,"3.0","2.0",0,5,30,7,0,2,0,"7.0","0.4",4,14,"2.0",0,7,0,0.571428571428571,1,0,0,2,"0.0",3,4,2,2,"0.0","1.0",53,53,28,1,0,5,9,"0.0",8,1,"1.0",8,4,4,168,690,0,21327,989,21,1093,80,8798,7670,126255,"false"
6,0,"6.0","3.0",0,5,108,25,0,16,0,"34.0","0.444444444444444",4,19,"8.0",0,13,0,0.307692307692308,2,15,4,41,"7.0",17,13,26,17,"30.0","2.0",931,829,2032,0.102272727272727,1,18,136,"0.0",153,0.913235294117647,"0.53125",130,3.73170731707317,5,168,690,0,21327,989,21,1093,80,8798,7670,126255,"true"
2,0,"2.0","2.0",0,5,38,8,0,9,0,"13.0","0.0",4,10,"0.0",0,7,0,0.571428571428571,1,0,3,36,"0.0",16,15,36,2,"0.0","1.0",1485,1485,2294,0.0338461538461538,0,14,90,"0.0",212,0.914285714285714,"1.0",212,5.88888888888889,5.88888888888889,39,311,1,6940,384,21,1093,80,8798,7670,126255,"false"
2,0,"0.0","0.0",0,5,39,8,0,11,0,"11.0","0.0",1,4,"0.0",0,2,0,0.5,1,0,3,36,"0.0",16,15,36,2,"0.0","1.0",1485,1485,2294,0.0338461538461538,0,14,90,"0.0",212,0.914285714285714,"1.0",212,5.88888888888889,5.88888888888889,39,311,1,6940,384,21,1093,80,8798,7670,126255,"false"
1,0,"1.0","1.0",0,5,33,8,0,4,0,"12.0","0.875",2,2,"7.0",0,2,0,1,0,10,1,34,"1.0",3,7,24,15,"0.0","1.0",585,499,704,0.302955665024631,0,10,52,"0.0",89,0.886868686868687,"0.6875",79,2.61764705882353,3.29166666666667,39,311,1,6940,384,21,1093,80,8798,7670,126255,"false"
1,0,"0.0","0.0",0,5,42,9,0,7,0,"11.0","1.0",1,4,"4.0",0,2,0,0.5,0,1,3,21,"1.0",0,9,20,12,"0.0","1.0",568,552,686,0.703296703296703,0,7,40,"0.0",60,0.895833333333333,"0.944444444444444",58,2.85714285714286,2.9,39,311,1,6940,384,21,1093,80,8798,7670,126255,"false"
5,1,"6.0","1.0",1,7,42,14,0,10,0,"16.0","0.0",6,18,"0.0",0,9,0,0.666666666666667,2,10,9,56,"1.0",31,24,46,24,"0.0","1.0",979,924,4231,0,0,21,116,"0.0",160,1.01818181818182,"0.803921568627451",148,2.85714285714286,3.21739130434783,103,748,11,17025,928,21,1093,80,8798,7670,126255,"true"
0,0,"14.0","3.0",0,6,82,19,0,13,0,"29.0","0.176470588235294",3,12,"3.0",0,7,0,0.428571428571429,1,0,0,3,"0.0",23,4,3,3,"0.0","1.0",184,184,40,1,0,5,11,"0.0",49,1,"1.0",49,16.3333333333333,16.3333333333333,103,748,11,17025,928,21,1093,80,8798,7670,126255,"true"
2,1,"0.0","0.0",2,6,23,9,0,9,0,"9.0","0.0",0,0,"0.0",0,0,0,0,0,0,2,218,"0.0",37,34,218,22,"0.0","1.0",3856,3856,35562,0.00041405962458594,1,40,314,"0.0",774,0.991202346041056,"0.995238095238095",774,3.55045871559633,3.55045871559633,72,783,8,11259,840,21,1093,80,8798,7670,126255,"false"
2,1,"0.0","0.0",1,8,113,21,0,20,0,"20.0","0.0",0,0,"0.0",0,0,0,0,0,0,2,218,"0.0",37,34,218,22,"0.0","1.0",3856,3856,35562,0.00041405962458594,1,40,314,"0.0",774,0.991202346041056,"0.995238095238095",774,3.55045871559633,3.55045871559633,72,783,8,11259,840,21,1093,80,8798,7670,126255,"true"
1,0,"0.0","0.0",0,6,58,10,0,10,0,"12.0","1.0",0,0,"2.0",0,0,0,0,0,0,5,21,"0.0",0,3,21,10,"0.0","1.0",787,787,162,0.0350877192982456,0,0,25,"0.0",86,0.97,"1.0",86,4.0952380952381,4.0952380952381,72,783,8,11259,840,21,1093,80,8798,7670,126255,"false"
0,0,"2.0","1.0",0,6,40,12,0,6,0,"14.0","0.777777777777778",2,4,"7.0",0,2,0,1,2,1,0,10,"0.0",10,10,9,10,"0.0","1.0",169,166,130,0.533333333333333,1,12,34,"0.0",35,0.888888888888889,"0.75",34,3.5,3.77777777777778,168,690,0,21327,989,21,1093,80,8798,7670,126255,"false"
1,0,"0.0","0.0",0,7,33,8,0,10,0,"17.0","0.428571428571429",3,8,"3.0",0,4,0,0.75,0,0,15,5,"5.0",0,5,5,4,"59.0","4.0",2981,2981,141,0.6,0,29,134,"0.0",31,0.8125,"1.0",31,6.2,6.2,168,690,0,21327,989,21,1093,80,8798,7670,126255,"false"
1,0,"6.0","2.0",0,6,42,10,0,9,0,"21.0","0.363636363636364",3,15,"4.0",0,13,0,0.230769230769231,0,0,1,5,"4.0",6,4,5,5,"33.0","2.0",174,174,60,0.833333333333333,0,14,63,"0.0",25,0.8,"1.0",25,5,5,168,690,0,21327,989,21,1093,80,8798,7670,126255,"true"
1,0,"5.0","3.0",0,6,50,14,0,4,0,"13.0","0.444444444444444",6,15,"4.0",0,10,0,0.6,0,2,0,10,"4.0",10,9,8,2,"33.0","2.0",189,173,246,1,0,21,75,"0.0",40,0.666666666666667,"0.833333333333333",37,4,4.625,168,690,0,21327,989,21,1093,80,8798,7670,126255,"true"
3,0,"7.0","4.0",0,6,48,10,0,12,0,"25.0","0.363636363636364",8,18,"4.0",0,13,0,0.615384615384615,0,0,3,11,"4.0",11,13,11,6,"53.0","3.0",220,220,380,0.127272727272727,0,28,126,"1.0",44,0.9,"1.0",44,4,4,168,690,0,21327,989,21,1093,80,8798,7670,126255,"false"
1,0,"4.0","2.0",0,7,46,9,0,7,0,"19.0","0.692307692307692",3,3,"9.0",0,4,0,0.75,0,0,0,4,"3.0",4,3,4,8,"34.0","2.0",102,102,31,0.333333333333333,0,14,53,"0.0",13,0.791666666666667,"1.0",13,3.25,3.25,168,690,0,21327,989,21,1093,80,8798,7670,126255,"false"
1,0,"8.0","2.0",0,7,93,19,0,10,0,"30.0","0.619047619047619",4,7,"13.0",0,7,0,0.571428571428571,0,9,1,29,"6.0",11,7,20,24,"31.0","2.0",541,506,591,0.147619047619048,0,17,93,"0.0",89,0.909226190476191,"0.571428571428571",80,3.06896551724138,4,168,690,0,21327,989,21,1093,80,8798,7670,126255,"true"
3,0,"3.0","3.0",0,8,89,23,1,18,2,"33.0","0.25",7,32,"1.0",0,18,2,0.388888888888889,1,0,3,36,"0.0",16,15,36,2,"0.0","1.0",1485,1485,2294,0.0338461538461538,0,14,90,"0.0",212,0.914285714285714,"1.0",212,5.88888888888889,5.88888888888889,39,311,1,6940,384,21,1093,80,8798,7670,126255,"true"
2,1,"1.0","1.0",1,6,19,7,0,8,0,"10.0","0.5",3,6,"1.0",0,4,0,0.75,1,0,3,36,"0.0",16,15,36,2,"0.0","1.0",1485,1485,2294,0.0338461538461538,0,14,90,"0.0",212,0.914285714285714,"1.0",212,5.88888888888889,5.88888888888889,39,311,1,6940,384,21,1093,80,8798,7670,126255,"false"
1,1,"0.0","0.0",1,6,41,10,0,14,0,"21.0","1.0",3,10,"1.0",0,5,0,0.6,1,7,3,49,"7.0",7,15,42,9,"30.0","2.0",919,863,1717,0.0819490586932447,2,23,120,"0.0",181,0.94212962962963,"0.804347826086957",170,3.69387755102041,4.04761904761905,39,311,1,6940,384,21,1093,80,8798,7670,126255,"false"
0,1,"1.0","1.0",1,8,33,7,0,6,0,"10.0","0.666666666666667",3,7,"2.0",0,4,0,0.75,1,7,3,49,"7.0",7,15,42,9,"30.0","2.0",919,863,1717,0.0819490586932447,2,23,120,"0.0",181,0.94212962962963,"0.804347826086957",170,3.69387755102041,4.04761904761905,39,311,1,6940,384,21,1093,80,8798,7670,126255,"true"
2,1,"3.0","1.0",1,8,59,12,0,15,0,"27.0","0.666666666666667",4,11,"6.0",0,8,0,0.5,1,7,3,49,"7.0",7,15,42,9,"30.0","2.0",919,863,1717,0.0819490586932447,2,23,120,"0.0",181,0.94212962962963,"0.804347826086957",170,3.69387755102041,4.04761904761905,39,311,1,6940,384,21,1093,80,8798,7670,126255,"true"
1,1,"2.0","1.0",1,7,32,7,0,8,0,"14.0","0.6",3,9,"3.0",0,6,0,0.5,1,7,3,49,"7.0",7,15,42,9,"30.0","2.0",919,863,1717,0.0819490586932447,2,23,120,"0.0",181,0.94212962962963,"0.804347826086957",170,3.69387755102041,4.04761904761905,39,311,1,6940,384,21,1093,80,8798,7670,126255,"false"
1,1,"0.0","0.0",4,1,3,1,0,1,0,"1.0","0.0",0,0,"0.0",0,0,0,0,0,3,0,7,"0.0",0,0,4,1,"588.0","5.0",42,26,0,0.3,0,0,7,"2.0",7,0.666666666666667,"0.571428571428571",4,1,1,153,193,0,6579,256,4,190,3,713,563,9457,"false"
0,2,"0.0","0.0",0,1,3,1,0,0,0,"0.0","0.0",1,2,"0.0",0,1,0,1,0,1,2,2,"0.0",0,2,1,0,"593.0","6.0",111,103,10,1,0,0,9,"0.0",2,0,"0.5",1,1,1,153,193,0,6579,256,4,190,3,713,563,9457,"false"
0,0,"0.0","0.0",0,1,5,2,0,0,0,"1.0","1.0",1,2,"1.0",0,1,0,1,0,1,8,11,"1.0",5,12,10,12,"521.0","5.0",246,238,266,1,0,9,27,"0.0",15,0.791666666666667,"0.666666666666667",14,1.36363636363636,1.4,153,193,0,6579,256,4,190,3,713,563,9457,"false"
1,0,"0.0","0.0",0,1,9,1,0,1,0,"6.0","1.0",0,0,"5.0",0,0,0,0,0,1,6,16,"1.0",3,5,15,22,"538.0","6.0",324,319,80,0.241758241758242,0,1,21,"0.0",26,0.954545454545455,"0.857142857142857",25,1.625,1.66666666666667,153,193,0,6579,256,4,190,3,713,563,9457,"false"
0,0,"0.0","0.0",0,1,4,1,0,0,0,"2.0","1.0",0,0,"2.0",0,0,0,0,0,1,6,16,"1.0",3,5,15,22,"538.0","6.0",324,319,80,0.241758241758242,0,1,21,"0.0",26,0.954545454545455,"0.857142857142857",25,1.625,1.66666666666667,153,193,0,6579,256,4,190,3,713,563,9457,"false"
1,1,"3.0","2.0",1,1,4,1,0,1,0,"8.0","0.4",2,0,"2.0",0,2,0,1,0,3,0,5,"0.0",16,2,2,5,"522.0","5.0",45,24,4,1,0,5,11,"0.0",6,0.75,"0.5",3,1.2,1.5,153,193,0,6579,256,4,190,3,713,563,9457,"false"
1,0,"2.0","2.0",0,2,10,4,0,4,0,"8.0","0.5",2,0,"2.0",0,2,0,1,2,6,22,33,"1.0",20,32,27,37,"521.0","5.0",853,787,2464,0.25,0,25,114,"0.0",79,0.907094594594595,"0.333333333333333",69,2.39393939393939,2.55555555555556,153,193,0,6579,256,4,190,3,713,563,9457,"false"
0,0,"0.0","0.0",0,1,1,1,0,0,0,"1.0","1.0",0,0,"1.0",0,0,0,0,1,22,0,33,"13.0",0,1,11,10,"57.0","3.0",150,84,14,0.173789173789174,0,1,35,"0.0",48,0.86875,"0.214285714285714",26,1.45454545454545,2.36363636363636,153,193,0,6579,256,4,190,3,713,563,9457,"false"
1,0,"0.0","0.0",0,1,1,1,0,1,0,"2.0","1.0",0,0,"1.0",0,0,0,0,1,22,0,33,"13.0",0,1,11,10,"57.0","3.0",150,84,14,0.173789173789174,0,1,35,"0.0",48,0.86875,"0.214285714285714",26,1.45454545454545,2.36363636363636,153,193,0,6579,256,4,190,3,713,563,9457,"false"
0,1,"0.0","0.0",1,2,13,2,0,1,0,"7.0","1.0",1,2,"6.0",0,1,0,1,1,2,9,33,"0.0",29,28,31,36,"534.0","6.0",1043,1015,1530,0.1,0,23,104,"0.0",70,0.941840277777778,"1.0",68,2.12121212121212,2.19354838709677,153,193,0,6579,256,4,190,3,713,563,9457,"false"
1,1,"0.0","0.0",2,1,8,1,0,1,0,"7.0","1.0",0,0,"6.0",0,0,0,0,0,1,11,3,"0.0",17,11,2,24,"536.0","5.0",279,266,44,1,0,1,14,"0.0",4,0.875,"1.0",3,1.33333333333333,1.5,153,193,0,6579,256,4,190,3,713,563,9457,"false"
1,1,"0.0","0.0",1,1,3,1,0,1,0,"2.0","1.0",0,0,"1.0",0,0,0,0,0,5,0,8,"0.0",4,3,3,15,"522.0","5.0",235,187,40,0.2,0,3,15,"1.0",12,0.904761904761905,"0.166666666666667",5,1.5,1.66666666666667,153,193,0,6579,256,4,190,3,713,563,9457,"false"
0,0,"9.0","1.0",0,2,71,1,0,0,0,"19.0","0.5",4,8,"9.0",0,4,0,1,0,1,4,3,"0.0",9,4,2,9,"535.0","5.0",97,91,16,1,0,1,7,"0.0",4,0.888888888888889,"1.0",3,1.33333333333333,1.5,153,193,0,6579,256,4,190,3,713,563,9457,"false"
1,0,"0.0","0.0",0,1,8,4,0,1,0,"4.0","1.0",0,0,"3.0",0,0,0,0,0,5,0,12,"4.0",1,1,7,1,"23.0","2.0",96,45,44,0.277777777777778,0,5,39,"0.0",21,0.636363636363636,"0.545454545454545",7,1.75,1,13,73,1,1076,136,4,190,3,713,563,9457,"false"
0,6,"0.0","0.0",13,1,3,1,0,0,0,"1.0","1.0",0,0,"1.0",0,0,0,0,3,21,0,40,"1.0",3,5,19,17,"0.0","1.0",347,156,350,0.142857142857143,4,6,50,"0.0",58,0.965309200603318,"0.390243902439024",23,1.45,1.21052631578947,13,73,1,1076,136,4,190,3,713,563,9457,"false"
1,0,"0.0","0.0",0,1,3,1,0,1,0,"1.0","0.0",1,2,"0.0",0,1,0,1,1,4,0,19,"0.0",6,3,15,3,"0.0","1.0",161,117,68,0.0955882352941176,0,4,28,"0.0",31,0.851851851851852,"0.777777777777778",24,1.63157894736842,1.6,17,56,1,874,74,4,190,3,713,563,9457,"false"
1,2,"0.0","0.0",2,1,4,1,0,1,0,"1.0","0.0",1,2,"0.0",0,1,0,1,0,0,0,3,"0.0",0,1,3,0,"28.0","2.0",20,20,4,0,0,1,4,"2.0",3,0,"1.0",3,1,1,17,56,1,874,74,4,190,3,713,563,9457,"false"
2,1,"0.0","0.0",1,2,29,10,0,3,0,"5.0","0.0",8,16,"0.0",0,8,0,1,1,1,8,7,"0.0",1,9,6,1,"0.0","1.0",133,122,112,0,0,1,16,"8.0",30,0.833333333333333,"1.0",27,4.28571428571429,4.5,17,56,1,874,74,4,190,3,713,563,9457,"true"
2,0,"0.0","0.0",0,1,5,1,0,2,0,"2.0","0.0",1,3,"0.0",0,1,0,1,0,0,0,1,"1.0",0,1,1,0,"2.0","2.0",7,7,7,1,0,2,14,"0.0",1,0,"0.0",1,1,1,17,56,1,874,74,4,190,3,713,563,9457,"false"
3,0,"12.0","2.0",0,5,66,13,0,10,0,"21.0","0.0769230769230769",4,6,"1.0",0,13,0,0.307692307692308,1,0,3,22,"0.0",25,15,22,4,"0.0","1.0",603,603,892,0.333333333333333,0,15,69,"0.0",114,0.964285714285714,"1.0",114,5.18181818181818,5.18181818181818,7,32,1,928,32,4,190,3,713,563,9457,"true"
2,0,"6.0","1.0",0,5,163,33,0,28,0,"40.0","0.25",2,4,"2.0",0,7,0,0.285714285714286,1,0,2,7,"0.0",13,6,7,6,"0.0","1.0",301,301,86,0,0,6,23,"0.0",48,1.05555555555556,"1.0",48,6.85714285714286,6.85714285714286,7,32,1,928,32,4,190,3,713,563,9457,"true"
2,0,"9.0","4.0",0,6,41,20,0,13,0,"22.0","0.0",4,2,"0.0",0,10,0,0.4,1,0,3,22,"0.0",25,15,22,4,"0.0","1.0",603,603,892,0.333333333333333,0,15,69,"0.0",114,0.964285714285714,"1.0",114,5.18181818181818,5.18181818181818,7,32,1,928,32,4,190,3,713,563,9457,"true"
2,1,"0.0","0.0",1,2,9,2,0,3,0,"3.0","0.0",1,2,"0.0",0,1,0,1,0,0,0,20,"0.0",0,2,20,1,"0.0","1.0",358,358,260,0.065359477124183,0,2,26,"0.0",58,0.789473684210526,"1.0",58,2.9,2.9,45,381,5,7829,395,133,2330,131,19618,13899,299402,"false"
1,1,"1.0","1.0",2,1,3,1,0,1,0,"2.0","0.0",0,0,"0.0",0,0,0,0,0,4,0,12,"1.0",4,1,8,7,"0.0","1.0",86,54,4,0.138888888888889,2,2,13,"0.0",18,0.935064935064935,"0.538461538461538",14,1.5,1.75,25,326,22,5974,478,133,2330,131,19618,13899,299402,"false"
0,0,"0.0","0.0",0,2,23,9,0,1,0,"9.0","1.0",3,6,"7.0",0,3,0,1,1,20,0,50,"1.0",52,34,30,13,"0.0","1.0",1088,558,5422,0.544807965860597,4,45,166,"0.0",170,0.901098901098901,"0.421052631578947",107,3.4,3.56666666666667,59,763,1,14143,1136,133,2330,131,19618,13899,299402,"false"
0,0,"0.0","0.0",0,1,4,1,0,0,0,"1.0","1.0",1,4,"1.0",0,2,0,0.5,0,15,0,35,"0.0",26,2,20,9,"0.0","1.0",379,185,1078,0.941176470588235,8,2,70,"0.0",44,0.895424836601307,"0.45",20,1.25714285714286,1,59,763,1,14143,1136,133,2330,131,19618,13899,299402,"false"
0,8,"0.0","0.0",23,1,4,1,0,0,0,"1.0","1.0",0,0,"1.0",0,0,0,0,1,24,1,92,"0.0",62,43,68,20,"10.0","2.0",1616,1163,11416,0.497297297297297,7,67,265,"1.0",217,0.957142857142857,"0.674418604651163",147,2.35869565217391,2.16176470588235,59,763,1,14143,1136,133,2330,131,19618,13899,299402,"false"
0,0,"0.0","0.0",0,1,3,1,0,0,0,"0.0","0.0",0,0,"0.0",0,0,0,0,0,3,0,9,"2.0",0,3,6,2,"9.0","4.0",68,44,48,0.285714285714286,1,7,27,"0.0",9,0.8125,"0.555555555555556",6,1,1,48,335,0,6879,703,133,2330,131,19618,13899,299402,"false"
2,1,"0.0","0.0",1,1,3,1,0,2,0,"2.0","0.0",0,1,"0.0",0,0,0,0,0,1,0,6,"0.0",1,4,5,3,"31.0","4.0",47,42,74,0,2,10,51,"0.0",7,1.06666666666667,"0.5",6,1.16666666666667,1.2,64,347,1,3566,432,133,2330,131,19618,13899,299402,"false"
0,2,"0.0","0.0",2,1,3,1,0,0,0,"2.0","1.0",1,2,"2.0",0,1,0,1,0,3,1,23,"1.0",1,4,20,14,"16.0","3.0",231,210,562,0.294736842105263,2,9,51,"0.0",46,0.909090909090909,"0.782608695652174",41,2,2.05,64,347,1,3566,432,133,2330,131,19618,13899,299402,"false"
2,2,"0.0","0.0",2,1,4,1,0,2,0,"4.0","1.0",0,0,"2.0",0,0,0,0,1,2,0,4,"0.0",0,1,2,2,"0.0","1.0",19,9,15,1,0,3,6,"0.0",4,0.666666666666667,"0.5",2,1,1,21,168,0,3067,208,133,2330,131,19618,13899,299402,"false"
0,1,"6.0","2.0",1,1,8,1,0,1,0,"14.0","0.333333333333333",2,2,"3.0",0,7,0,0.285714285714286,0,3,0,33,"0.0",18,13,30,6,"5.0","3.0",458,434,1197,0.206521739130435,0,21,89,"0.0",83,0.880208333333333,"0.884615384615385",79,2.51515151515152,2.63333333333333,21,168,0,3067,208,133,2330,131,19618,13899,299402,"false"
0,0,"0.0","0.0",0,1,3,1,0,0,0,"2.0","1.0",1,3,"2.0",0,1,0,1,2,0,0,13,"0.0",0,2,13,2,"0.0","1.0",82,82,328,0.681818181818182,0,4,28,"0.0",15,0.291666666666667,"1.0",15,1.15384615384615,1.15384615384615,4,39,0,460,39,133,2330,131,19618,13899,299402,"false"
2,0,"0.0","0.0",0,1,4,1,0,2,0,"3.0","1.0",0,0,"1.0",0,0,0,0,0,1,0,9,"3.0",0,3,8,1,"7.0","2.0",106,98,85,0.714285714285714,0,4,22,"1.0",12,0.375,"0.888888888888889",11,1.33333333333333,1.375,38,208,2,5566,383,133,2330,131,19618,13899,299402,"false"
0,0,"0.0","0.0",0,1,4,1,0,0,0,"1.0","1.0",0,0,"1.0",0,0,0,0,0,2,0,6,"0.0",23,10,4,2,"5.0","2.0",100,88,114,0,0,27,51,"0.0",8,1,"0.0",6,1.33333333333333,1.5,22,253,1,5906,345,133,2330,131,19618,13899,299402,"false"
2,0,"5.0","5.0",0,2,26,8,0,3,0,"8.0","0.0",4,0,"0.0",0,4,0,1,0,0,1,8,"0.0",8,15,8,3,"0.0","1.0",182,182,492,0.9,0,18,41,"0.0",36,0.523809523809524,"1.0",36,4.5,4.5,38,253,10,4401,270,133,2330,131,19618,13899,299402,"false"
1,0,"1.0","1.0",0,3,21,4,0,6,0,"10.0","0.666666666666667",2,0,"2.0",0,2,0,1,0,4,0,16,"1.0",11,3,12,3,"50.0","3.0",322,266,296,0.104761904761905,0,5,25,"0.0",27,0.8,"0.785714285714286",20,1.6875,1.66666666666667,35,265,0,7652,356,133,2330,131,19618,13899,299402,"false"
0,0,"1.0","1.0",0,1,4,1,0,0,0,"1.0","0.0",0,1,"0.0",0,0,0,0,0,17,0,52,"0.0",25,8,35,1,"30.0","4.0",638,395,3864,0,1,20,140,"0.0",63,1.01960784313725,"0.647058823529412",38,1.21153846153846,1.08571428571429,35,265,0,7652,356,133,2330,131,19618,13899,299402,"false"
0,1,"0.0","0.0",2,2,26,6,0,3,0,"6.0","1.0",1,2,"3.0",0,1,0,1,0,0,2,10,"0.0",0,4,10,6,"0.0","1.0",180,180,40,0.75,0,2,14,"0.0",17,0.703703703703704,"1.0",17,1.7,1.7,17,124,0,2217,148,133,2330,131,19618,13899,299402,"false"
1,1,"0.0","0.0",1,1,8,2,0,1,0,"2.0","1.0",1,2,"1.0",0,1,0,1,1,3,0,7,"0.0",3,4,4,8,"3.0","2.0",182,144,85,0.666666666666667,0,8,16,"0.0",11,0.9375,"0.4",8,1.57142857142857,2,17,88,4,2092,109,133,2330,131,19618,13899,299402,"false"
0,0,"0.0","0.0",0,5,59,2,0,0,0,"1.0","1.0",0,0,"1.0",0,0,0,0,0,0,8,49,"4.0",0,1,49,12,"12.0","2.0",2017,2017,1990,0.111111111111111,0,0,63,"0.0",150,0.960069444444444,"1.0",150,3.06122448979592,3.06122448979592,45,381,5,7829,395,133,2330,131,19618,13899,299402,"false"
2,0,"0.0","0.0",0,5,69,11,0,4,0,"5.0","1.0",1,2,"1.0",0,1,0,1,0,0,8,49,"4.0",0,1,49,12,"12.0","2.0",2017,2017,1990,0.111111111111111,0,0,63,"0.0",150,0.960069444444444,"1.0",150,3.06122448979592,3.06122448979592,45,381,5,7829,395,133,2330,131,19618,13899,299402,"true"
0,0,"0.0","0.0",0,5,58,2,0,0,0,"1.0","1.0",0,0,"1.0",0,0,0,0,0,0,8,49,"4.0",0,1,49,12,"12.0","2.0",2017,2017,1990,0.111111111111111,0,0,63,"0.0",150,0.960069444444444,"1.0",150,3.06122448979592,3.06122448979592,45,381,5,7829,395,133,2330,131,19618,13899,299402,"false"
6,0,"9.0","6.0",0,5,103,23,0,25,0,"48.0","0.3125",12,34,"5.0",0,29,0,0.413793103448276,1,43,0,137,"0.0",73,41,94,9,"0.0","1.0",1806,1243,18092,0.43732033495813,1,48,337,"0.0",242,0.916666666666667,"0.655737704918033",181,1.76642335766423,1.92553191489362,59,763,1,14143,1136,133,2330,131,19618,13899,299402,"true"
2,0,"1.0","1.0",0,5,25,5,0,6,0,"7.0","0.0",3,4,"0.0",0,3,0,1,1,24,1,92,"0.0",62,43,68,20,"10.0","2.0",1616,1163,11416,0.497297297297297,7,67,265,"1.0",217,0.957142857142857,"0.674418604651163",147,2.35869565217391,2.16176470588235,59,763,1,14143,1136,133,2330,131,19618,13899,299402,"false"
2,0,"1.0","1.0",0,5,22,5,0,6,0,"8.0","0.5",2,2,"1.0",0,2,0,1,1,24,1,92,"0.0",62,43,68,20,"10.0","2.0",1616,1163,11416,0.497297297297297,7,67,265,"1.0",217,0.957142857142857,"0.674418604651163",147,2.35869565217391,2.16176470588235,59,763,1,14143,1136,133,2330,131,19618,13899,299402,"false"
1,1,"0.0","0.0",1,5,74,15,0,9,0,"10.0","1.0",1,4,"2.0",0,2,0,0.5,0,0,0,1,"0.0",0,1,1,2,"0.0","1.0",88,88,8,1,0,1,3,"0.0",15,0,"1.0",15,15,15,59,763,1,14143,1136,133,2330,131,19618,13899,299402,"true"
1,1,"0.0","0.0",1,5,100,16,0,11,0,"33.0","1.0",6,28,"22.0",0,14,0,0.428571428571429,0,14,1,36,"2.0",4,10,22,24,"9.0","4.0",694,541,694,0.393103448275862,1,13,88,"0.0",90,0.885714285714286,"0.620689655172414",62,2.5,2.81818181818182,154,1112,3,20586,1786,133,2330,131,19618,13899,299402,"true"
2,1,"0.0","0.0",1,5,38,5,0,5,0,"9.0","1.0",3,10,"4.0",0,5,0,0.6,0,1,0,5,"0.0",0,6,4,4,"0.0","1.0",83,73,150,0.166666666666667,0,9,19,"0.0",12,0.9375,"0.8",11,2.4,2.75,154,1112,3,20586,1786,133,2330,131,19618,13899,299402,"true"
3,0,"3.0","2.0",0,5,37,6,0,9,0,"15.0","0.5",6,12,"3.0",0,9,0,0.666666666666667,0,3,2,21,"3.0",57,34,18,212,"23.0","4.0",819,798,1009,0.236363636363636,206,43,135,"0.0",73,1.04457547169811,"0.0324074074074074",70,3.47619047619048,3.88888888888889,154,1112,3,20586,1786,133,2330,131,19618,13899,299402,"false"
3,0,"0.0","0.0",0,5,37,7,0,8,0,"11.0","1.0",1,4,"3.0",0,2,0,0.5,1,0,0,24,"5.0",0,4,24,10,"4.0","2.0",296,296,264,0.30718954248366,0,4,37,"0.0",53,0.882608695652174,"1.0",53,2.20833333333333,2.20833333333333,14,132,5,2816,150,133,2330,131,19618,13899,299402,"false"
4,0,"1.0","1.0",0,5,46,9,0,12,0,"14.0","0.0",3,16,"0.0",0,9,0,0.333333333333333,0,0,5,8,"0.0",146,154,8,3,"0.0","1.0",615,615,2320,0,0,152,175,"0.0",186,0.952380952380952,"1.0",186,23.25,23.25,8,18,0,888,21,133,2330,131,19618,13899,299402,"false"
1,1,"1.0","1.0",1,5,26,6,0,3,0,"7.0","0.75",2,12,"3.0",0,6,0,0.333333333333333,0,0,0,2,"0.0",1,3,2,3,"5.0","3.0",52,52,43,1,0,9,18,"0.0",10,1.33333333333333,"1.0",10,5,5,21,168,0,3067,208,133,2330,131,19618,13899,299402,"false"
0,1,"2.0","2.0",1,5,50,11,0,8,0,"12.0","0.5",5,12,"2.0",0,7,0,0.714285714285714,1,16,0,107,"0.0",125,57,91,20,"0.0","1.0",2218,1997,17110,0.220120724346076,0,69,310,"0.0",311,0.950471698113208,"0.791666666666667",275,2.90654205607477,3.02197802197802,22,253,1,5906,345,133,2330,131,19618,13899,299402,"false"
1,0,"6.0","3.0",0,5,61,7,0,6,0,"17.0","0.25",3,6,"2.0",0,12,0,0.25,0,1,0,7,"0.0",11,4,6,2,"0.0","1.0",123,117,64,0.666666666666667,0,4,25,"0.0",16,0.583333333333333,"0.75",15,2.28571428571429,2.5,22,253,1,5906,345,133,2330,131,19618,13899,299402,"false"
0,0,"0.0","0.0",0,5,107,28,1,10,2,"16.0","0.5",4,10,"3.0",0,8,2,0.5,0,0,3,53,"0.0",41,31,53,10,"0.0","1.0",1511,1511,4746,1,0,57,121,"0.0",281,0.905769230769231,"1.0",281,5.30188679245283,5.30188679245283,38,253,10,4401,270,133,2330,131,19618,13899,299402,"true"
1,1,"0.0","0.0",1,5,49,10,0,9,0,"11.0","1.0",0,0,"2.0",0,0,0,0,0,0,0,5,"0.0",0,0,5,3,"0.0","1.0",128,128,0,1,0,2,5,"0.0",28,0.666666666666667,"1.0",28,5.6,5.6,38,253,10,4401,270,133,2330,131,19618,13899,299402,"false"
4,0,"3.0","3.0",0,5,95,12,0,16,0,"20.0","0.25",5,10,"1.0",0,5,0,1,0,4,0,12,"2.0",6,10,8,3,"0.0","1.0",380,307,162,0.5,0,13,24,"1.0",49,0.727272727272727,"0.625",40,4.08333333333333,5,35,265,0,7652,356,133,2330,131,19618,13899,299402,"false"
4,1,"0.0","0.0",1,5,48,6,0,9,0,"9.0","0.0",1,8,"0.0",0,4,0,0.25,0,0,0,2,"0.0",0,1,2,1,"0.0","1.0",98,98,24,1,0,1,6,"0.0",10,1,"1.0",10,5,5,4,13,1,300,13,133,2330,131,19618,13899,299402,"false"
1,3,"0.0","0.0",3,6,81,13,0,3,0,"15.0","0.5",1,6,"3.0",0,6,0,0.166666666666667,0,0,8,49,"4.0",0,1,49,12,"12.0","2.0",2017,2017,1990,0.111111111111111,0,0,63,"0.0",150,0.960069444444444,"1.0",150,3.06122448979592,3.06122448979592,45,381,5,7829,395,133,2330,131,19618,13899,299402,"true"
3,1,"18.0","7.0",1,7,46,11,1,13,2,"38.0","0.0526315789473684",7,4,"1.0",0,17,2,0.411764705882353,1,20,0,50,"1.0",52,34,30,13,"0.0","1.0",1088,558,5422,0.544807965860597,4,45,166,"0.0",170,0.901098901098901,"0.421052631578947",107,3.4,3.56666666666667,59,763,1,14143,1136,133,2330,131,19618,13899,299402,"true"
1,0,"6.0","4.0",0,8,119,23,2,20,2,"29.0","0.0",9,20,"0.0",0,18,2,0.5,0,0,0,2,"0.0",8,10,2,0,"0.0","1.0",225,225,96,0,0,12,26,"0.0",39,0,"1.0",39,19.5,19.5,59,763,1,14143,1136,133,2330,131,19618,13899,299402,"false"
2,0,"9.0","4.0",0,7,146,22,0,33,0,"46.0","0.181818181818182",7,26,"2.0",0,20,0,0.35,1,43,0,137,"0.0",73,41,94,9,"0.0","1.0",1806,1243,18092,0.43732033495813,1,48,337,"0.0",242,0.916666666666667,"0.655737704918033",181,1.76642335766423,1.92553191489362,59,763,1,14143,1136,133,2330,131,19618,13899,299402,"true"
1,1,"0.0","0.0",1,6,32,7,0,4,0,"5.0","1.0",0,0,"1.0",0,0,0,0,0,1,0,9,"2.0",0,0,8,2,"0.0","1.0",245,221,0,0.666666666666667,0,0,9,"0.0",30,0.75,"0.888888888888889",28,3.33333333333333,3.5,14,132,5,2816,150,133,2330,131,19618,13899,299402,"false"
3,0,"0.0","0.0",0,6,355,62,0,22,0,"22.0","0.0",2,12,"0.0",0,6,0,0.333333333333333,0,0,1,9,"0.0",0,8,9,0,"0.0","1.0",883,883,222,0,0,7,21,"0.0",76,0,"1.0",76,8.44444444444444,8.44444444444444,38,208,2,5566,383,133,2330,131,19618,13899,299402,"true"
2,1,"3.0","3.0",1,6,50,12,0,10,0,"17.0","0.571428571428571",7,18,"4.0",0,9,0,0.777777777777778,1,16,0,107,"0.0",125,57,91,20,"0.0","1.0",2218,1997,17110,0.220120724346076,0,69,310,"0.0",311,0.950471698113208,"0.791666666666667",275,2.90654205607477,3.02197802197802,22,253,1,5906,345,133,2330,131,19618,13899,299402,"false"
2,0,"11.0","9.0",0,6,127,25,0,22,0,"33.0","0.0",7,18,"0.0",0,14,0,0.5,0,2,0,27,"0.0",31,40,25,9,"0.0","1.0",527,517,1574,0.2,0,62,115,"0.0",104,0.905982905982906,"1.0",102,3.85185185185185,4.08,38,253,10,4401,270,133,2330,131,19618,13899,299402,"true"
3,1,"3.0","3.0",1,6,66,13,0,9,0,"16.0","0.5",9,34,"3.0",0,18,0,0.5,0,0,1,8,"0.0",8,15,8,3,"0.0","1.0",182,182,492,0.9,0,18,41,"0.0",36,0.523809523809524,"1.0",36,4.5,4.5,38,253,10,4401,270,133,2330,131,19618,13899,299402,"true"
1,1,"0.0","0.0",1,6,35,10,0,6,0,"6.0","0.0",2,8,"0.0",0,4,0,0.5,0,0,0,4,"0.0",0,4,4,2,"0.0","1.0",86,86,28,1,0,4,10,"0.0",16,1,"1.0",16,4,4,2,11,2,178,11,133,2330,131,19618,13899,299402,"true"
0,0,"14.0","7.0",0,7,116,28,0,16,0,"36.0","0.3",8,36,"6.0",0,26,0,0.307692307692308,1,5,2,12,"0.0",14,11,7,6,"6.0","3.0",362,318,311,0.178571428571429,0,20,62,"0.0",49,0.924242424242424,"0.545454545454545",44,4.08333333333333,6.28571428571429,5,11,0,578,19,133,2330,131,19618,13899,299402,"true"
2,0,"0.0","0.0",0,2,10,2,0,3,0,"5.0","1.0",0,0,"2.0",0,0,0,0,56,0,0,57,"0.0",0,0,57,2,"0.0","1.0",674,674,0,1,0,0,57,"0.0",113,0.0178571428571429,"1.0",113,1.98245614035088,1.98245614035088,29,219,5,3862,227,3,91,9,585,567,8432,"false"
2,0,"0.0","0.0",0,2,10,2,0,3,0,"5.0","1.0",0,0,"2.0",0,0,0,0,56,0,0,57,"0.0",0,0,57,2,"0.0","1.0",674,674,0,1,0,0,57,"0.0",113,0.0178571428571429,"1.0",113,1.98245614035088,1.98245614035088,29,219,5,3862,227,3,91,9,585,567,8432,"false"
2,0,"0.0","0.0",0,2,10,2,0,3,0,"5.0","1.0",0,0,"2.0",0,0,0,0,56,0,0,57,"0.0",0,0,57,2,"0.0","1.0",674,674,0,1,0,0,57,"0.0",113,0.0178571428571429,"1.0",113,1.98245614035088,1.98245614035088,29,219,5,3862,227,3,91,9,585,567,8432,"false"
0,2,"0.0","0.0",2,1,3,1,0,0,0,"0.0","0.0",0,0,"0.0",0,0,0,0,1,0,1,25,"2.0",3,4,25,4,"25.0","4.0",688,688,772,0,0,3,31,"0.0",60,1.04166666666667,"1.0",60,2.4,2.4,29,219,5,3862,227,3,91,9,585,567,8432,"false"
1,1,"0.0","0.0",2,1,3,1,0,1,0,"1.0","0.0",1,4,"0.0",0,2,0,0.5,1,0,1,25,"2.0",3,4,25,4,"25.0","4.0",688,688,772,0,0,3,31,"0.0",60,1.04166666666667,"1.0",60,2.4,2.4,29,219,5,3862,227,3,91,9,585,567,8432,"false"
1,0,"0.0","0.0",0,1,3,1,0,1,0,"1.0","0.0",1,2,"0.0",0,1,0,1,1,0,1,25,"2.0",3,4,25,4,"25.0","4.0",688,688,772,0,0,3,31,"0.0",60,1.04166666666667,"1.0",60,2.4,2.4,29,219,5,3862,227,3,91,9,585,567,8432,"false"
1,0,"1.0","1.0",0,2,11,3,0,3,0,"4.0","0.0",2,4,"0.0",0,2,0,1,1,0,1,25,"2.0",3,4,25,4,"25.0","4.0",688,688,772,0,0,3,31,"0.0",60,1.04166666666667,"1.0",60,2.4,2.4,29,219,5,3862,227,3,91,9,585,567,8432,"false"
0,0,"1.0","1.0",0,1,3,1,0,0,0,"1.0","0.0",0,0,"0.0",0,0,0,0,1,1,0,11,"0.0",6,3,10,3,"0.0","1.0",197,170,150,0,0,3,18,"0.0",29,1.1,"0.888888888888889",25,2.63636363636364,2.5,29,219,5,3862,227,3,91,9,585,567,8432,"false"
0,1,"0.0","0.0",1,1,3,1,0,0,0,"0.0","0.0",0,1,"0.0",0,0,0,0,3,0,2,24,"5.0",1,6,24,1,"24.0","3.0",375,375,1021,0,0,10,71,"0.0",45,1.04347826086957,"1.0",45,1.875,1.875,29,219,5,3862,227,3,91,9,585,567,8432,"false"
1,0,"0.0","0.0",0,3,14,3,0,4,0,"4.0","0.0",1,3,"0.0",0,1,0,1,3,0,2,24,"5.0",1,6,24,1,"24.0","3.0",375,375,1021,0,0,10,71,"0.0",45,1.04347826086957,"1.0",45,1.875,1.875,29,219,5,3862,227,3,91,9,585,567,8432,"false"
3,1,"3.0","1.0",1,1,5,1,0,3,0,"6.0","0.0",0,0,"0.0",0,0,0,0,1,2,0,8,"1.0",3,1,6,3,"0.0","1.0",52,42,8,0,0,2,8,"0.0",14,1.14285714285714,"1.0",12,1.75,2,29,219,5,3862,227,3,91,9,585,567,8432,"false"
1,0,"0.0","0.0",0,1,3,1,0,1,0,"2.0","1.0",0,0,"1.0",0,0,0,0,1,4,0,4,"0.0",0,0,0,1,"0.0","1.0",40,0,0,0.166666666666667,0,1,4,"0.0",4,0,"0.0",0,1,0,29,219,5,3862,227,3,91,9,585,567,8432,"false"
0,1,"0.0","0.0",1,1,3,1,0,0,0,"1.0","1.0",0,0,"1.0",0,0,0,0,0,4,0,11,"1.0",0,0,7,4,"0.0","1.0",107,67,0,0.236363636363636,0,0,11,"0.0",11,0.8,"0.636363636363636",7,1,1,30,49,3,993,54,3,91,9,585,567,8432,"false"
0,0,"0.0","0.0",0,3,27,1,0,0,0,"0.0","0.0",1,2,"0.0",0,1,0,1,0,0,12,11,"0.0",0,19,11,3,"0.0","1.0",423,423,306,0.2,0,9,33,"0.0",20,0.866666666666667,"1.0",20,1.81818181818182,1.81818181818182,30,49,3,993,54,3,91,9,585,567,8432,"false"
2,0,"0.0","0.0",0,5,118,14,0,34,0,"38.0","0.333333333333333",0,0,"2.0",0,0,0,0,0,0,1,9,"0.0",0,1,9,3,"0.0","1.0",429,429,2,1,0,0,10,"0.0",41,0.875,"1.0",41,4.55555555555556,4.55555555555556,2,9,0,429,9,3,91,9,585,567,8432,"false"
1,0,"0.0","0.0",0,1,4,1,0,1,0,"0.0","0.0",0,0,"0.0",0,0,0,0,0,1,0,5,"0.0",0,1,4,2,"5.0","2.0",71,60,6,0.166666666666667,0,4,11,"0.0",5,1,"0.8",4,1,1,70,543,1,20854,812,42,1171,66,10384,8750,312068,"false"
1,1,"0.0","0.0",1,1,3,1,0,1,0,"2.0","1.0",0,0,"1.0",0,0,0,0,0,4,0,16,"3.0",5,8,12,12,"54.0","3.0",225,191,270,0.216666666666667,0,23,108,"2.0",30,0.922222222222222,"0.75",26,1.875,2.16666666666667,138,948,4,27590,1132,42,1171,66,10384,8750,312068,"false"
1,0,"0.0","0.0",0,1,4,1,0,1,0,"2.0","1.0",0,0,"1.0",0,0,0,0,1,0,0,13,"0.0",0,1,13,3,"0.0","1.0",222,222,46,0.545454545454545,0,1,15,"0.0",22,0.777777777777778,"1.0",22,1.69230769230769,1.69230769230769,34,113,0,8814,151,42,1171,66,10384,8750,312068,"false"
1,0,"0.0","0.0",0,1,4,1,0,1,0,"2.0","1.0",0,0,"1.0",0,0,0,0,6,10,1,42,"0.0",3,4,32,13,"0.0","1.0",741,643,414,0.241820768136558,0,5,51,"0.0",108,0.864915572232645,"0.743589743589744",93,2.57142857142857,2.90625,90,482,2,16188,569,42,1171,66,10384,8750,312068,"false"
2,1,"0.0","0.0",1,1,4,1,0,2,0,"0.0","0.0",0,0,"0.0",0,0,0,0,2,9,3,110,"5.0",13,7,101,13,"92.0","2.0",957,899,3796,0.0161399932042134,3,19,220,"1.0",158,0.97318278052223,"0.893805309734513",149,1.43636363636364,1.47524752475248,66,634,5,10542,699,42,1171,66,10384,8750,312068,"false"
1,0,"0.0","0.0",0,2,9,2,0,1,0,"2.0","1.0",1,3,"1.0",0,1,0,1,0,6,0,121,"117.0",3,8,115,7,"84.0","3.0",1247,1190,24104,0.884542952339563,0,23,421,"0.0",234,0.861904761904762,"0.949579831932773",223,1.93388429752066,1.93913043478261,66,634,5,10542,699,42,1171,66,10384,8750,312068,"false"
0,0,"6.0","1.0",0,3,17,6,0,0,0,"14.0","0.5",1,7,"6.0",0,4,0,0.25,2,4,5,75,"17.0",26,50,71,29,"163.0","6.0",1828,1779,10273,0.0115384615384615,0,73,395,"0.0",229,0.990214352283318,"0.939393939393939",221,3.05333333333333,3.11267605633803,66,634,5,10542,699,42,1171,66,10384,8750,312068,"false"
0,0,"0.0","0.0",0,1,207,1,0,0,0,"0.0","0.0",0,0,"0.0",0,0,0,0,0,0,0,3,"0.0",0,0,3,62,"23.0","3.0",392,392,0,0,62,1,3,"0.0",6,1.5,"0.03125",6,2,2,21,59,0,7835,61,42,1171,66,10384,8750,312068,"false"
0,0,"0.0","0.0",0,1,207,1,0,0,0,"0.0","0.0",0,0,"0.0",0,0,0,0,0,0,0,3,"0.0",0,0,3,62,"23.0","3.0",392,392,0,0,62,1,3,"0.0",6,1.5,"0.03125",6,2,2,21,59,0,7835,61,42,1171,66,10384,8750,312068,"false"
2,0,"0.0","0.0",0,1,5,2,0,2,0,"3.0","1.0",0,1,"1.0",0,0,0,0,0,4,1,96,"59.0",7,9,92,13,"35.0","4.0",1583,1531,8625,0.802333562113933,0,17,210,"2.0",236,0.926315789473684,"0.954545454545455",229,2.45833333333333,2.48913043478261,24,233,1,6943,280,42,1171,66,10384,8750,312068,"false"
1,1,"0.0","0.0",1,1,3,1,0,1,0,"1.0","0.0",0,0,"0.0",0,0,0,0,0,0,0,9,"0.0",0,1,9,1,"0.0","1.0",88,88,2,0,0,1,10,"1.0",10,1,"0.0",10,1.11111111111111,1.11111111111111,69,454,0,23224,474,42,1171,66,10384,8750,312068,"false"
3,1,"13.0","4.0",1,3,74,13,0,10,0,"24.0","0.0714285714285714",2,16,"1.0",0,6,0,0.333333333333333,0,2,0,9,"6.0",4,6,7,4,"105.0","5.0",340,296,485,0.571428571428571,0,31,180,"0.0",40,0.78125,"0.75",35,4.44444444444444,5,31,289,3,8970,374,42,1171,66,10384,8750,312068,"true"
0,0,"0.0","0.0",0,1,6,2,0,1,0,"4.0","0.666666666666667",3,4,"2.0",0,3,0,1,1,0,0,18,"12.0",2,9,18,5,"59.0","3.0",264,264,468,0.164835164835165,0,22,119,"1.0",31,0.882352941176471,"1.0",31,1.72222222222222,1.72222222222222,22,257,0,5241,262,42,1171,66,10384,8750,312068,"false"
2,0,"0.0","0.0",0,1,3,1,0,2,0,"0.0","0.0",0,0,"0.0",0,0,0,0,4,23,0,110,"0.0",1,1,87,5,"0.0","1.0",1929,1643,438,0.000849473326537547,0,2,111,"1.0",156,0.990825688073395,"0.790909090909091",133,1.41818181818182,1.52873563218391,66,681,5,19469,786,42,1171,66,10384,8750,312068,"false"
4,1,"0.0","0.0",1,2,7,3,0,4,0,"4.0","0.0",0,0,"0.0",0,0,0,0,1,0,0,8,"1.0",0,0,8,8,"0.0","1.0",178,178,0,0.333333333333333,3,0,8,"0.0",40,0.928571428571429,"0.571428571428571",40,5,5,66,681,5,19469,786,42,1171,66,10384,8750,312068,"false"
1,0,"0.0","0.0",0,3,15,3,0,2,0,"4.0","1.0",0,0,"2.0",0,0,0,0,2,3,0,30,"1.0",1,0,27,5,"0.0","1.0",709,657,0,0.920634920634921,0,1,30,"1.0",78,0.606896551724138,"0.9",73,2.6,2.7037037037037,66,681,5,19469,786,42,1171,66,10384,8750,312068,"false"
2,0,"0.0","0.0",0,1,7,1,0,2,0,"5.0","1.0",0,0,"3.0",0,0,0,0,0,18,0,37,"0.0",2,4,19,16,"0.0","1.0",799,578,292,0.1,0,5,42,"1.0",94,0.963541666666667,"0.0",71,2.54054054054054,3.73684210526316,29,190,0,8318,262,42,1171,66,10384,8750,312068,"false"
0,1,"5.0","2.0",1,5,94,12,0,10,0,"19.0","0.285714285714286",3,4,"2.0",0,7,0,0.428571428571429,5,30,0,88,"19.0",17,10,58,15,"90.0","2.0",1601,1155,888,0.0588235294117647,0,18,196,"29.0",176,0.960153256704981,"0.631578947368421",133,2,2.29310344827586,70,543,1,20854,812,42,1171,66,10384,8750,312068,"true"
2,0,"3.0","2.0",0,5,26,7,0,7,0,"11.0","0.25",2,0,"1.0",0,3,0,0.666666666666667,5,30,0,88,"19.0",17,10,58,15,"90.0","2.0",1601,1155,888,0.0588235294117647,0,18,196,"29.0",176,0.960153256704981,"0.631578947368421",133,2,2.29310344827586,70,543,1,20854,812,42,1171,66,10384,8750,312068,"false"
7,1,"5.0","3.0",1,5,51,9,0,9,0,"15.0","0.0",3,14,"0.0",0,10,0,0.3,1,3,1,19,"0.0",32,11,16,8,"0.0","1.0",880,780,826,0.194444444444444,0,16,55,"0.0",113,0.875,"0.888888888888889",100,5.94736842105263,6.25,70,543,1,20854,812,42,1171,66,10384,8750,312068,"false"
3,0,"0.0","0.0",0,5,53,9,0,10,0,"8.0","0.0",0,0,"0.0",0,0,0,0,0,0,1,10,"0.0",0,2,10,5,"0.0","1.0",612,612,162,0,0,1,20,"0.0",58,1,"0.0",58,5.8,5.8,58,126,0,3480,142,42,1171,66,10384,8750,312068,"true"
0,0,"2.0","2.0",0,5,38,8,0,8,0,"14.0","0.75",4,8,"6.0",0,5,0,0.8,0,2,1,27,"5.0",24,15,25,31,"64.0","3.0",1032,1014,1689,0.30952380952381,0,31,162,"24.0",153,0.95409429280397,"0.933333333333333",149,5.66666666666667,5.96,138,948,4,27590,1132,42,1171,66,10384,8750,312068,"false"
0,0,"3.0","2.0",0,5,36,12,0,4,0,"10.0","0.5",2,9,"3.0",0,4,0,0.5,0,0,0,2,"1.0",3,2,2,1,"16.0","4.0",60,60,19,1,0,8,31,"0.0",13,1,"1.0",13,6.5,6.5,90,482,2,16188,569,42,1171,66,10384,8750,312068,"false"
2,0,"3.0","1.0",0,5,51,9,0,7,0,"18.0","0.727272727272727",5,10,"8.0",0,8,0,0.625,1,0,0,2,"0.0",3,5,2,5,"0.0","1.0",95,95,26,1,0,7,11,"0.0",11,1,"1.0",11,5.5,5.5,66,634,5,10542,699,42,1171,66,10384,8750,312068,"true"
2,1,"0.0","0.0",1,5,55,6,0,8,0,"13.0","0.6",1,2,"3.0",0,1,0,1,0,1,1,7,"0.0",0,1,6,4,"0.0","1.0",319,310,42,1,1,0,8,"0.0",28,0.75,"0.75",27,4,4.5,49,669,11,19441,821,42,1171,66,10384,8750,312068,"false"
2,0,"0.0","0.0",0,5,37,9,0,3,0,"4.0","1.0",0,0,"1.0",0,0,0,0,0,1,0,8,"0.0",0,3,7,5,"0.0","1.0",478,467,48,1,0,4,13,"0.0",68,0.8,"0.8",67,8.5,9.57142857142857,49,669,11,19441,821,42,1171,66,10384,8750,312068,"false"
0,1,"0.0","0.0",1,5,55,7,0,5,0,"5.0","0.0",1,8,"0.0",0,4,0,0.25,0,0,1,10,"0.0",0,2,10,5,"0.0","1.0",612,612,162,0,0,1,20,"0.0",58,1,"0.0",58,5.8,5.8,69,454,0,23224,474,42,1171,66,10384,8750,312068,"false"
1,0,"0.0","0.0",0,5,36,6,0,6,0,"12.0","1.0",1,6,"6.0",0,2,0,0.5,0,0,0,4,"2.0",0,1,4,2,"112.0","7.0",118,118,35,1,0,32,175,"0.0",12,0.833333333333333,"1.0",12,3,3,31,289,3,8970,374,42,1171,66,10384,8750,312068,"false"
2,2,"0.0","0.0",3,5,127,16,0,13,0,"14.0","0.0",0,0,"0.0",0,0,0,0,0,1,0,25,"0.0",8,5,24,9,"0.0","1.0",1283,1269,178,0.00395256916996047,0,7,35,"1.0",138,0.99537037037037,"0.956521739130435",137,5.52,5.70833333333333,66,681,5,19469,786,42,1171,66,10384,8750,312068,"true"
3,0,"0.0","0.0",0,5,106,20,0,12,0,"12.0","0.0",0,0,"0.0",0,0,0,0,0,1,0,25,"0.0",8,5,24,9,"0.0","1.0",1283,1269,178,0.00395256916996047,0,7,35,"1.0",138,0.99537037037037,"0.956521739130435",137,5.52,5.70833333333333,66,681,5,19469,786,42,1171,66,10384,8750,312068,"true"
1,1,"0.0","0.0",1,5,38,8,0,3,0,"3.0","0.0",0,0,"0.0",0,0,0,0,0,2,0,11,"0.0",0,5,9,4,"0.0","1.0",465,443,50,0.714285714285714,0,5,17,"0.0",64,0.825,"0.75",62,5.81818181818182,6.88888888888889,66,681,5,19469,786,42,1171,66,10384,8750,312068,"false"
1,1,"0.0","0.0",1,5,21,8,0,5,0,"5.0","0.0",1,4,"0.0",0,2,0,0.5,0,0,0,15,"0.0",0,1,15,10,"0.0","1.0",391,391,48,0.342857142857143,9,1,17,"0.0",49,0.935714285714286,"0.625",49,3.26666666666667,3.26666666666667,66,681,5,19469,786,42,1171,66,10384,8750,312068,"false"
2,1,"6.0","4.0",1,5,162,20,0,21,0,"39.0","0.25",14,18,"2.0",0,20,0,0.7,4,52,0,137,"1.0",69,56,85,43,"12.0","2.0",3578,2687,29122,0.0463798288225769,0,65,330,"0.0",334,0.979309165526676,"0.607692307692308",252,2.43795620437956,2.96470588235294,28,223,3,9478,312,42,1171,66,10384,8750,312068,"true"
0,1,"0.0","0.0",1,5,32,5,0,3,0,"5.0","0.0",1,2,"0.0",0,1,0,1,4,52,0,137,"1.0",69,56,85,43,"12.0","2.0",3578,2687,29122,0.0463798288225769,0,65,330,"0.0",334,0.979309165526676,"0.607692307692308",252,2.43795620437956,2.96470588235294,28,223,3,9478,312,42,1171,66,10384,8750,312068,"false"
1,1,"0.0","0.0",1,5,60,14,0,4,0,"9.0","1.0",0,0,"5.0",0,0,0,0,0,0,0,30,"0.0",33,9,30,41,"0.0","1.0",2082,2082,1782,0.420634920634921,0,13,63,"0.0",316,0.952060555088309,"1.0",316,10.5333333333333,10.5333333333333,13,78,0,4557,110,42,1171,66,10384,8750,312068,"true"
3,1,"0.0","0.0",1,5,53,9,0,10,0,"8.0","0.0",0,0,"0.0",0,0,0,0,0,0,1,10,"0.0",0,2,10,5,"0.0","1.0",612,612,162,0,0,1,20,"0.0",58,1,"0.0",58,5.8,5.8,14,33,0,1158,37,42,1171,66,10384,8750,312068,"true"
1,0,"12.0","6.0",0,6,85,10,0,11,0,"30.0","0.142857142857143",7,24,"2.0",0,21,0,0.333333333333333,0,3,0,12,"7.0",19,11,9,4,"181.0","4.0",330,279,334,0.151515151515152,1,37,276,"1.0",33,0.886363636363636,"0.692307692307692",29,2.75,3.22222222222222,70,543,1,20854,812,42,1171,66,10384,8750,312068,"true"
3,0,"0.0","0.0",0,7,120,19,0,16,0,"14.0","1.0",1,10,"3.0",0,5,0,0.2,0,0,1,10,"0.0",0,2,10,5,"0.0","1.0",612,612,162,0,0,1,20,"0.0",58,1,"0.0",58,5.8,5.8,44,200,1,8510,214,42,1171,66,10384,8750,312068,"true"
5,0,"3.0","3.0",0,7,245,39,0,20,0,"34.0","0.666666666666667",10,22,"6.0",0,13,0,0.769230769230769,0,1,0,17,"0.0",11,15,16,7,"19.0","2.0",787,770,672,0.141666666666667,0,26,69,"1.0",87,0.928571428571429,"0.941176470588235",84,5.11764705882353,5.25,90,482,2,16188,569,42,1171,66,10384,8750,312068,"true"
0,0,"3.0","2.0",0,6,54,15,0,3,0,"10.0","0.571428571428571",2,7,"4.0",0,3,0,0.666666666666667,0,0,0,2,"1.0",3,2,2,1,"16.0","4.0",77,77,15,1,0,10,30,"0.0",16,1,"1.0",16,8,8,90,482,2,16188,569,42,1171,66,10384,8750,312068,"true"
1,0,"0.0","0.0",0,6,28,8,0,2,0,"9.0","1.0",0,0,"7.0",0,0,0,0,1,2,0,16,"0.0",1,0,14,13,"0.0","1.0",232,204,0,0.705128205128205,0,1,16,"0.0",46,0.861538461538462,"0.875",39,2.875,2.78571428571429,66,634,5,10542,699,42,1171,66,10384,8750,312068,"false"
4,0,"1.0","1.0",0,6,66,16,0,6,0,"15.0","0.888888888888889",0,0,"8.0",0,0,0,0,1,0,0,4,"0.0",0,2,4,10,"0.0","1.0",227,227,52,1,0,3,10,"0.0",29,0.733333333333333,"1.0",29,7.25,7.25,49,669,11,19441,821,42,1171,66,10384,8750,312068,"false"
3,0,"0.0","0.0",0,6,130,15,0,18,0,"21.0","1.0",0,0,"4.0",0,0,0,0,1,1,0,9,"0.0",0,0,8,6,"10.0","2.0",464,452,0,0.428571428571429,0,0,9,"0.0",42,0.75,"0.888888888888889",41,4.66666666666667,5.125,49,669,11,19441,821,42,1171,66,10384,8750,312068,"true"
0,0,"1.0","1.0",0,8,169,33,0,19,0,"22.0","0.666666666666667",2,6,"2.0",0,3,0,0.666666666666667,1,1,3,42,"1.0",9,9,41,36,"93.0","4.0",2069,2060,1192,0.00840336134453781,0,12,70,"6.0",188,0.999322493224932,"1.0",186,4.47619047619048,4.53658536585366,69,454,0,23224,474,42,1171,66,10384,8750,312068,"true"
1,2,"6.0","2.0",3,10,197,35,0,22,0,"37.0","0.571428571428571",1,2,"8.0",0,1,0,1,0,1,0,25,"0.0",8,5,24,9,"0.0","1.0",1283,1269,178,0.00395256916996047,0,7,35,"1.0",138,0.99537037037037,"0.956521739130435",137,5.52,5.70833333333333,66,681,5,19469,786,42,1171,66,10384,8750,312068,"true"
3,0,"0.0","0.0",0,7,120,19,0,16,0,"14.0","1.0",1,10,"3.0",0,5,0,0.2,0,0,1,10,"0.0",0,2,10,5,"0.0","1.0",612,612,162,0,0,1,20,"0.0",58,1,"0.0",58,5.8,5.8,66,681,5,19469,786,42,1171,66,10384,8750,312068,"true"
0,0,"2.0","2.0",0,7,46,10,0,4,0,"9.0","0.333333333333333",4,6,"1.0",0,7,0,0.571428571428571,1,7,0,15,"2.0",11,11,8,6,"28.0","2.0",346,226,277,0.295238095238095,0,23,81,"1.0",40,0.857142857142857,"0.533333333333333",24,2.66666666666667,3,23,50,0,1281,66,42,1171,66,10384,8750,312068,"false"
2,0,"4.0","3.0",0,7,200,38,0,21,0,"27.0","0.4",4,10,"2.0",0,7,0,0.571428571428571,2,11,0,45,"1.0",13,10,34,15,"12.0","2.0",1404,1157,1768,0.184668989547038,0,12,69,"0.0",141,0.913636363636364,"0.744186046511628",121,3.13333333333333,3.55882352941176,28,223,3,9478,312,42,1171,66,10384,8750,312068,"true"
0,0,"7.0","5.0",0,7,48,7,0,13,0,"23.0","0.222222222222222",10,18,"2.0",0,14,0,0.714285714285714,0,3,1,8,"0.0",10,13,5,4,"0.0","1.0",216,128,160,0.166666666666667,0,15,36,"0.0",21,0.892857142857143,"0.75",10,2.625,2,28,223,3,9478,312,42,1171,66,10384,8750,312068,"false"
2,0,"0.0","0.0",0,6,54,16,0,7,0,"8.0","1.0",2,12,"1.0",0,6,0,0.333333333333333,0,0,0,30,"0.0",33,9,30,41,"0.0","1.0",2082,2082,1782,0.420634920634921,0,13,63,"0.0",316,0.952060555088309,"1.0",316,10.5333333333333,10.5333333333333,13,78,0,4557,110,42,1171,66,10384,8750,312068,"true"
1,0,"8.0","2.0",0,6,99,16,0,7,0,"28.0","0.384615384615385",2,0,"5.0",0,7,0,0.285714285714286,0,0,0,30,"0.0",33,9,30,41,"0.0","1.0",2082,2082,1782,0.420634920634921,0,13,63,"0.0",316,0.952060555088309,"1.0",316,10.5333333333333,10.5333333333333,13,78,0,4557,110,42,1171,66,10384,8750,312068,"true"
1,0,"5.0","4.0",0,6,72,15,0,5,0,"20.0","0.666666666666667",3,11,"10.0",0,6,0,0.5,0,0,0,4,"3.0",5,3,4,1,"14.0","4.0",118,118,47,0,0,11,26,"0.0",20,1,"1.0",20,5,5,22,115,0,6090,121,42,1171,66,10384,8750,312068,"true"
2,3,"11.0","4.0",3,8,152,25,0,16,0,"29.0","0.0833333333333333",16,46,"1.0",0,28,0,0.571428571428571,0,3,0,7,"0.0",11,16,4,5,"0.0","1.0",264,231,168,0.133333333333333,0,19,40,"0.0",31,0.9,"0.571428571428571",28,4.42857142857143,7,29,111,1,4573,116,42,1171,66,10384,8750,312068,"true"
