"numberOfVersionsUntil.","numberOfFixesUntil.","numberOfRefactoringsUntil.","numberOfAuthorsUntil.","linesAddedUntil.","maxLinesAddedUntil.","avgLinesAddedUntil.","linesRemovedUntil.","maxLinesRemovedUntil.","avgLinesRemovedUntil.","codeChurnUntil.","maxCodeChurnUntil.","avgCodeChurnUntil.","ageWithRespectTo.","weightedAgeWithRespectTo.","bugs"
65,4,0,8,608,158,9.35385,566,158,8.70769,42,15,0.646154,350.571,63.0609,"false"
2,0,0,2,10,10,5,0,0,0,10,10,5,117.714,0,"false"
120,10,0,12,1361,99,11.3417,768,77,6.4,593,66,4.94167,238.429,104.204,"true"
28,4,0,5,138,39,4.92857,123,39,4.39286,15,23,0.535714,367,112.678,"false"
93,17,0,8,1870,684,20.1075,1881,692,20.2258,-11,18,-0.11828,367,54.9702,"false"
16,5,0,5,37,6,2.3125,17,6,1.0625,20,4,1.25,264.857,48.8224,"false"
30,5,0,5,535,142,17.8333,74,13,2.46667,461,142,15.3667,226,3.2259,"false"
7,6,0,2,14,7,2,29,27,4.14286,-15,4,-2.14286,150.714,12.1531,"false"
52,5,0,7,1075,343,20.6731,889,343,17.0962,186,68,3.57692,367,81.1875,"false"
23,5,0,6,122,42,5.30435,138,42,6,-16,16,-0.695652,367,84.4309,"false"
25,8,0,5,228,82,9.12,61,8,2.44,167,74,6.68,229.714,10.4781,"false"
11,4,0,3,193,81,17.5455,12,4,1.09091,181,81,16.4545,222.857,13.1984,"false"
32,7,0,5,219,89,6.84375,207,89,6.46875,12,11,0.375,367,53.9478,"false"
52,3,0,5,991,226,19.0577,633,148,12.1731,358,161,6.88462,367,136.59,"false"
13,2,0,4,91,31,7,49,14,3.76923,42,17,3.23077,175,35.4835,"false"
9,5,0,4,11,5,1.22222,10,5,1.11111,1,1,0.111111,224.857,86.3117,"false"
193,30,0,12,6571,1071,34.0466,6072,1123,31.4611,499,174,2.58549,367,111.711,"true"
12,2,0,5,228,53,19,162,35,13.5,66,40,5.5,193.571,4.72807,"false"
1,0,0,1,0,0,0,0,0,0,0,0,0,7.85714,0,"false"
91,8,0,9,6880,1627,75.6044,5271,1359,57.9231,1609,583,17.6813,236,96.0161,"true"
35,6,0,7,405,155,11.5714,409,155,11.6857,-4,12,-0.114286,367,46.4272,"false"
6,3,0,3,104,49,17.3333,6,4,1,98,49,16.3333,228.857,14.8173,"false"
43,6,0,6,409,105,9.51163,317,110,7.37209,92,79,2.13953,367,133.861,"true"
168,12,0,10,2126,307,12.6548,1719,307,10.2321,407,63,2.42262,367,129.876,"true"
20,4,0,7,115,14,5.75,175,94,8.75,-60,5,-3,244.571,99.8596,"false"
92,12,0,9,2972,319,32.3043,3264,892,35.4783,-292,168,-3.17391,239.143,49.4217,"true"
76,10,0,7,1763,600,23.1974,1852,600,24.3684,-89,43,-1.17105,367,81.0014,"true"
54,8,0,7,740,243,13.7037,669,243,12.3889,71,85,1.31481,367,94.1838,"false"
4,1,0,4,18,17,4.5,7,6,1.75,11,11,2.75,141.714,23.2937,"false"
149,12,0,11,5262,483,35.3154,4660,483,31.2752,602,226,4.04027,367,148.462,"false"
2,1,0,2,1,1,0.5,1,1,0.5,0,0,0,127,69.2857,"false"
10,4,0,3,60,32,6,61,33,6.1,-1,0,-0.1,322.714,97.4809,"false"
47,7,0,5,320,52,6.80851,262,52,5.57447,58,20,1.23404,367,92.4138,"false"
37,6,0,6,284,64,7.67568,258,64,6.97297,26,22,0.702703,367,81.749,"false"
82,7,0,8,2577,325,31.4268,2733,325,33.3293,-156,81,-1.90244,367,77.5985,"true"
29,4,0,5,184,69,6.34483,185,69,6.37931,-1,6,-0.0344828,367,49.3261,"false"
39,14,0,7,465,167,11.9231,264,167,6.76923,201,74,5.15385,333.143,70.569,"false"
7,0,0,1,23,11,3.28571,6,4,0.857143,17,10,2.42857,16,2.03106,"false"
89,9,0,9,2001,399,22.4831,1889,399,21.2247,112,117,1.25843,367,118.103,"true"
81,18,0,9,1835,349,22.6543,1569,379,19.3704,266,79,3.28395,367,130.299,"true"
32,1,0,4,413,92,12.9062,122,26,3.8125,291,80,9.09375,175.714,24.9862,"false"
58,11,0,7,1851,721,31.9138,1730,721,29.8276,121,77,2.08621,367,49.3741,"false"
86,11,0,8,1629,335,18.9419,1535,335,17.8488,94,65,1.09302,367,76.4774,"false"
2,1,0,2,1,1,0.5,1,1,0.5,0,0,0,16.5714,13.5714,"false"
24,5,0,4,167,70,6.95833,174,70,7.25,-7,8,-0.291667,367,66.3601,"false"
11,4,0,6,21,4,1.90909,17,4,1.54545,4,3,0.363636,282,82.7755,"false"
7,2,0,2,139,75,19.8571,28,13,4,111,63,15.8571,9.14286,1.58068,"false"
10,3,0,6,16,5,1.6,28,18,2.8,-12,5,-1.2,271,86.4107,"false"
7,6,0,1,12,4,1.71429,10,4,1.42857,2,2,0.285714,168.857,93.3452,"false"
18,9,1,6,211,84,11.7222,53,14,2.94444,158,84,8.77778,222.714,21.6087,"false"
224,16,0,12,6579,1041,29.3705,5717,1041,25.5223,862,146,3.84821,367,115.991,"true"
10,2,0,2,86,60,8.6,62,51,6.2,24,9,2.4,105,22.3239,"false"
12,3,0,5,233,165,19.4167,78,34,6.5,155,131,12.9167,184.714,78.8087,"false"
15,4,0,5,121,69,8.06667,119,69,7.93333,2,6,0.133333,367,68.9906,"false"
27,5,0,5,152,42,5.62963,182,32,6.74074,-30,41,-1.11111,367,62.4445,"false"
73,16,0,8,2096,439,28.7123,1160,439,15.8904,936,282,12.8219,333.143,84.0883,"false"
50,6,0,8,574,115,11.48,707,115,14.14,-133,14,-2.66,367,119.907,"true"
26,6,0,6,112,54,4.30769,89,54,3.42308,23,7,0.884615,355.714,79.8367,"false"
60,3,0,7,986,170,16.4333,1102,170,18.3667,-116,35,-1.93333,367,74.1623,"true"
3,0,0,1,149,149,49.6667,149,149,49.6667,0,149,0,60,1.28571,"false"
14,4,0,5,53,9,3.78571,61,9,4.35714,-8,0,-0.571429,322.714,68.9003,"false"
37,6,0,6,177,65,4.78378,167,65,4.51351,10,11,0.27027,367,82.0153,"false"
16,2,0,4,151,30,9.4375,109,31,6.8125,42,19,2.625,169.143,46.8515,"false"
110,7,0,9,1350,176,12.2727,1190,176,10.8182,160,30,1.45455,367,92.3705,"false"
31,2,0,6,571,152,18.4194,578,152,18.6452,-7,6,-0.225806,367,61.5161,"false"
10,4,0,3,29,9,2.9,30,10,3,-1,0,-0.1,322.714,50.9852,"false"
84,31,0,8,2092,395,24.9048,1163,62,13.8452,929,395,11.0595,223.429,46.9666,"true"
14,4,0,4,279,92,19.9286,43,10,3.07143,236,88,16.8571,224.857,8.69329,"false"
61,13,0,8,667,241,10.9344,705,241,11.5574,-38,5,-0.622951,367,79.6989,"true"
36,3,0,5,842,188,23.3889,593,97,16.4722,249,123,6.91667,367,157.823,"false"
13,2,0,4,74,29,5.69231,50,29,3.84615,24,29,1.84615,139.714,13.749,"false"
50,6,0,8,271,42,5.42,217,42,4.34,54,27,1.08,367,128.633,"false"
49,4,0,7,405,136,8.26531,338,136,6.89796,67,17,1.36735,367,104.855,"false"
28,6,0,7,407,225,14.5357,365,225,13.0357,42,32,1.5,329,74.1846,"true"
74,8,0,8,1181,247,15.9595,1310,247,17.7027,-129,33,-1.74324,367,74.9741,"true"
9,4,0,4,17,4,1.88889,21,6,2.33333,-4,0,-0.444444,256.571,48.3193,"false"
6,3,0,3,148,71,24.6667,6,4,1,142,71,23.6667,222.857,10.582,"false"
34,12,0,7,316,123,9.29412,181,123,5.32353,135,60,3.97059,333.143,70.9878,"false"
13,4,0,7,52,17,4,7,4,0.538462,45,17,3.46154,226.571,29.2555,"false"
11,4,0,5,18,5,1.63636,21,5,1.90909,-3,0,-0.272727,319.714,89.1905,"false"
44,9,0,6,292,61,6.63636,271,61,6.15909,21,16,0.477273,367,78.2143,"false"
41,5,0,8,535,87,13.0488,363,87,8.85366,172,41,4.19512,329,80.2275,"false"
18,5,0,4,134,64,7.44444,136,64,7.55556,-2,5,-0.111111,367,53.8454,"false"
52,10,0,7,355,130,6.82692,355,130,6.82692,0,10,0,367,51.1952,"false"
24,7,0,7,267,108,11.125,124,44,5.16667,143,64,5.95833,278.571,145.973,"true"
9,3,0,5,12,4,1.33333,11,4,1.22222,1,1,0.111111,236,61.1071,"false"
42,3,0,6,254,53,6.04762,255,53,6.07143,-1,5,-0.0238095,367,84.9809,"false"
19,6,0,5,101,37,5.31579,22,4,1.15789,79,37,4.15789,229.714,16.587,"false"
17,3,0,6,80,15,4.70588,37,6,2.17647,43,9,2.52941,239.143,49.5089,"false"
19,6,0,5,70,23,3.68421,89,23,4.68421,-19,11,-1,270.143,145.004,"false"
7,0,0,1,94,34,13.4286,73,26,10.4286,21,11,3,9.57143,3.71581,"false"
39,14,0,8,431,164,11.0513,258,164,6.61538,173,74,4.4359,333.143,72.3752,"false"
22,4,0,8,105,23,4.77273,66,23,3,39,19,1.77273,248.571,69.2898,"true"
84,8,0,8,919,251,10.9405,803,251,9.55952,116,18,1.38095,367,87.5335,"false"
132,8,0,8,2132,535,16.1515,2129,535,16.1288,3,39,0.0227273,367,74.4663,"false"
8,4,0,4,12,4,1.5,10,4,1.25,2,1,0.25,228.143,40.2857,"true"
5,2,0,2,144,82,28.8,1,1,0.2,143,82,28.6,228.857,59.0307,"false"
45,15,0,7,813,187,18.0667,414,187,9.2,399,93,8.86667,333.143,98.4973,"false"
28,4,0,5,265,76,9.46429,256,76,9.14286,9,6,0.321429,367,52.4016,"false"
19,7,0,6,317,121,16.6842,312,120,16.4211,5,18,0.263158,229.857,51.1739,"false"
33,4,0,4,397,54,12.0303,280,53,8.48485,117,53,3.54545,164.714,42.6312,"false"
49,4,0,9,630,89,12.8571,197,43,4.02041,433,89,8.83673,224.143,62.839,"false"
121,8,0,10,1517,223,12.5372,1385,237,11.4463,132,39,1.09091,367,130.518,"false"
5,1,0,2,26,11,5.2,10,4,2,16,7,3.2,103.286,51.945,"false"
38,13,0,7,453,172,11.9211,269,172,7.07895,184,77,4.84211,333.143,69.9451,"false"
49,4,0,7,497,97,10.1429,583,97,11.898,-86,19,-1.7551,367,51.8896,"true"
15,2,0,7,86,17,5.73333,52,11,3.46667,34,15,2.26667,221,46.3405,"false"
111,21,0,9,5118,788,46.1081,5065,788,45.6306,53,279,0.477477,367,80.9683,"false"
21,4,0,7,52,15,2.47619,227,82,10.8095,-175,2,-8.33333,236,27.4478,"false"
44,4,0,8,286,82,6.5,252,82,5.72727,34,21,0.772727,367,62.7033,"false"
36,6,0,7,597,165,16.5833,87,12,2.41667,510,165,14.1667,239.571,13.5219,"false"
30,3,0,6,929,78,30.9667,902,78,30.0667,27,16,0.9,367,30.1708,"false"
18,4,0,4,599,151,33.2778,51,24,2.83333,548,151,30.4444,169.857,73.1803,"true"
19,5,0,7,240,46,12.6316,215,44,11.3158,25,10,1.31579,234.571,21.7625,"false"
26,6,0,7,207,50,7.96154,164,50,6.30769,43,14,1.65385,367,104.823,"false"
38,13,0,7,484,172,12.7368,296,172,7.78947,188,73,4.94737,333.143,72.0003,"false"
45,6,0,8,1727,444,38.3778,722,107,16.0444,1005,430,22.3333,229,25.5065,"false"
9,5,0,3,234,103,26,26,15,2.88889,208,103,23.1111,228.857,15.5336,"false"
72,11,0,7,873,188,12.125,818,188,11.3611,55,14,0.763889,367,101.333,"false"
1,0,0,1,0,0,0,0,0,0,0,0,0,172.714,0,"false"
35,6,0,6,177,54,5.05714,201,54,5.74286,-24,5,-0.685714,367,57.4762,"false"
27,4,0,8,317,98,11.7407,91,35,3.37037,226,63,8.37037,248.571,58.6223,"false"
17,4,0,5,66,23,3.88235,41,17,2.41176,25,22,1.47059,367,118.11,"false"
16,3,0,4,79,27,4.9375,81,27,5.0625,-2,6,-0.125,367,74.094,"false"
3,1,0,2,3,2,1,3,2,1,0,0,0,49.8571,40.6667,"false"
34,5,0,7,553,184,16.2647,514,184,15.1176,39,25,1.14706,367,78.5451,"false"
107,10,0,9,1707,139,15.9533,863,70,8.06542,844,119,7.88785,248.571,94.0384,"true"
22,6,0,4,192,109,8.72727,185,109,8.40909,7,5,0.318182,367,58.026,"false"
2,2,0,1,2,2,1,3,3,1.5,-1,0,-0.5,57.8571,0,"false"
34,12,0,7,316,122,9.29412,183,122,5.38235,133,59,3.91176,333.143,70.3734,"false"
35,7,0,7,215,50,6.14286,148,46,4.22857,67,41,1.91429,281.143,35.0671,"true"
28,2,0,7,981,334,35.0357,1039,334,37.1071,-58,12,-2.07143,367,59.3,"false"
8,2,0,2,132,62,16.5,104,50,13,28,12,3.5,105,81.7056,"true"
38,6,0,5,239,58,6.28947,226,58,5.94737,13,9,0.342105,367,67.2791,"true"
116,9,0,8,1922,368,16.569,1691,368,14.5776,231,29,1.99138,367,76.0182,"false"
1,0,0,1,0,0,0,0,0,0,0,0,0,12.2857,0,"false"
58,14,0,8,673,206,11.6034,476,206,8.2069,197,49,3.39655,333.143,65.2539,"false"
76,6,0,8,1158,300,15.2368,1252,370,16.4737,-94,23,-1.23684,367,66.1541,"false"
167,8,0,11,2144,515,12.8383,1636,515,9.79641,508,47,3.04192,329,77.0235,"false"
27,5,0,5,629,146,23.2963,80,12,2.96296,549,146,20.3333,226,3.16489,"false"
29,5,0,4,280,93,9.65517,256,93,8.82759,24,25,0.827586,367,34.4097,"false"
90,8,0,8,4337,329,48.1889,4198,329,46.6444,139,101,1.54444,367,36.5847,"true"
38,13,0,7,493,173,12.9737,285,173,7.5,208,75,5.47368,333.143,73.2634,"false"
21,5,0,5,147,54,7,139,54,6.61905,8,31,0.380952,367,56.1244,"false"
82,4,0,7,1665,441,20.3049,1510,441,18.4146,155,135,1.89024,367,71.0099,"false"
80,10,0,8,620,91,7.75,506,91,6.325,114,15,1.425,367,106.514,"false"
4,1,0,2,11,8,2.75,11,8,2.75,0,0,0,87.7143,8.35065,"false"
1,0,0,1,0,0,0,0,0,0,0,0,0,29,0,"false"
33,2,0,5,798,141,24.1818,730,127,22.1212,68,72,2.06061,367,112.254,"false"
47,7,0,9,502,140,10.6809,300,140,6.38298,202,71,4.29787,367,154.785,"false"
28,4,0,5,104,44,3.71429,103,44,3.67857,1,6,0.0357143,367,59.0316,"false"
1,0,0,1,0,0,0,0,0,0,0,0,0,35.7143,0,"false"
87,19,0,7,3123,378,35.8966,2127,378,24.4483,996,216,11.4483,363.857,109.912,"true"
7,3,0,4,19,7,2.71429,13,5,1.85714,6,6,0.857143,191.571,95.6842,"false"
35,4,0,8,219,110,6.25714,49,7,1.4,170,106,4.85714,243.857,141.279,"true"
84,8,0,6,857,102,10.2024,680,102,8.09524,177,59,2.10714,367,122.828,"true"
8,3,0,3,28,7,3.5,18,5,2.25,10,6,1.25,175,34.1888,"false"
17,4,0,4,68,23,4,68,23,4,0,6,0,367,61.6723,"false"
41,6,0,7,337,105,8.21951,316,105,7.70732,21,15,0.512195,367,80.2128,"false"
37,5,0,5,1295,285,35,1325,285,35.8108,-30,43,-0.810811,367,63.2596,"false"
135,24,0,9,5002,649,37.0519,4154,634,30.7704,848,269,6.28148,288.143,96.7068,"false"
51,6,0,5,809,159,15.8627,805,159,15.7843,4,13,0.0784314,367,44.356,"false"
381,27,0,9,19905,1343,52.2441,16702,1343,43.8373,3203,240,8.40682,367,76.8359,"true"
85,9,0,8,2035,315,23.9412,1862,315,21.9059,173,55,2.03529,367,80.5213,"true"
42,14,0,7,365,126,8.69048,218,126,5.19048,147,60,3.5,333.143,73.5362,"false"
34,10,0,8,1053,319,30.9706,473,70,13.9118,580,249,17.0588,220.143,26.9399,"false"
12,4,0,5,58,31,4.83333,52,31,4.33333,6,5,0.5,329,40.2143,"false"
3,0,0,1,9,7,3,35,23,11.6667,-26,0,-8.66667,16,1.73016,"false"
5,2,0,2,22,10,4.4,28,17,5.6,-6,10,-1.2,117,55.5325,"false"
14,4,0,5,129,87,9.21429,156,87,11.1429,-27,5,-1.92857,331.857,44.6523,"false"
397,96,1,10,22934,2078,57.7683,19199,2001,48.3602,3735,630,9.40806,367,176.29,"true"
4,2,0,3,21,19,5.25,15,13,3.75,6,6,1.5,103.143,69.2925,"false"
7,4,0,3,146,69,20.8571,8,4,1.14286,138,69,19.7143,222.857,10.5264,"false"
7,3,0,3,9,5,1.28571,9,5,1.28571,0,0,0,236.143,63.6984,"false"
21,4,0,5,65,16,3.09524,77,21,3.66667,-12,1,-0.571429,288.857,36.0571,"false"
112,11,0,7,1709,500,15.2589,1953,593,17.4375,-244,44,-2.17857,367,61.1051,"true"
71,5,0,10,979,202,13.7887,716,210,10.0845,263,50,3.70423,367,132.269,"true"
19,2,0,5,201,39,10.5789,99,42,5.21053,102,33,5.36842,224,50.1599,"false"
28,4,0,5,139,53,4.96429,136,53,4.85714,3,6,0.107143,367,53.7605,"false"
12,5,0,4,56,27,4.66667,45,27,3.75,11,10,0.916667,334.714,46.8112,"false"
16,5,0,4,115,55,7.1875,119,55,7.4375,-4,6,-0.25,367,51.2435,"false"
21,2,0,6,246,104,11.7143,229,104,10.9048,17,12,0.809524,367,55.2096,"false"
35,6,0,5,386,100,11.0286,214,100,6.11429,172,37,4.91429,227.571,92.5426,"true"
73,9,0,7,2135,604,29.2466,2223,604,30.4521,-88,22,-1.20548,367,73.4238,"true"
33,5,0,4,617,331,18.697,324,129,9.81818,293,202,8.87879,140.143,4.84719,"false"
30,9,0,7,198,77,6.6,115,77,3.83333,83,36,2.76667,333.143,72.3867,"false"
9,5,0,4,12,4,1.33333,11,4,1.22222,1,1,0.111111,224.857,76.9405,"false"
26,5,0,4,153,47,5.88462,139,47,5.34615,14,15,0.538462,367,65.3119,"false"
183,30,0,9,2680,542,14.6448,1779,542,9.72131,901,84,4.9235,367,108.119,"true"
3,1,0,3,5,4,1.66667,5,4,1.66667,0,0,0,177.143,3.45714,"false"
8,4,0,4,155,76,19.375,19,11,2.375,136,76,17,223.571,10.482,"false"
11,4,0,3,234,205,21.2727,29,9,2.63636,205,205,18.6364,322.714,69.5672,"true"
44,6,0,6,328,72,7.45455,277,72,6.29545,51,34,1.15909,367,68.76,"false"
140,26,1,10,7441,594,53.15,6989,594,49.9214,452,111,3.22857,367,55.6267,"true"
72,4,0,7,3216,448,44.6667,3112,448,43.2222,104,52,1.44444,367,109.796,"true"
35,7,0,6,205,78,5.85714,214,78,6.11429,-9,6,-0.257143,367,63.5052,"false"
21,6,0,5,138,55,6.57143,106,37,5.04762,32,18,1.52381,281.143,48.5166,"false"
13,4,0,5,85,60,6.53846,85,65,6.53846,0,3,0,270.143,133.121,"false"
7,3,0,1,122,35,17.4286,44,17,6.28571,78,30,11.1429,9.14286,1.79742,"false"
66,16,0,8,1809,310,27.4091,1676,310,25.3939,133,87,2.01515,367,97.146,"false"
6,1,0,1,63,33,10.5,87,32,14.5,-24,1,-4,169.571,7.85714,"false"
14,4,0,5,59,12,4.21429,70,19,5,-11,4,-0.785714,322.714,69.0678,"false"
53,9,0,7,420,133,7.92453,382,133,7.20755,38,19,0.716981,367,88.0983,"false"
24,8,0,6,1029,316,42.875,448,159,18.6667,581,290,24.2083,220.143,15.1756,"false"
45,15,0,7,625,230,13.8889,368,230,8.17778,257,104,5.71111,333.143,71.442,"false"
43,7,0,8,888,445,20.6512,427,216,9.93023,461,229,10.7209,262,102.345,"false"
112,26,0,10,5361,1562,47.8661,2652,1562,23.6786,2709,746,24.1875,333.143,72.771,"false"
13,3,0,3,130,45,10,21,14,1.61538,109,31,8.38461,169.857,89.5549,"true"
78,8,0,7,1025,277,13.141,1060,277,13.5897,-35,64,-0.448718,367,65.5231,"false"
49,13,0,8,785,308,16.0204,525,308,10.7143,260,61,5.30612,333.143,67.7934,"true"
9,3,0,4,149,68,16.5556,13,4,1.44444,136,68,15.1111,220.857,9.39981,"false"
18,4,0,4,246,75,13.6667,254,75,14.1111,-8,9,-0.444444,367,53.8084,"false"
65,9,0,5,1612,232,24.8,1119,217,17.2154,493,231,7.58461,178.143,49.9435,"true"
31,5,0,4,157,48,5.06452,182,48,5.87097,-25,6,-0.806452,367,79.3467,"false"
7,6,0,1,9,4,1.28571,8,4,1.14286,1,1,0.142857,168.857,85.9841,"false"
35,6,0,6,154,42,4.4,123,42,3.51429,31,18,0.885714,367,84.1169,"false"
11,5,0,6,250,134,22.7273,168,134,15.2727,82,64,7.45455,332,21.8657,"false"
150,10,0,10,4705,765,31.3667,4440,746,29.6,265,43,1.76667,367,155.141,"true"
140,8,0,8,2114,539,15.1,2023,539,14.45,91,206,0.65,367,72.7247,"false"
23,3,0,7,124,39,5.3913,123,39,5.34783,1,5,0.0434783,367,80.6912,"false"
1,0,0,1,0,0,0,0,0,0,0,0,0,14.7143,0,"false"
3,3,0,1,2,1,0.666667,2,1,0.666667,0,0,0,168.857,56,"false"
30,3,0,5,578,138,19.2667,576,138,19.2,2,10,0.0666667,367,76.868,"false"
36,4,0,5,833,498,23.1389,822,498,22.8333,11,30,0.305556,367,77.5493,"false"
33,8,0,7,276,150,8.36364,364,150,11.0303,-88,15,-2.66667,343,44.9234,"true"
7,3,0,4,22,12,3.14286,11,4,1.57143,11,11,1.57143,193.857,83.013,"false"
31,5,0,8,216,41,6.96774,171,41,5.51613,45,36,1.45161,367,146.976,"false"
22,6,0,5,368,85,16.7273,101,31,4.59091,267,65,12.1364,205.857,59.2092,"false"
17,6,0,5,91,42,5.35294,104,42,6.11765,-13,4,-0.764706,367,72.0581,"false"
106,35,0,11,4597,1604,43.3679,2447,849,23.0849,2150,1604,20.283,225.286,17.0975,"true"
4,3,0,2,6,4,1.5,6,4,1.5,0,0,0,184.571,31.7143,"false"
25,5,0,6,443,128,17.72,511,128,20.44,-68,3,-2.72,367,58.7591,"false"
9,4,0,5,31,11,3.44444,31,11,3.44444,0,0,0,220.143,16.5392,"false"
52,5,0,6,1715,296,32.9808,1882,323,36.1923,-167,22,-3.21154,367,65.6336,"false"
58,6,0,10,317,78,5.46552,334,78,5.75862,-17,10,-0.293103,367,92.6327,"true"
38,13,0,7,373,119,9.81579,276,119,7.26316,97,65,2.55263,333.143,68.8728,"false"
39,5,0,8,449,104,11.5128,403,104,10.3333,46,16,1.17949,329,41.8762,"false"
30,5,0,4,387,121,12.9,295,121,9.83333,92,71,3.06667,367,101.296,"false"
13,4,0,1,337,78,25.9231,167,45,12.8462,170,50,13.0769,9.14286,1.99788,"true"
9,5,0,4,14,4,1.55556,13,4,1.44444,1,1,0.111111,224.857,67.7959,"false"
143,8,0,10,7111,1444,49.7273,7724,1444,54.014,-613,217,-4.28671,367,74.1449,"true"
156,12,0,11,3401,580,21.8013,2342,588,15.0128,1059,222,6.78846,367,152.001,"true"
40,7,0,7,624,92,15.6,271,89,6.775,353,74,8.825,333.143,96.3013,"false"
36,13,0,7,614,220,17.0556,384,220,10.6667,230,86,6.38889,333.143,71.7064,"false"
54,5,0,8,621,91,11.5,459,91,8.5,162,48,3,367,116.731,"false"
90,7,0,7,2398,590,26.6444,2072,590,23.0222,326,91,3.62222,367,69.7218,"false"
131,20,0,7,2700,580,20.6107,2515,580,19.1985,185,42,1.41221,367,79.1748,"true"
43,13,0,8,557,190,12.9535,315,190,7.32558,242,100,5.62791,333.143,76.6576,"false"
27,6,0,5,287,81,10.6296,280,81,10.3704,7,7,0.259259,367,88.5903,"false"
60,8,0,7,653,163,10.8833,626,163,10.4333,27,17,0.45,367,74.995,"false"
43,3,0,6,392,71,9.11628,318,71,7.39535,74,52,1.72093,367,61.2591,"false"
59,7,0,9,588,205,9.9661,594,205,10.0678,-6,21,-0.101695,367,79.0481,"true"
11,1,0,3,194,141,17.6364,78,33,7.09091,116,121,10.5455,89,6.10604,"false"
31,8,0,7,508,87,16.3871,85,9,2.74194,423,87,13.6452,229.714,7.75506,"false"
120,31,0,12,3335,544,27.7917,2024,588,16.8667,1311,125,10.925,333.143,131.366,"false"
38,13,0,7,359,135,9.44737,216,135,5.68421,143,58,3.76316,333.143,71.4314,"false"
38,3,0,9,161,27,4.23684,138,21,3.63158,23,14,0.605263,248.143,67.559,"false"
81,7,0,9,796,143,9.82716,565,143,6.97531,231,47,2.85185,367,132.518,"false"
119,55,0,9,8425,2042,70.7983,2635,594,22.1429,5790,2013,48.6555,246.571,30.3109,"true"
37,7,0,8,120,16,3.24324,101,29,2.72973,19,9,0.513513,239.143,61.5,"false"
42,6,0,7,1347,618,32.0714,1432,637,34.0952,-85,5,-2.02381,367,35.6825,"false"
7,2,0,3,64,25,9.14286,49,26,7,15,8,2.14286,184.571,24.154,"false"
11,6,0,5,39,8,3.54545,14,5,1.27273,25,7,2.27273,288.143,107.689,"false"
244,19,0,8,10254,1386,42.0246,5777,1386,23.6762,4477,564,18.3484,367,132.341,"true"
29,4,0,8,172,63,5.93103,146,75,5.03448,26,7,0.896552,243,22.7566,"true"
34,12,0,7,433,238,12.7353,303,238,8.91176,130,60,3.82353,333.143,55.2118,"false"
37,6,0,6,252,66,6.81081,258,66,6.97297,-6,12,-0.162162,367,45.5635,"false"
20,6,0,4,187,89,9.35,179,89,8.95,8,6,0.4,367,47.6921,"false"
38,6,0,7,1976,971,52,2022,971,53.2105,-46,10,-1.21053,367,35.1962,"false"
2,0,0,1,11,11,5.5,1,1,0.5,10,10,5,66.7143,0.714286,"false"
18,3,0,4,80,27,4.44444,101,33,5.61111,-21,6,-1.16667,367,80.5321,"false"
46,4,0,6,943,310,20.5,964,310,20.9565,-21,10,-0.456522,367,34.3077,"false"
42,14,0,7,539,170,12.8333,289,170,6.88095,250,74,5.95238,333.143,68.9268,"false"
6,3,0,2,23,10,3.83333,37,31,6.16667,-14,6,-2.33333,113.857,20.323,"false"
31,11,0,5,562,75,18.129,312,65,10.0645,250,74,8.06452,264.857,34.1734,"false"
16,6,0,6,130,22,8.125,51,20,3.1875,79,22,4.9375,198.143,50.2901,"false"
14,3,0,3,443,180,31.6429,51,22,3.64286,392,180,28,222.857,13.5824,"false"
21,4,0,6,129,32,6.14286,110,32,5.2381,19,8,0.904762,367,100.924,"false"
24,8,0,6,225,77,9.375,189,77,7.875,36,47,1.5,333.143,66.5175,"false"
5,4,0,1,22,19,4.4,18,15,3.6,4,4,0.8,168.857,95.5909,"false"
16,5,0,4,95,42,5.9375,91,22,5.6875,4,21,0.25,176.857,107.777,"false"
2,1,0,2,1,1,0.5,1,1,0.5,0,0,0,22.7143,19.7143,"false"
9,4,0,5,18,4,2,11,4,1.22222,7,4,0.777778,217.143,86.3968,"false"
65,7,0,7,643,217,9.89231,787,324,12.1077,-144,13,-2.21538,367,60.7758,"false"
4,4,0,1,3,1,0.75,3,1,0.75,0,0,0,126.571,74.0476,"false"
5,2,0,1,40,19,8,1,1,0.2,39,18,7.8,9.14286,1.37143,"false"
109,15,0,8,2519,442,23.1101,1822,290,16.7156,697,213,6.3945,367,155.613,"false"
36,13,0,7,351,130,9.75,208,130,5.77778,143,58,3.97222,333.143,72.3289,"false"
10,5,0,1,85,55,8.5,13,3,1.3,72,54,7.2,78.7143,15.4303,"false"
7,3,0,5,11,4,1.57143,8,4,1.14286,3,3,0.428571,264.857,94.5714,"true"
36,13,0,7,482,175,13.3889,288,175,8,194,76,5.38889,333.143,72.0033,"false"
2,0,0,2,0,0,0,0,0,0,0,0,0,135.714,0,"false"
38,3,0,7,476,152,12.5263,395,152,10.3947,81,56,2.13158,367,105.485,"false"
157,13,0,8,2349,392,14.9618,1852,392,11.7962,497,295,3.16561,367,94.4644,"true"
45,17,0,8,1126,157,25.0222,729,306,16.2,397,148,8.82222,281.714,67.46,"false"
78,15,1,7,1262,219,16.1795,1014,246,13,248,205,3.17949,255.714,64.8228,"true"
44,10,0,7,244,31,5.54545,174,21,3.95455,70,17,1.59091,239.143,57.1985,"true"
33,5,0,5,168,74,5.09091,141,74,4.27273,27,11,0.818182,367,67.8172,"false"
25,7,0,8,1229,291,49.16,765,122,30.6,464,169,18.56,220.143,81.2442,"false"
28,6,0,6,115,34,4.10714,75,34,2.67857,40,11,1.42857,351.857,72.0658,"false"
226,71,0,10,50221,3693,222.217,44127,2958,195.252,6094,2050,26.9646,367,91.0942,"true"
15,2,0,2,120,27,8,48,20,3.2,72,26,4.8,105,60.5952,"true"
38,7,0,6,496,105,13.0526,478,105,12.5789,18,9,0.473684,367,51.4145,"false"
127,24,0,10,8666,1365,68.2362,5536,1365,43.5905,3130,546,24.6457,367,112.494,"true"
2,1,0,2,1,1,0.5,1,1,0.5,0,0,0,127,69.2857,"false"
8,0,0,1,75,24,9.375,20,12,2.5,55,19,6.875,126,5.41524,"false"
21,4,0,6,335,130,15.9524,253,130,12.0476,82,46,3.90476,333.143,71.0094,"false"
21,4,0,8,269,195,12.8095,229,194,10.9048,40,14,1.90476,325.857,146.125,"false"
25,9,0,6,119,36,4.76,103,36,4.12,16,8,0.64,325.143,87.6999,"false"
3,2,0,2,5,3,1.66667,4,3,1.33333,1,1,0.333333,111.714,13.1714,"false"
239,59,0,10,14272,3055,59.7155,13174,3055,55.1213,1098,269,4.59414,367,80.6008,"true"
54,9,0,6,525,115,9.72222,494,115,9.14815,31,21,0.574074,367,71.8171,"false"
58,13,0,7,905,215,15.6034,476,215,8.2069,429,132,7.39655,333.143,87.9662,"false"
31,8,0,7,212,105,6.83871,280,105,9.03226,-68,8,-2.19355,343,54.0222,"true"
98,26,0,13,15621,3028,159.398,12538,3026,127.939,3083,751,31.4592,294.571,138.94,"false"
1,0,0,1,0,0,0,0,0,0,0,0,0,14.7143,0,"false"
90,14,0,8,3173,548,35.2556,3015,610,33.5,158,76,1.75556,367,100.157,"false"
97,23,0,8,1990,289,20.5155,1403,289,14.4639,587,140,6.05155,367,139.257,"true"
36,5,0,5,310,59,8.61111,307,59,8.52778,3,10,0.0833333,367,68.859,"false"
3,2,0,2,24,18,8,97,87,32.3333,-73,8,-24.3333,122.714,57.3929,"false"
18,4,0,7,64,14,3.55556,33,10,1.83333,31,12,1.72222,248.571,58.0045,"true"
43,3,0,5,768,230,17.8605,467,87,10.8605,301,161,7,367,138.212,"false"
29,9,0,7,276,113,9.51724,162,113,5.58621,114,52,3.93103,333.143,71.3131,"false"
25,6,0,6,339,113,13.56,67,7,2.68,272,107,10.88,229.714,26.3936,"false"
55,6,0,8,988,192,17.9636,975,192,17.7273,13,50,0.236364,367,112.65,"true"
28,3,0,6,352,112,12.5714,113,36,4.03571,239,112,8.53571,240.857,45.5933,"false"
39,14,0,7,400,171,10.2564,255,171,6.53846,145,60,3.71795,333.143,66.5168,"false"
27,5,0,6,257,45,9.51852,114,44,4.22222,143,31,5.2963,227.571,46.5097,"true"
22,4,0,5,268,61,12.1818,99,30,4.5,169,31,7.68182,236,17.9238,"true"
95,18,0,8,845,75,8.89474,382,51,4.02105,463,61,4.87368,325.143,110.378,"false"
56,17,0,7,3556,587,63.5,4880,1041,87.1429,-1324,307,-23.6429,322.714,115.126,"true"
38,13,0,7,356,130,9.36842,214,130,5.63158,142,58,3.73684,333.143,71.937,"false"
1,0,0,1,0,0,0,0,0,0,0,0,0,12.2857,0,"true"
1,0,0,1,0,0,0,0,0,0,0,0,0,172.714,0,"false"
3,0,0,1,18,14,6,3,2,1,15,13,5,73.5714,3.79365,"false"
23,3,0,6,81,19,3.52174,81,14,3.52174,0,17,0,261.571,28.3104,"false"
35,6,0,6,179,54,5.11429,201,54,5.74286,-22,5,-0.628571,367,58.2705,"false"
1,0,0,1,0,0,0,0,0,0,0,0,0,33.8571,0,"false"
19,6,0,5,47,9,2.47368,64,9,3.36842,-17,7,-0.894737,322.714,48.6717,"false"
53,13,0,7,697,175,13.1509,418,175,7.88679,279,160,5.26415,333.143,84.9543,"false"
1,0,0,1,0,0,0,0,0,0,0,0,0,14.7143,0,"false"
28,4,0,5,105,45,3.75,103,45,3.67857,2,6,0.0714286,367,59.0014,"false"
30,4,0,5,132,55,4.4,136,55,4.53333,-4,7,-0.133333,367,50.4026,"false"
15,4,0,4,144,60,9.6,145,60,9.66667,-1,10,-0.0666667,347.857,51.7669,"false"
66,16,0,9,1416,249,21.4545,763,249,11.5606,653,147,9.89394,333.143,87.7899,"false"
11,4,0,5,27,10,2.45455,20,5,1.81818,7,5,0.636364,321.714,71.4709,"false"
2,1,0,2,1,1,0.5,1,1,0.5,0,0,0,127,69.2857,"false"
70,8,0,9,809,102,11.5571,625,102,8.92857,184,51,2.62857,367,157.035,"false"
2,0,0,2,1,1,0.5,6,6,3,-5,0,-2.5,14.5714,5,"false"
34,4,0,5,163,68,4.79412,164,68,4.82353,-1,5,-0.0294118,367,47.3216,"false"
48,12,0,9,778,144,16.2083,318,144,6.625,460,94,9.58333,333.143,90.6761,"false"
42,6,0,7,262,115,6.2381,204,115,4.85714,58,14,1.38095,270.143,138.27,"false"
24,8,0,5,1171,357,48.7917,585,217,24.375,586,306,24.4167,238.429,63.1014,"false"
21,4,0,5,157,38,7.47619,135,38,6.42857,22,7,1.04762,367,77.6069,"false"
23,6,0,6,100,35,4.34783,87,35,3.78261,13,6,0.565217,367,85.0928,"false"
92,6,0,9,1830,206,19.8913,982,146,10.6739,848,205,9.21739,248.571,85.3527,"true"
75,7,0,7,2054,181,27.3867,1763,181,23.5067,291,112,3.88,367,72.6069,"true"
15,4,0,3,163,79,10.8667,161,79,10.7333,2,8,0.133333,367,47.2287,"false"
318,166,0,10,17380,3852,54.6541,12236,2861,38.478,5144,1378,16.1761,333.143,97.7421,"true"
115,16,0,11,2006,339,17.4435,1814,339,15.7739,192,68,1.66957,367,110.401,"true"
20,4,0,6,106,37,5.3,97,32,4.85,9,27,0.45,243,94.4892,"false"
90,7,0,9,2269,335,25.2111,1645,335,18.2778,624,96,6.93333,367,143.248,"true"
3,0,0,2,16,15,5.33333,1,1,0.333333,15,15,5,112,38.3036,"false"
37,4,0,6,706,351,19.0811,739,351,19.973,-33,5,-0.891892,367,39.6908,"false"
43,6,0,7,1703,718,39.6047,1711,718,39.7907,-8,44,-0.186047,367,41.9631,"false"
16,5,0,6,60,13,3.75,43,9,2.6875,17,6,1.0625,325.143,102.576,"false"
80,11,0,6,1712,152,21.4,853,113,10.6625,859,105,10.7375,239.143,65.9057,"true"
166,72,0,11,4331,668,26.0904,2972,616,17.9036,1359,119,8.18675,333.143,147.972,"true"
16,3,0,4,144,45,9,121,29,7.5625,23,22,1.4375,236,21.5427,"false"
34,12,0,7,314,123,9.23529,179,123,5.26471,135,60,3.97059,333.143,70.7502,"false"
9,4,0,4,44,22,4.88889,39,22,4.33333,5,5,0.555556,329,44.6526,"true"
38,6,0,6,385,132,10.1316,305,132,8.02632,80,23,2.10526,367,60.177,"false"
12,4,0,5,40,11,3.33333,14,4,1.16667,26,11,2.16667,240.143,20.6786,"false"
17,3,0,4,106,23,6.23529,24,6,1.41176,82,23,4.82353,227.571,9.22237,"false"
51,9,0,7,426,143,8.35294,394,143,7.72549,32,13,0.627451,367,88.2921,"false"
35,10,0,6,336,103,9.6,306,89,8.74286,30,22,0.857143,322.714,75.7976,"false"
66,11,0,8,885,193,13.4091,823,193,12.4697,62,53,0.939394,367,125.48,"false"
6,6,0,1,10,3,1.66667,6,2,1,4,2,0.666667,168.857,94.5857,"false"
121,27,0,9,1943,305,16.0579,1245,305,10.2893,698,150,5.76859,367,146.939,"true"
6,2,0,1,98,37,16.3333,13,9,2.16667,85,37,14.1667,142,29.0831,"false"
24,6,0,5,269,100,11.2083,68,9,2.83333,201,91,8.375,229.714,9.76739,"false"
20,5,0,5,155,46,7.75,150,54,7.5,5,14,0.25,367,80.0212,"false"
31,4,0,5,148,67,4.77419,153,67,4.93548,-5,4,-0.16129,367,52.1911,"false"
66,6,0,9,2006,584,30.3939,470,105,7.12121,1536,556,23.2727,329.143,99.6814,"false"
33,4,0,7,310,87,9.39394,86,19,2.60606,224,68,6.78788,261.571,129.549,"false"
13,4,0,3,86,47,6.61538,49,13,3.76923,37,35,2.84615,136.571,12.0282,"false"
43,10,0,8,485,178,11.2791,140,46,3.25581,345,132,8.02326,320.714,153.406,"false"
1,0,0,1,0,0,0,0,0,0,0,0,0,33.8571,0,"true"
28,5,0,6,414,215,14.7857,428,215,15.2857,-14,6,-0.5,367,45.3585,"false"
49,6,0,5,416,172,8.4898,421,172,8.59184,-5,15,-0.102041,367,57.4475,"false"
14,9,0,3,45,11,3.21429,25,6,1.78571,20,9,1.42857,168.857,52.1873,"false"
71,22,0,11,877,133,12.3521,531,133,7.47887,346,48,4.87324,333.143,129.753,"false"
64,12,0,7,1384,248,21.625,1316,248,20.5625,68,44,1.0625,367,111.665,"false"
26,8,0,5,67,10,2.57692,43,9,1.65385,24,10,0.923077,322.714,76.2345,"false"
124,10,0,9,2029,568,16.3629,1496,568,12.0645,533,51,4.29839,329,99.3253,"true"
4,3,0,2,6,4,1.5,6,4,1.5,0,0,0,183.857,30.9762,"false"
64,6,0,7,714,232,11.1563,652,232,10.1875,62,39,0.96875,367,69.3741,"false"
28,4,0,5,190,60,6.78571,192,60,6.85714,-2,7,-0.0714286,367,63.3609,"false"
1,0,0,1,0,0,0,0,0,0,0,0,0,15.7143,0,"false"
49,6,0,9,726,219,14.8163,729,219,14.8776,-3,23,-0.0612245,367,72.1556,"false"
20,6,0,6,91,42,4.55,76,42,3.8,15,10,0.75,347.857,63.5369,"false"
37,6,0,6,232,64,6.27027,239,64,6.45946,-7,11,-0.189189,367,46.1823,"false"
30,3,0,5,572,138,19.0667,570,138,19,2,10,0.0666667,367,77.5457,"false"
82,11,0,9,1715,270,20.9146,1266,524,15.439,449,265,5.47561,222.857,54.4049,"false"
56,9,0,8,657,141,11.7321,398,53,7.10714,259,140,4.625,250,147.079,"true"
2,0,0,1,8,8,4,3,3,1.5,5,5,2.5,123.714,0.142857,"false"
20,6,0,7,250,94,12.5,124,60,6.2,126,43,6.3,192,152.038,"false"
13,5,0,4,95,68,7.30769,88,68,6.76923,7,5,0.538462,345.429,47.2707,"false"
46,14,0,8,470,124,10.2174,229,124,4.97826,241,93,5.23913,333.143,134.24,"false"
5,3,0,1,23,15,4.6,16,9,3.2,7,6,1.4,168.857,84.6584,"false"
46,18,0,7,127,25,2.76087,132,25,2.86957,-5,18,-0.108696,181.429,33.0315,"false"
8,6,0,2,46,29,5.75,12,7,1.5,34,22,4.25,126.571,67.1366,"false"
52,5,0,7,690,175,13.2692,711,175,13.6731,-21,40,-0.403846,367,68.7714,"false"
6,0,0,2,17,9,2.83333,8,6,1.33333,9,9,1.5,140.143,2.19328,"false"
108,30,0,11,1416,164,13.1111,970,164,8.98148,446,83,4.12963,333.143,159.011,"false"
123,13,0,9,2597,393,21.1138,2389,393,19.4228,208,66,1.69106,367,130.377,"true"
51,7,0,6,437,149,8.56863,352,149,6.90196,85,20,1.66667,367,65.764,"false"
60,8,0,10,979,413,16.3167,808,413,13.4667,171,39,2.85,333,66.5053,"true"
12,4,0,6,71,49,5.91667,69,54,5.75,2,7,0.166667,243,46.3501,"true"
61,18,0,7,601,116,9.85246,498,116,8.16393,103,28,1.68852,367,95.2008,"false"
21,4,0,8,290,107,13.8095,51,15,2.42857,239,107,11.381,228.429,14.2847,"false"
95,11,0,8,2048,311,21.5579,1923,311,20.2421,125,28,1.31579,367,88.3375,"true"
14,2,0,6,51,12,3.64286,26,11,1.85714,25,11,1.78571,216.571,75.3782,"true"
63,23,0,10,2035,467,32.3016,1133,467,17.9841,902,139,14.3175,333.143,107.323,"false"
12,10,0,2,139,38,11.5833,130,77,10.8333,9,16,0.75,126.571,41.1747,"false"
2,1,0,2,1,1,0.5,1,1,0.5,0,0,0,33.8571,30.8571,"false"
25,4,0,5,421,100,16.84,300,69,12,121,60,4.84,367,106.91,"false"
40,4,0,8,373,105,9.325,329,105,8.225,44,14,1.1,329,68.1264,"false"
2,1,0,2,1,1,0.5,1,1,0.5,0,0,0,127,69.2857,"false"
28,4,0,7,178,58,6.35714,175,58,6.25,3,8,0.107143,329,38.0385,"false"
144,9,0,10,3312,537,23,1949,361,13.5347,1363,176,9.46528,367,227.626,"true"
34,4,0,5,233,54,6.85294,240,54,7.05882,-7,6,-0.205882,367,77.8087,"false"
69,10,0,7,823,171,11.9275,442,171,6.4058,381,145,5.52174,359.857,56.821,"true"
100,5,0,7,4966,645,49.66,5428,645,54.28,-462,55,-4.62,367,46.5549,"true"
3,0,0,2,6,5,2,8,7,2.66667,-2,0,-0.666667,89,22.9524,"false"
28,4,0,5,136,50,4.85714,134,50,4.78571,2,6,0.0714286,367,53.2805,"false"
26,5,0,4,332,39,12.7692,131,39,5.03846,201,39,7.73077,175.714,23.7431,"false"
25,5,0,7,64,13,2.56,53,8,2.12,11,13,0.44,239.143,70.4911,"false"
56,7,0,8,647,174,11.5536,567,174,10.125,80,30,1.42857,367,86.2279,"true"
6,2,0,3,42,22,7,25,9,4.16667,17,17,2.83333,169.143,25.6633,"false"
46,8,0,6,1599,712,34.7609,1693,825,36.8043,-94,80,-2.04348,367,40.0115,"false"
11,2,0,3,44,16,4,35,11,3.18182,9,5,0.818182,177.143,23.7045,"false"
11,4,0,4,42,9,3.81818,42,9,3.81818,0,0,0,322.714,36.2279,"false"
23,7,0,8,214,99,9.30435,133,99,5.78261,81,21,3.52174,332,76.0494,"false"
21,5,0,5,120,58,5.71429,122,58,5.80952,-2,6,-0.0952381,367,63.0702,"false"
30,4,0,5,243,71,8.1,236,71,7.86667,7,6,0.233333,367,47.4062,"false"
60,4,0,8,890,212,14.8333,769,281,12.8167,121,131,2.01667,249.143,32.1392,"false"
9,4,0,6,49,11,5.44444,31,10,3.44444,18,9,2,220.143,38.5423,"false"
6,0,0,3,302,143,50.3333,287,143,47.8333,15,143,2.5,84.5714,23.6272,"false"
68,11,0,9,2381,402,35.0147,1288,141,18.9412,1093,361,16.0735,220.143,35.9899,"true"
84,9,0,7,1444,249,17.1905,1425,249,16.9643,19,15,0.22619,367,110.897,"true"
17,3,0,4,106,23,6.23529,24,6,1.41176,82,23,4.82353,227.571,9.22237,"false"
15,4,0,5,55,10,3.66667,68,18,4.53333,-13,4,-0.866667,322.714,65.2597,"false"
69,6,0,8,922,282,13.3623,747,282,10.8261,175,38,2.53623,329,47.0913,"false"
39,7,0,6,734,162,18.8205,232,58,5.94872,502,162,12.8718,239.571,14.6339,"false"
9,9,0,1,141,54,15.6667,37,18,4.11111,104,50,11.5556,168.857,122.691,"false"
16,3,0,6,51,11,3.1875,46,9,2.875,5,10,0.3125,261.571,25.8964,"false"
144,10,0,9,3524,763,24.4722,2994,763,20.7917,530,86,3.68056,367,134.697,"false"
6,3,0,2,58,22,9.66667,21,14,3.5,37,17,6.16667,140.143,27.7192,"true"
39,5,0,6,533,147,13.6667,455,147,11.6667,78,35,2,367,47.9743,"false"
85,13,0,9,1168,274,13.7412,526,106,6.18824,642,274,7.55294,240.857,56.7549,"true"
75,9,0,9,2010,555,26.8,2774,1321,36.9867,-764,39,-10.1867,367,40.6723,"false"
14,4,0,6,92,64,6.57143,94,70,6.71429,-2,3,-0.142857,270.143,132.286,"false"
49,5,0,7,895,78,18.2653,895,78,18.2653,0,8,0,367,42.2337,"false"
173,9,0,9,2305,458,13.3237,1752,458,10.1272,553,72,3.19653,367,96.9238,"false"
8,2,0,3,305,162,38.125,13,11,1.625,292,162,36.5,228.857,56.919,"false"
16,5,0,6,69,15,4.3125,36,7,2.25,33,14,2.0625,252.857,97.1739,"false"
128,12,0,9,5536,1358,43.25,3522,1358,27.5156,2014,449,15.7344,367,164.919,"true"
34,6,0,7,370,141,10.8824,366,141,10.7647,4,5,0.117647,367,42.3432,"false"
83,8,0,7,2960,450,35.6627,3359,450,40.4699,-399,58,-4.80723,367,36.1602,"true"
69,9,0,7,1470,235,21.3043,1179,235,17.087,291,62,4.21739,367,131.242,"true"
8,5,0,3,17,6,2.125,20,9,2.5,-3,4,-0.375,184.571,104.076,"false"
33,5,0,5,291,81,8.81818,279,81,8.45454,12,20,0.363636,367,56.6794,"false"
15,4,0,7,101,54,6.73333,96,54,6.4,5,5,0.333333,329,55.1117,"false"
4,3,0,2,6,4,1.5,6,4,1.5,0,0,0,184.571,31.7143,"false"
49,5,0,7,334,51,6.81633,269,51,5.4898,65,23,1.32653,367,98.6069,"false"
74,8,0,5,4391,1328,59.3378,4465,1328,60.3378,-74,34,-1,367,52.6632,"false"
15,5,0,7,87,39,5.8,70,39,4.66667,17,10,1.13333,329,61.9277,"false"
4,0,0,1,25,16,6.25,14,12,3.5,11,14,2.75,140.143,1.84571,"false"
48,7,0,7,8887,1598,185.146,9187,1854,191.396,-300,6,-6.25,367,50.8267,"false"
9,2,0,3,55,20,6.11111,55,46,6.11111,0,20,0,190.714,21.1013,"false"
1,0,0,1,0,0,0,0,0,0,0,0,0,14.7143,0,"false"
45,13,0,9,583,204,12.9556,349,204,7.75556,234,94,5.2,333.143,75.7047,"false"
94,6,0,8,2095,542,22.2872,2143,579,22.7979,-48,124,-0.510638,367,102.386,"true"
40,5,0,9,337,49,8.425,129,36,3.225,208,49,5.2,239.143,61.4837,"false"
94,5,0,9,1177,151,12.5213,992,151,10.5532,185,87,1.96809,329,108.524,"true"
105,17,0,9,3845,308,36.619,2468,312,23.5048,1377,167,13.1143,230.143,50.3423,"true"
6,2,0,3,26,7,4.33333,16,5,2.66667,10,6,1.66667,175,23.9945,"false"
46,5,0,8,748,166,16.2609,386,43,8.3913,362,129,7.86956,234.571,30.6146,"true"
8,0,0,1,131,60,16.375,59,25,7.375,72,58,9,16,1.72737,"true"
28,9,0,7,287,113,10.25,155,113,5.53571,132,61,4.71429,333.143,73.4545,"false"
132,50,0,7,6668,923,50.5151,4784,808,36.2424,1884,433,14.2727,322.714,132.977,"true"
6,2,0,2,67,28,11.1667,26,15,4.33333,41,21,6.83333,178.143,48.6098,"false"
41,4,0,7,209,39,5.09756,171,39,4.17073,38,14,0.926829,367,110.032,"false"
24,10,0,8,256,43,10.6667,166,26,6.91667,90,18,3.75,230.571,14.5619,"false"
27,4,0,6,329,85,12.1852,222,85,8.22222,107,24,3.96296,367,81.0729,"false"
469,31,0,12,14901,2162,31.7719,12570,2162,26.8017,2331,334,4.97015,367,90.5064,"true"
56,3,0,7,1017,186,18.1607,918,186,16.3929,99,37,1.76786,367,92.2651,"true"
84,7,0,9,1376,249,16.381,989,200,11.7738,387,237,4.60714,248.571,63.8602,"true"
55,11,0,6,2135,325,38.8182,1973,325,35.8727,162,84,2.94545,367,56.5857,"false"
39,14,0,7,487,173,12.4872,297,173,7.61538,190,74,4.87179,333.143,72.7413,"false"
16,3,0,5,50,9,3.125,21,4,1.3125,29,8,1.8125,239.143,32.7971,"false"
40,6,0,7,385,115,9.625,339,115,8.475,46,24,1.15,367,93.5184,"false"
73,8,0,7,1847,572,25.3014,2129,651,29.1644,-282,19,-3.86301,367,45.9869,"false"
2,1,0,2,5,5,2.5,5,5,2.5,0,0,0,177.143,4.28571,"true"
14,5,0,4,62,14,4.42857,28,5,2,34,13,2.42857,159.857,46.9885,"false"
1,0,0,1,0,0,0,0,0,0,0,0,0,33.8571,0,"false"
35,8,0,7,514,124,14.6857,235,124,6.71429,279,76,7.97143,333.143,85.9722,"false"
7,6,0,1,29,20,4.14286,47,36,6.71429,-18,1,-2.57143,168.857,58.7685,"false"
3,1,0,3,21,20,7,13,12,4.33333,8,8,2.66667,122.857,4.41497,"false"
41,5,0,8,172,20,4.19512,155,32,3.78049,17,8,0.414634,326.857,87.7741,"false"
176,15,0,10,4315,737,24.517,3181,737,18.0739,1134,101,6.44318,367,115.47,"true"
32,5,0,7,133,45,4.15625,129,45,4.03125,4,6,0.125,367,58.1525,"false"
6,1,0,3,28,21,4.66667,9,4,1.5,19,17,3.16667,122.143,16.6276,"false"
7,4,0,4,9,4,1.28571,9,4,1.28571,0,0,0,248.571,67.7302,"false"
25,4,0,5,234,57,9.36,150,36,6,84,35,3.36,367,159.93,"true"
56,6,0,9,1101,362,19.6607,1125,362,20.0893,-24,20,-0.428571,367,74.7192,"false"
9,6,0,4,24,7,2.66667,7,2,0.777778,17,7,1.88889,127,71.7738,"false"
20,4,0,5,99,44,4.95,142,44,7.1,-43,2,-2.15,367,60.1457,"false"
10,3,0,4,21,5,2.1,18,5,1.8,3,3,0.3,191.571,37.898,"true"
43,4,0,7,771,322,17.9302,802,328,18.6512,-31,21,-0.72093,367,56.2944,"false"
12,5,0,4,61,17,5.08333,33,7,2.75,28,10,2.33333,217,113.841,"false"
62,12,0,6,797,160,12.8548,671,160,10.8226,126,31,2.03226,367,94.6232,"false"
31,4,0,6,352,77,11.3548,146,64,4.70968,206,53,6.64516,227.571,84.1364,"true"
49,8,0,10,322,37,6.57143,242,42,4.93878,80,30,1.63265,239.143,56.287,"false"
35,4,0,7,613,171,17.5143,566,164,16.1714,47,28,1.34286,367,87.2589,"false"
29,6,0,6,653,170,22.5172,87,16,3,566,170,19.5172,237.714,11.3424,"false"
6,3,0,3,142,68,23.6667,6,4,1,136,68,22.6667,222.857,10.6881,"false"
15,6,0,4,133,34,8.86667,101,39,6.73333,32,20,2.13333,217,158.364,"false"
210,49,0,11,9587,1441,45.6524,7432,1441,35.3905,2155,359,10.2619,333.143,95.3919,"false"
11,2,0,3,416,224,37.8182,166,99,15.0909,250,180,22.7273,86.7143,10.285,"false"
5,1,0,2,14,6,2.8,9,5,1.8,5,6,1,183.571,67.2551,"false"
1,0,0,1,0,0,0,0,0,0,0,0,0,28.5714,0,"false"
34,8,0,6,426,140,12.5294,418,157,12.2941,8,22,0.235294,367,95.1472,"false"
31,4,0,7,242,95,7.80645,239,95,7.70968,3,9,0.0967742,367,53.6429,"false"
73,15,0,8,490,95,6.71233,446,95,6.10959,44,19,0.60274,367,97.614,"false"
45,10,0,8,411,146,9.13333,230,146,5.11111,181,61,4.02222,333.143,65.2517,"false"
22,4,0,5,407,195,18.5,414,195,18.8182,-7,21,-0.318182,367,40.1183,"false"
6,2,0,3,12,7,2,12,7,2,0,0,0,246.714,64.8452,"false"
2,0,0,1,0,0,0,0,0,0,0,0,0,162.429,0,"false"
41,1,0,6,324,37,7.90244,695,254,16.9512,-371,28,-9.04878,258.143,47.142,"true"
10,3,0,5,148,64,14.8,16,4,1.6,132,64,13.2,240.857,6.00676,"false"
6,0,0,2,12,5,2,4,1,0.666667,8,5,1.33333,125,50.0357,"false"
183,14,0,10,6101,979,33.3388,5117,928,27.9617,984,171,5.37705,367,118.906,"false"
41,6,0,5,4660,487,113.659,4669,508,113.878,-9,296,-0.219512,367,16.8509,"false"
17,4,0,6,58,21,3.41176,54,21,3.17647,4,6,0.235294,367,98.3818,"false"
41,9,0,6,190,38,4.63415,207,38,5.04878,-17,4,-0.414634,367,103.091,"false"
6,2,0,4,48,25,8,22,15,3.66667,26,16,4.33333,205.857,51.9851,"false"
16,4,0,4,42,17,2.625,38,17,2.375,4,4,0.25,367,85.6224,"false"
36,13,0,7,474,172,13.1667,288,172,8,186,72,5.16667,333.143,72.5286,"false"
24,5,0,7,65,11,2.70833,65,8,2.70833,0,6,0,321.143,89.8725,"false"
10,3,0,3,51,22,5.1,29,9,2.9,22,22,2.2,322.714,97.6667,"false"
10,5,0,4,124,76,12.4,34,18,3.4,90,58,9,122.714,90.1463,"true"
6,2,0,3,27,7,4.5,16,5,2.66667,11,7,1.83333,175,25.328,"false"
11,4,0,5,23,9,2.09091,16,4,1.45455,7,7,0.636364,248.143,154.36,"false"
3,0,0,2,13,12,4.33333,2,1,0.666667,11,11,3.66667,14.7143,8.92308,"false"
16,3,0,5,50,9,3.125,21,4,1.3125,29,8,1.8125,239.143,32.7971,"false"
19,3,0,5,260,79,13.6842,44,9,2.31579,216,79,11.3684,240.857,35.0055,"false"
6,3,0,3,28,11,4.66667,6,4,1,22,11,3.66667,183.571,23.3571,"false"
29,5,0,5,139,57,4.7931,140,57,4.82759,-1,7,-0.0344828,367,49.4584,"false"
37,4,0,7,487,240,13.1622,445,240,12.027,42,43,1.13514,329,46.494,"false"
4,4,0,1,3,1,0.75,3,1,0.75,0,0,0,168.857,55.3809,"false"
6,1,0,2,233,219,38.8333,261,248,43.5,-28,1,-4.66667,117.857,6.16432,"false"
37,4,0,6,315,76,8.51351,362,92,9.78378,-47,11,-1.27027,367,60.6934,"true"
50,8,0,9,533,143,10.66,453,143,9.06,80,56,1.6,367,98.5864,"true"
7,4,0,3,144,68,20.5714,8,4,1.14286,136,68,19.4286,222.857,10.5605,"false"
7,1,0,5,431,206,61.5714,9,6,1.28571,422,206,60.2857,142.571,1.4183,"false"
141,19,0,10,4684,670,33.2199,4720,670,33.4752,-36,219,-0.255319,367,84.7565,"true"
30,4,0,4,148,48,4.93333,146,48,4.86667,2,5,0.0666667,367,52.1207,"false"
42,5,0,9,255,41,6.07143,177,41,4.21429,78,10,1.85714,367,128.515,"false"
42,13,0,7,501,172,11.9286,295,172,7.02381,206,74,4.90476,333.143,72.5395,"false"
5,2,0,2,52,29,10.4,28,23,5.6,24,10,4.8,103.857,15.8049,"false"
32,4,0,6,379,151,11.8438,385,151,12.0313,-6,17,-0.1875,367,63.5756,"false"
1,0,0,1,0,0,0,0,0,0,0,0,0,14.7143,0,"false"
14,4,0,6,35,10,2.5,15,4,1.07143,20,10,1.42857,300,78.1429,"false"
86,10,0,7,1544,671,17.9535,1920,671,22.3256,-376,28,-4.37209,367,85.1222,"false"
413,18,0,11,36511,2702,88.4044,25887,2702,62.6804,10624,868,25.724,367,119.439,"true"
139,18,0,7,4053,618,29.1583,3545,558,25.5036,508,92,3.65468,367,129.03,"true"
90,4,0,8,1635,276,18.1667,836,153,9.28889,799,204,8.87778,217.857,46.7696,"false"
51,11,0,7,687,119,13.4706,309,119,6.05882,378,104,7.41176,333.143,87.2758,"false"
22,4,0,5,203,66,9.22727,173,66,7.86364,30,32,1.36364,367,103.087,"false"
181,11,0,10,3670,599,20.2762,2841,599,15.6961,829,180,4.58011,367,146.225,"true"
42,15,0,7,855,407,20.3571,606,407,14.4286,249,116,5.92857,333.143,61.1658,"false"
6,0,0,2,26,15,4.33333,2,1,0.333333,24,14,4,140.143,5.91758,"false"
28,3,0,7,253,92,9.03571,253,92,9.03571,0,9,0,367,44.2716,"false"
2,1,0,2,1,1,0.5,1,1,0.5,0,0,0,127,69.2857,"false"
252,142,0,8,7409,1496,29.4008,5091,428,20.2024,2318,1296,9.19841,261.571,48.5992,"true"
9,5,0,4,153,72,17,9,4,1,144,72,16,222.857,11.4613,"false"
58,9,0,7,549,125,9.46552,519,125,8.94828,30,29,0.517241,367,88.0458,"false"
23,4,0,5,464,123,20.1739,52,12,2.26087,412,123,17.913,226,3.29433,"false"
21,7,0,5,103,37,4.90476,24,4,1.14286,79,37,3.7619,229.714,16.3523,"false"
9,3,0,5,19,5,2.11111,15,5,1.66667,4,2,0.444444,233,33.4662,"false"
21,3,1,5,130,52,6.19048,55,21,2.61905,75,52,3.57143,187,8.06264,"false"
1,0,0,1,0,0,0,0,0,0,0,0,0,12.2857,0,"true"
2,0,0,1,12,12,6,1,1,0.5,11,11,5.5,14.7143,9.57143,"false"
9,2,0,5,373,341,41.4444,265,259,29.4444,108,82,12,224.143,159.199,"false"
48,6,0,7,1148,464,23.9167,1122,464,23.375,26,49,0.541667,367,82.3712,"false"
65,5,0,8,646,64,9.93846,1489,625,22.9077,-843,34,-12.9692,328.143,96.705,"false"
96,11,0,10,1711,272,17.8229,1509,290,15.7187,202,50,2.10417,367,115.101,"true"
2,0,0,2,10,10,5,4,4,2,6,6,3,14.7143,5,"false"
35,7,0,9,5188,1713,148.229,939,434,26.8286,4249,1511,121.4,333.143,105.181,"false"
40,4,0,4,1012,232,25.3,469,78,11.725,543,154,13.575,175.714,41.0707,"false"
36,9,0,7,1462,425,40.6111,665,315,18.4722,797,270,22.1389,333.143,120.387,"false"
7,3,0,4,9,3,1.28571,9,3,1.28571,0,0,0,220.143,45.0952,"false"
24,7,0,5,251,67,10.4583,172,51,7.16667,79,20,3.29167,322.714,78.992,"false"
150,14,0,11,2422,411,16.1467,1764,411,11.76,658,151,4.38667,329,135.043,"true"
27,6,0,5,174,52,6.44444,161,52,5.96296,13,8,0.481481,367,78.014,"false"
27,3,0,5,185,41,6.85185,145,41,5.37037,40,16,1.48148,367,88.8672,"false"
35,5,0,6,391,131,11.1714,329,131,9.4,62,32,1.77143,367,38.0018,"false"
27,8,0,8,168,57,6.22222,46,6,1.7037,122,53,4.51852,328.143,102.19,"false"
70,5,0,9,421,62,6.01429,333,62,4.75714,88,32,1.25714,367,128.918,"false"
50,5,0,6,1636,295,32.72,1804,321,36.08,-168,18,-3.36,367,64.1712,"false"
13,4,0,5,30,9,2.30769,49,10,3.76923,-19,0,-1.46154,322.714,49.4905,"false"
14,5,0,7,192,79,13.7143,130,79,9.28571,62,32,4.42857,333.143,100.571,"false"
18,9,0,4,237,200,13.1667,69,43,3.83333,168,157,9.33333,166.714,9.8692,"false"
57,6,0,7,667,263,11.7018,663,263,11.6316,4,14,0.0701754,367,62.2949,"false"
66,12,0,7,946,169,14.3333,862,169,13.0606,84,22,1.27273,367,104.98,"false"
31,3,0,6,185,83,5.96774,190,83,6.12903,-5,6,-0.16129,367,51.556,"false"
39,5,0,7,514,158,13.1795,464,158,11.8974,50,25,1.28205,367,53.9778,"false"
46,5,0,9,355,65,7.71739,321,65,6.97826,34,11,0.73913,367,108.363,"false"
12,2,0,4,117,43,9.75,230,105,19.1667,-113,7,-9.41667,191.714,38.3492,"true"
63,7,0,8,1269,287,20.1429,1232,287,19.5556,37,24,0.587302,367,48.3928,"false"
9,2,0,3,388,267,43.1111,20,11,2.22222,368,256,40.8889,126,23.0066,"false"
48,5,0,8,928,293,19.3333,639,293,13.3125,289,68,6.02083,367,81.3798,"false"
40,4,0,7,326,134,8.15,323,134,8.075,3,14,0.075,367,65.1613,"false"
18,3,0,5,64,25,3.55556,51,25,2.83333,13,6,0.722222,367,93.6473,"false"
69,5,0,7,2270,728,32.8986,2019,728,29.2609,251,98,3.63768,367,56.1678,"false"
40,13,0,7,501,174,12.525,295,174,7.375,206,74,5.15,333.143,72.5264,"false"
35,12,0,7,297,92,8.48571,117,18,3.34286,180,74,5.14286,321,91.5094,"false"
34,6,0,6,203,54,5.97059,225,54,6.61765,-22,4,-0.647059,367,69.1696,"false"
62,7,0,9,711,106,11.4677,516,117,8.32258,195,28,3.14516,367,133.266,"false"
233,26,0,11,10114,619,43.4077,8989,619,38.5794,1125,300,4.82833,367,71.8777,"true"
24,3,0,6,146,65,6.08333,150,65,6.25,-4,4,-0.166667,367,65.5724,"false"
22,9,0,4,584,155,26.5455,365,102,16.5909,219,53,9.95454,173.429,40.4474,"false"
15,5,0,3,182,53,12.1333,92,54,6.13333,90,52,6,169.571,34.5275,"true"
90,6,0,9,2364,335,26.2667,1422,335,15.8,942,149,10.4667,367,140.613,"false"
59,16,0,8,821,243,13.9153,531,243,9,290,170,4.91525,333.143,78.58,"false"
26,4,0,4,197,69,7.57692,198,69,7.61538,-1,9,-0.0384615,367,35.0812,"false"
6,5,0,2,74,50,12.3333,30,16,5,44,34,7.33333,122.714,56.0985,"false"
122,7,0,8,4457,1312,36.5328,4192,1312,34.3607,265,357,2.17213,367,59.2385,"true"
184,8,0,10,4159,756,22.6033,2077,203,11.288,2082,756,11.3152,230.857,48.756,"true"
15,4,0,6,57,20,3.8,43,14,2.86667,14,8,0.933333,325.143,71.1905,"false"
23,6,0,5,225,83,9.78261,221,83,9.6087,4,6,0.173913,367,79.4641,"false"
29,3,0,4,581,232,20.0345,595,232,20.5172,-14,5,-0.482759,367,33.3142,"false"
3,1,0,2,5,4,1.66667,2,1,0.666667,3,3,1,118.857,59.0571,"false"
80,31,0,7,1561,247,19.5125,924,145,11.55,637,223,7.9625,318.143,122.75,"false"
7,3,0,3,33,17,4.71429,32,17,4.57143,1,1,0.142857,191.714,7.50216,"true"
52,7,0,6,1072,316,20.6154,1049,316,20.1731,23,17,0.442308,367,70.7504,"false"
11,5,0,6,80,31,7.27273,76,31,6.90909,4,4,0.363636,220.143,30.9089,"false"
39,15,0,7,701,321,17.9744,460,321,11.7949,241,100,6.17949,333.143,63.1528,"false"
30,9,0,7,201,76,6.7,115,76,3.83333,86,37,2.86667,333.143,72.9204,"false"
156,16,0,7,3080,677,19.7436,2705,677,17.3397,375,128,2.40385,367,86.1558,"true"
5,2,0,2,23,9,4.6,3,2,0.6,20,9,4,168.857,34.4472,"false"
37,5,0,6,270,69,7.2973,243,69,6.56757,27,10,0.72973,367,66.9688,"false"
27,9,0,7,265,104,9.81481,149,104,5.51852,116,53,4.2963,333.143,73.7757,"false"
1,0,0,1,0,0,0,0,0,0,0,0,0,14.7143,0,"false"
11,1,0,5,20,6,1.81818,15,6,1.36364,5,2,0.454545,264.857,58.1571,"false"
1,1,0,1,0,0,0,0,0,0,0,0,0,74.5714,0,"false"
23,4,0,5,198,57,8.6087,146,29,6.34783,52,50,2.26087,140.571,38.2857,"false"
126,16,0,10,2188,397,17.3651,2009,397,15.9444,179,53,1.42063,367,67.7641,"false"
26,7,0,5,57,10,2.19231,24,8,0.923077,33,10,1.26923,166.571,55.2957,"true"
42,8,0,7,334,103,7.95238,278,103,6.61905,56,18,1.33333,367,97.4341,"false"
4,0,0,1,25,16,6.25,3,3,0.75,22,13,5.5,140.143,1.84571,"false"
18,6,0,6,106,42,5.88889,79,42,4.38889,27,10,1.5,347.857,80.6752,"false"
16,3,0,5,110,59,6.875,86,45,5.375,24,54,1.5,127.714,16.3779,"false"
15,9,0,3,64,28,4.26667,61,25,4.06667,3,26,0.2,123.571,53.0201,"false"
24,3,0,7,71,11,2.95833,71,14,2.95833,0,7,0,261.571,27.662,"false"
4,2,0,3,54,26,13.5,18,8,4.5,36,18,9,127,35.6984,"true"
3,1,0,2,11,6,3.66667,9,6,3,2,2,0.666667,12.5714,3.24675,"false"
10,3,0,4,42,20,4.2,51,32,5.1,-9,1,-0.9,245.571,18.2007,"false"
55,4,0,7,792,127,14.4,845,170,15.3636,-53,124,-0.963636,258.143,62.4695,"true"
12,8,0,3,238,73,19.8333,83,26,6.91667,155,57,12.9167,65.7143,24.8962,"false"
156,13,0,7,3003,501,19.25,2591,474,16.609,412,72,2.64103,367,168.204,"true"
53,5,0,6,588,183,11.0943,550,183,10.3774,38,34,0.716981,367,73.7826,"true"
368,22,0,11,11891,1854,32.3125,9805,1854,26.644,2086,271,5.66848,367,85.7021,"true"
71,19,0,8,2297,522,32.3521,1677,522,23.6197,620,348,8.73239,333.143,85.3538,"false"
80,20,0,7,14750,3120,184.375,16495,3120,206.188,-1745,531,-21.8125,367,81.4591,"true"
56,13,0,7,904,218,16.1429,474,218,8.46429,430,132,7.67857,333.143,87.7539,"false"
4,1,0,3,103,54,25.75,1,1,0.25,102,54,25.5,164.714,18.6144,"false"
4,4,0,2,6,4,1.5,6,4,1.5,0,0,0,194,41.1429,"false"
27,4,0,5,700,202,25.9259,725,216,26.8519,-25,17,-0.925926,367,46.851,"true"
8,3,0,4,28,7,3.5,18,5,2.25,10,6,1.25,175,34.148,"false"
29,5,0,7,209,48,7.2069,245,79,8.44828,-36,36,-1.24138,222.857,47.7457,"false"
4,0,0,1,58,21,14.5,6,3,1.5,52,19,13,14.7143,7.29557,"true"
42,8,0,7,319,45,7.59524,213,38,5.07143,106,37,2.52381,367,94.7886,"false"
33,8,0,5,956,256,28.9697,112,13,3.39394,844,256,25.5758,226,2.54752,"false"
2,0,0,2,8,8,4,3,3,1.5,5,5,2.5,10.7143,6.71429,"false"
4,2,0,2,2,1,0.5,2,1,0.5,0,0,0,135,22.1429,"false"
6,3,0,3,8,4,1.33333,8,4,1.33333,0,0,0,245.857,73.4821,"false"
2,0,0,1,12,12,6,1,1,0.5,11,11,5.5,14.7143,9.57143,"false"
7,1,0,3,223,114,31.8571,10,7,1.42857,213,114,30.4286,164.714,21.5868,"false"
3,1,0,2,3,2,1,2,1,0.666667,1,1,0.333333,49.8571,19.1429,"true"
19,3,0,5,76,25,4,51,25,2.68421,25,12,1.31579,367,118.041,"false"
20,5,0,6,112,50,5.6,90,50,4.5,22,10,1.1,347.857,63.8724,"false"
39,7,0,9,1312,242,33.641,812,258,20.8205,500,201,12.8205,288.143,28.4435,"true"
52,4,0,6,909,426,17.4808,936,426,18,-27,7,-0.519231,367,50.9054,"false"
29,5,0,6,365,100,12.5862,343,100,11.8276,22,50,0.758621,367,113.877,"false"
19,5,0,5,166,47,8.73684,146,39,7.68421,20,18,1.05263,322.714,84.0189,"false"
2,0,0,1,14,14,7,0,0,0,14,14,7,9.14286,1.28571,"false"
32,4,0,6,637,155,19.9063,629,155,19.6563,8,9,0.25,367,74.9404,"false"
21,4,0,5,144,23,6.85714,58,17,2.7619,86,23,4.09524,227.571,35.755,"true"
84,9,0,8,1426,437,16.9762,1057,437,12.5833,369,117,4.39286,367,96.8127,"false"
81,7,0,8,1723,380,21.2716,1509,182,18.6296,214,322,2.64198,367,120.512,"true"
77,6,0,7,1332,403,17.2987,1218,403,15.8182,114,81,1.48052,367,45.2638,"false"
24,3,0,4,337,85,14.0417,301,85,12.5417,36,27,1.5,367,50.1865,"true"
113,9,0,9,1169,162,10.3451,993,185,8.78761,176,31,1.55752,367,126.459,"false"
114,3,0,9,1591,198,13.9561,857,111,7.51754,734,198,6.4386,230.857,63.5575,"true"
9,5,0,4,28,9,3.11111,12,4,1.33333,16,9,1.77778,228.143,23.5714,"false"
26,11,0,8,243,129,9.34615,58,15,2.23077,185,114,7.11538,246.571,187.309,"false"
18,4,0,4,119,31,6.61111,123,31,6.83333,-4,5,-0.222222,367,67.4886,"false"
26,6,0,5,160,54,6.15385,138,54,5.30769,22,12,0.846154,367,99.8339,"false"
7,2,0,3,740,381,105.714,16,9,2.28571,724,381,103.429,164.714,20.6807,"false"
16,2,0,8,226,46,14.125,80,18,5,146,33,9.125,220.143,40.9937,"false"
4,2,0,1,9,6,2.25,19,7,4.75,-10,0,-2.5,9.14286,1.28571,"false"
38,5,0,7,283,116,7.44737,276,116,7.26316,7,8,0.184211,367,62.9692,"false"
15,5,0,7,71,20,4.73333,451,193,30.0667,-380,0,-25.3333,220.143,34.5775,"false"
9,4,0,5,15,5,1.66667,13,5,1.44444,2,1,0.222222,316.714,105.933,"false"
2,0,0,1,51,51,25.5,29,29,14.5,22,22,11,9.57143,3.57143,"true"
40,3,0,7,843,117,21.075,378,79,9.45,465,75,11.625,236,35.1466,"false"
5,1,0,4,23,7,4.6,12,4,2.4,11,7,2.2,179.857,14.205,"false"
92,10,0,9,4436,799,48.2174,1611,370,17.5109,2825,799,30.7065,228.429,78.6207,"false"
3,0,0,1,20,12,6.66667,47,47,15.6667,-27,12,-9,66.7143,0,"false"
49,6,0,6,506,137,10.3265,498,137,10.1633,8,13,0.163265,367,51.083,"true"
6,3,0,3,142,68,23.6667,6,4,1,136,68,22.6667,222.857,10.6881,"false"
35,6,0,6,178,54,5.08571,197,54,5.62857,-19,9,-0.542857,367,61.1862,"false"
80,11,0,7,1549,505,19.3625,1280,505,16,269,138,3.3625,367,96.6581,"false"
22,4,0,5,137,56,6.22727,125,56,5.68182,12,5,0.545455,367,74.6257,"false"
19,4,0,5,243,60,12.7895,50,21,2.63158,193,60,10.1579,219.857,136.486,"false"
17,3,0,4,106,23,6.23529,24,6,1.41176,82,23,4.82353,227.571,9.22237,"false"
38,4,0,5,276,77,7.26316,237,77,6.23684,39,15,1.02632,367,99.7935,"false"
91,9,0,9,4093,543,44.978,2902,552,31.8901,1191,329,13.0879,367,145.419,"false"
30,4,0,4,187,54,6.23333,179,54,5.96667,8,4,0.266667,367,38.0183,"false"
38,3,0,8,436,124,11.4737,248,50,6.52632,188,106,4.94737,248.571,71.0465,"true"
47,7,0,7,622,205,13.234,535,205,11.383,87,59,1.85106,367,83.5916,"false"
4,2,0,3,4,3,1,4,3,1,0,0,0,133.143,18.7857,"false"
4,3,0,2,6,4,1.5,6,4,1.5,0,0,0,198.143,45.2857,"false"
79,9,0,8,1117,282,14.1392,963,282,12.1899,154,52,1.94937,367,104.602,"true"
35,7,0,6,812,197,23.2,141,20,4.02857,671,197,19.1714,226,4.71024,"false"
17,3,0,4,106,23,6.23529,24,6,1.41176,82,23,4.82353,227.571,9.22237,"false"
39,5,0,7,247,63,6.33333,140,63,3.58974,107,33,2.74359,367,119.432,"false"
37,14,0,7,513,235,13.8649,322,235,8.7027,191,83,5.16216,333.143,65.5792,"false"
31,5,0,7,149,28,4.80645,153,28,4.93548,-4,14,-0.129032,334.571,64.9636,"false"
6,3,0,3,108,51,18,6,4,1,102,51,17,222.571,11.3611,"false"
38,13,0,7,526,195,13.8421,315,195,8.28947,211,91,5.55263,333.143,71.5997,"false"
18,7,0,7,271,100,15.0556,132,100,7.33333,139,60,7.72222,333.143,52.3927,"false"
12,4,0,5,100,44,8.33333,12,4,1,88,44,7.33333,218.857,13.0314,"false"
15,7,1,5,122,42,8.13333,35,12,2.33333,87,42,5.8,222.714,28.4005,"false"
25,6,0,4,298,84,11.92,271,84,10.84,27,27,1.08,367,104.058,"false"
79,7,0,7,902,235,11.4177,844,235,10.6835,58,57,0.734177,367,68.5146,"false"
111,57,0,7,6733,874,60.6577,4555,882,41.036,2178,446,19.6216,246.571,23.6463,"true"
1,0,0,1,0,0,0,0,0,0,0,0,0,105,0,"true"
17,4,0,4,79,32,4.64706,77,32,4.52941,2,5,0.117647,367,54.3436,"false"
20,2,0,7,147,40,7.35,112,29,5.6,35,14,1.75,236,15.5666,"false"
36,8,0,6,336,136,9.33333,236,136,6.55556,100,26,2.77778,333.143,50.3992,"false"
59,8,0,7,611,103,10.3559,655,108,11.1017,-44,42,-0.745763,367,82.8071,"false"
46,12,0,8,785,183,17.0652,377,183,8.19565,408,121,8.86956,333.143,85.287,"false"
29,4,0,5,160,60,5.51724,145,60,5,15,8,0.517241,367,54.5152,"false"
39,3,0,8,169,49,4.33333,151,49,3.87179,18,8,0.461538,367,68.6407,"false"
155,33,0,12,3557,272,22.9484,2821,285,18.2,736,156,4.74839,333.143,123.398,"false"
25,4,0,4,259,106,10.36,270,109,10.8,-11,7,-0.44,367,36.6702,"false"
24,5,0,4,160,67,6.66667,167,67,6.95833,-7,6,-0.291667,367,69.8107,"false"
17,4,0,5,112,48,6.58824,120,48,7.05882,-8,4,-0.470588,367,51.7564,"false"
21,5,0,5,161,72,7.66667,178,72,8.47619,-17,5,-0.809524,367,58.4667,"false"
118,13,0,9,2331,412,19.7542,1959,412,16.6017,372,128,3.15254,367,80.3105,"false"
32,5,0,5,256,81,8,253,81,7.90625,3,22,0.09375,367,132.693,"false"
32,5,0,5,183,57,5.71875,150,57,4.6875,33,19,1.03125,367,90.2795,"false"
11,4,0,4,52,12,4.72727,40,9,3.63636,12,6,1.09091,322.714,29.8517,"false"
150,14,0,9,3997,567,26.6467,3783,567,25.22,214,114,1.42667,367,141.094,"true"
73,5,0,7,777,178,10.6438,674,178,9.23288,103,41,1.41096,367,73.5067,"false"
47,6,0,7,515,168,10.9574,429,168,9.12766,86,60,1.82979,367,100.545,"false"
22,6,0,4,506,120,23,625,208,28.4091,-119,12,-5.40909,217,133.701,"false"
48,6,0,7,1007,298,20.9792,963,298,20.0625,44,51,0.916667,367,87.8779,"false"
46,7,0,9,293,35,6.36956,206,17,4.47826,87,35,1.8913,239.143,65.4832,"false"
68,16,0,8,1930,237,28.3824,1503,237,22.1029,427,134,6.27941,367,129.777,"false"
709,69,0,15,38598,2955,54.4401,34292,2942,48.3667,4306,336,6.07334,367,100.595,"true"
30,7,0,8,221,85,7.36667,211,67,7.03333,10,19,0.333333,322.714,90.1467,"true"
14,4,0,4,101,50,7.21429,100,50,7.14286,1,5,0.0714286,367,52.8416,"false"
41,4,0,7,960,285,23.4146,1208,297,29.4634,-248,7,-6.04878,367,64.3007,"false"
23,8,0,5,177,63,7.69565,41,7,1.78261,136,62,5.91304,229.714,15.9927,"false"
9,1,0,3,28,8,3.11111,19,6,2.11111,9,2,1,169.571,35.3418,"false"
45,11,0,7,337,78,7.48889,213,78,4.73333,124,35,2.75556,367,122.181,"true"
35,8,0,9,383,96,10.9429,300,68,8.57143,83,28,2.37143,228.143,27.0653,"true"
48,6,0,7,900,257,18.75,407,47,8.47917,493,223,10.2708,229,47.8178,"true"
41,17,1,8,485,75,11.8293,120,43,2.92683,365,75,8.90244,222.714,71.7756,"false"
46,9,0,5,5807,1581,126.239,6763,2499,147.022,-956,147,-20.7826,367,76.9932,"false"
46,15,0,8,830,189,18.0435,431,189,9.36956,399,91,8.67391,333.143,99.3661,"false"
4,1,0,2,80,40,20,22,11,5.5,58,29,14.5,150.714,17.9286,"false"
104,11,0,7,1487,369,14.2981,1299,369,12.4904,188,39,1.80769,367,86.1225,"false"
33,6,0,6,192,67,5.81818,180,67,5.45455,12,9,0.363636,367,72.7991,"false"
1,0,0,1,0,0,0,0,0,0,0,0,0,87.1429,0,"false"
198,13,0,9,3617,488,18.2677,3066,488,15.4848,551,100,2.78283,367,105.595,"true"
51,7,0,6,633,170,12.4118,580,170,11.3725,53,48,1.03922,367,123.074,"false"
1,0,0,1,0,0,0,0,0,0,0,0,0,14.7143,0,"false"
31,7,0,6,334,147,10.7742,361,164,11.6452,-27,6,-0.870968,367,53.4363,"false"
520,132,0,12,65571,7452,126.098,59724,7452,114.854,5847,2768,11.2442,367,96.248,"true"
74,9,0,10,1263,547,17.0676,961,547,12.9865,302,46,4.08108,329,59.7003,"true"
40,4,0,8,441,204,11.025,440,204,11,1,10,0.025,367,50.6838,"false"
52,12,0,9,741,156,14.25,356,156,6.84615,385,94,7.40385,333.143,96.2851,"false"
57,13,0,6,854,168,14.9825,614,100,10.7719,240,167,4.21053,367,138.317,"true"
32,7,0,7,237,33,7.40625,190,41,5.9375,47,28,1.46875,291,81.135,"false"
18,4,0,4,93,33,5.16667,85,33,4.72222,8,9,0.444444,367,55.9708,"false"
56,7,0,7,1082,225,19.3214,889,225,15.875,193,109,3.44643,367,50.3331,"false"
10,0,0,2,223,73,22.3,254,97,25.4,-31,29,-3.1,89,2.20756,"false"
25,3,0,7,244,83,9.76,216,83,8.64,28,38,1.12,367,96.5269,"false"
39,6,0,5,302,73,7.74359,312,73,8,-10,13,-0.25641,367,61.6485,"false"
1,0,0,1,0,0,0,0,0,0,0,0,0,21.1429,0,"false"
106,5,0,7,2472,179,23.3208,1233,137,11.6321,1239,123,11.6887,204.714,78.6175,"true"
2,0,0,1,11,11,5.5,3,3,1.5,8,8,4,126,0.142857,"false"
17,2,0,7,99,22,5.82353,62,14,3.64706,37,14,2.17647,217,62.5815,"true"
88,29,0,10,1783,180,20.2614,1339,161,15.2159,444,160,5.04545,261.571,109.425,"false"
32,6,0,6,643,183,20.0938,92,12,2.875,551,183,17.2187,226,5.70384,"false"
26,4,0,4,136,55,5.23077,136,55,5.23077,0,6,0,367,48.9181,"false"
25,6,0,5,153,36,6.12,71,13,2.84,82,23,3.28,217,64.2838,"false"
81,8,0,9,7934,1737,97.9506,7679,1737,94.8025,255,339,3.14815,367,118.127,"false"
26,5,0,9,130,37,5,96,37,3.69231,34,14,1.30769,329,71.4352,"false"
11,3,0,4,34,7,3.09091,24,5,2.18182,10,6,0.909091,175,34.1513,"false"
13,2,0,4,52,18,4,56,31,4.30769,-4,12,-0.307692,261.571,48.4698,"false"
9,5,0,4,12,4,1.33333,11,4,1.22222,1,1,0.111111,224.857,76.9405,"false"
36,5,0,6,670,83,18.6111,337,71,9.36111,333,82,9.25,354.571,80.5139,"false"
99,5,0,8,1946,315,19.6566,856,116,8.64646,1090,315,11.0101,220.714,49.8048,"true"
55,8,0,7,671,184,12.2,668,184,12.1455,3,22,0.0545455,367,69.3709,"false"
2,0,0,1,0,0,0,0,0,0,0,0,0,133.571,0,"true"
35,8,0,6,957,285,27.3429,276,86,7.88571,681,285,19.4571,239.571,12.1797,"false"
17,4,0,5,478,226,28.1176,487,226,28.6471,-9,9,-0.529412,367,41.4441,"false"
450,12,0,12,25117,1261,55.8156,21204,1261,47.12,3913,429,8.69556,367,96.5124,"true"
31,19,0,6,515,95,16.6129,374,92,12.0645,141,41,4.54839,193,33.0488,"false"
8,1,0,4,13,6,1.625,10,6,1.25,3,2,0.375,264.857,70.2308,"false"
9,1,0,3,17,10,1.88889,15,5,1.66667,2,5,0.222222,131.857,15.4958,"false"
74,7,0,9,423,44,5.71622,352,50,4.75676,71,17,0.959459,325,119.241,"false"
36,4,0,4,374,76,10.3889,376,76,10.4444,-2,13,-0.0555556,367,70.9236,"false"
479,70,2,12,22297,2482,46.5491,16639,2576,34.737,5658,459,11.8121,367,129.576,"true"
12,4,0,7,26,5,2.16667,15,4,1.25,11,5,0.916667,282,90.3571,"false"
239,14,0,12,13423,873,56.1632,12995,896,54.3724,428,103,1.79079,367,54.9122,"true"
21,5,0,6,344,131,16.381,560,154,26.6667,-216,9,-10.2857,367,52.1578,"false"
35,9,0,6,253,66,7.22857,236,66,6.74286,17,9,0.485714,367,99.738,"false"
6,2,0,3,39,36,6.5,37,34,6.16667,2,2,0.333333,140.143,15.2344,"false"
172,70,0,8,6871,959,39.9477,3179,425,18.4826,3692,836,21.4651,264.857,166.729,"true"
22,4,0,6,282,92,12.8182,305,92,13.8636,-23,4,-1.04545,367,48.0942,"false"
1,0,0,1,0,0,0,0,0,0,0,0,0,14.7143,0,"false"
39,4,0,9,544,138,13.9487,270,59,6.92308,274,89,7.02564,236,29.5176,"false"
18,3,0,5,64,25,3.55556,51,25,2.83333,13,6,0.722222,367,93.6473,"false"
2,0,0,1,58,58,29,16,16,8,42,42,21,20.5714,14.7143,"false"
9,4,0,3,28,9,3.11111,29,10,3.22222,-1,0,-0.111111,322.714,52.8061,"false"
31,3,0,6,637,155,20.5484,629,155,20.2903,8,9,0.258065,367,74.9388,"false"
46,5,0,7,480,224,10.4348,826,320,17.9565,-346,16,-7.52174,279.571,48.9,"false"
63,5,0,9,926,258,14.6984,829,302,13.1587,97,35,1.53968,367,97.8383,"false"
171,14,0,10,6363,924,37.2105,5607,935,32.7895,756,156,4.42105,367,124.878,"true"
30,4,0,5,328,143,10.9333,321,143,10.7,7,15,0.233333,367,39.4787,"false"
15,4,0,5,203,74,13.5333,53,19,3.53333,150,74,10,207.143,10.4215,"false"
34,2,0,7,243,47,7.14706,245,51,7.20588,-2,19,-0.0588235,243,26.6238,"false"
217,57,0,9,26252,5690,120.977,25827,5690,119.018,425,328,1.95853,367,93.3903,"true"
51,13,0,8,765,349,15,572,349,11.2157,193,61,3.78431,333.143,44.4293,"true"
21,4,0,5,293,73,13.9524,151,38,7.19048,142,46,6.7619,281.143,34.8649,"false"
29,20,0,3,2876,1767,99.1724,4032,2292,139.034,-1156,428,-39.8621,126.571,59.8261,"true"
35,16,0,6,209,27,5.97143,195,39,5.57143,14,14,0.4,264.857,46.8776,"false"
30,4,0,4,168,30,5.6,165,30,5.5,3,9,0.1,367,47.159,"false"
54,6,0,8,373,95,6.90741,550,95,10.1852,-177,13,-3.27778,367,85.2539,"false"
12,2,0,3,36,7,3,10,4,0.833333,26,7,2.16667,105,69.9286,"false"
9,3,0,4,32,11,3.55556,26,6,2.88889,6,6,0.666667,244.714,25.2679,"false"
14,4,0,5,18,4,1.28571,18,4,1.28571,0,0,0,238.429,45.8175,"false"
15,4,0,5,297,131,19.8,31,12,2.06667,266,131,17.7333,218.857,13.0702,"false"
21,3,0,4,192,37,9.14286,52,11,2.47619,140,36,6.66667,227.571,10.9219,"false"
14,5,0,6,19,4,1.35714,40,23,2.85714,-21,1,-1.5,236.143,101.602,"false"
10,3,0,6,152,67,15.2,14,4,1.4,138,67,13.8,240.857,5.47462,"false"
2,0,0,1,9,9,4.5,0,0,0,9,9,4.5,14.7143,9.57143,"false"
16,5,0,5,55,9,3.4375,51,9,3.1875,4,4,0.25,322.714,65.8883,"false"
16,3,0,7,151,39,9.4375,174,99,10.875,-23,39,-1.4375,193.571,30.017,"false"
44,6,0,7,326,98,7.40909,306,98,6.95455,20,11,0.454545,367,76.8418,"false"
41,6,0,6,275,107,6.70732,318,107,7.7561,-43,24,-1.04878,367,54.6197,"false"
3,0,0,3,1,1,0.333333,1,1,0.333333,0,0,0,162.571,0,"false"
38,14,0,7,536,253,14.1053,345,253,9.07895,191,83,5.02632,333.143,63.662,"false"
15,4,0,5,138,90,9.2,31,5,2.06667,107,86,7.13333,262,46.558,"false"
56,6,0,9,1654,573,29.5357,2240,731,40,-586,14,-10.4643,367,68.7153,"false"
21,4,0,7,409,125,19.4762,49,9,2.33333,360,125,17.1429,226,9.16242,"false"
2,1,0,2,4,4,2,4,4,2,0,0,0,173,0.142857,"false"
1,1,0,1,0,0,0,0,0,0,0,0,0,60.5714,0,"false"
18,4,0,7,119,24,6.61111,40,10,2.22222,79,24,4.38889,295.143,92.9208,"false"
41,13,0,7,631,227,15.3902,379,227,9.2439,252,90,6.14634,333.143,70.4743,"false"
48,6,0,8,490,54,10.2083,539,74,11.2292,-49,52,-1.02083,329.143,136.203,"true"
93,9,0,9,1212,205,13.0323,1158,205,12.4516,54,18,0.580645,367,109.407,"false"
11,3,0,5,43,27,3.90909,44,30,4,-1,1,-0.0909091,245.857,91.814,"false"
116,17,0,7,3119,686,26.8879,2283,686,19.681,836,190,7.2069,367,86.6224,"true"
9,4,0,3,20,4,2.22222,16,4,1.77778,4,2,0.444444,229.714,26.3143,"false"
30,8,0,7,231,120,7.7,312,120,10.4,-81,8,-2.7,343,53.3006,"true"
6,0,0,1,46,17,7.66667,3,3,0.5,43,14,7.16667,140.143,4.21429,"false"
38,4,0,6,346,68,9.10526,237,54,6.23684,109,59,2.86842,324.571,163.814,"true"
31,4,0,7,242,95,7.80645,238,95,7.67742,4,9,0.129032,367,53.6429,"false"
8,3,0,4,29,7,3.625,18,5,2.25,11,7,1.375,175,35.0394,"false"
60,4,0,7,864,247,14.4,586,247,9.76667,278,48,4.63333,367,100.701,"false"
167,30,0,9,9461,891,56.6527,8615,891,51.5868,846,184,5.06587,367,49.3227,"true"
15,6,0,4,240,204,16,238,204,15.8667,2,3,0.133333,322.714,12.6012,"true"
7,4,0,3,11,4,1.57143,18,9,2.57143,-7,1,-1,123.857,34.1169,"false"
22,4,0,4,555,179,25.2273,64,12,2.90909,491,179,22.3182,226,5.52844,"false"
40,15,0,7,380,151,9.5,235,151,5.875,145,59,3.625,333.143,69.6068,"false"
124,14,0,5,4604,1294,37.129,4049,1294,32.6532,555,170,4.47581,367,54.1314,"false"
37,13,0,7,344,128,9.2973,199,128,5.37838,145,59,3.91892,333.143,73.1208,"false"
6,4,0,3,7,4,1.16667,7,4,1.16667,0,0,0,213.857,55.449,"false"
72,5,0,9,1022,167,14.1944,1141,167,15.8472,-119,19,-1.65278,367,86.0914,"false"
73,8,0,7,947,197,12.9726,932,197,12.7671,15,39,0.205479,367,103.703,"false"
155,22,0,11,7314,1614,47.1871,2435,365,15.7097,4879,1581,31.4774,322.714,124.661,"true"
26,4,0,6,112,23,4.30769,101,23,3.88462,11,8,0.423077,367,111.855,"false"
53,7,0,8,551,146,10.3962,517,146,9.75472,34,14,0.641509,367,94.3088,"false"
7,1,0,4,11,5,1.57143,7,2,1,4,4,0.571429,170.571,49.6623,"false"
65,8,0,8,578,75,8.89231,318,84,4.89231,260,27,4,248.571,49.5704,"true"
15,3,0,8,49,9,3.26667,114,44,7.6,-65,2,-4.33333,220.143,37.4752,"false"
3,1,0,2,2,1,0.666667,8,7,2.66667,-6,0,-2,113.857,109.786,"false"
43,10,0,8,523,180,12.1628,524,180,12.186,-1,26,-0.0232558,367,98.6651,"false"
63,4,0,7,1440,111,22.8571,844,115,13.3968,596,111,9.46032,258,71.1393,"true"
181,15,0,8,3880,684,21.4365,3657,788,20.2044,223,215,1.23204,367,56.5994,"true"
47,6,0,7,466,184,9.91489,486,184,10.3404,-20,8,-0.425532,367,42.4421,"false"
8,1,0,2,35,27,4.375,41,18,5.125,-6,11,-0.75,105,46.9633,"false"
23,4,0,5,374,98,16.2609,46,12,2,328,98,14.2609,226,3.81207,"false"
82,9,0,8,2965,334,36.1585,2913,334,35.5244,52,98,0.634146,367,80.6135,"true"
28,4,0,5,170,58,6.07143,168,58,6,2,6,0.0714286,367,67.8765,"false"
459,40,0,10,16606,1450,36.1787,11374,1450,24.78,5232,585,11.3987,367,124.65,"true"
45,7,0,5,662,164,14.7111,802,190,17.8222,-140,20,-3.11111,367,55.3455,"false"
26,4,0,8,162,25,6.23077,172,59,6.61538,-10,21,-0.384615,291,112.474,"false"
101,8,0,9,1134,223,11.2277,1072,223,10.6139,62,19,0.613861,367,63.2878,"true"
65,13,0,8,1524,259,23.4462,832,259,12.8,692,196,10.6462,333.143,89.4058,"false"
39,4,0,7,278,63,7.12821,275,63,7.05128,3,10,0.0769231,367,77.1454,"false"
21,4,0,5,215,75,10.2381,213,75,10.1429,2,11,0.0952381,367,47.4591,"false"
25,6,0,4,267,71,10.68,241,71,9.64,26,28,1.04,367,107.064,"false"
7,2,0,5,47,20,6.71429,47,15,6.71429,0,8,0,231.571,59.6231,"false"
4,1,0,3,127,70,31.75,1,1,0.25,126,70,31.5,158.714,14.7795,"false"
73,13,0,7,2740,254,37.5342,2537,254,34.7534,203,57,2.78082,367,37.3137,"true"
14,4,0,6,25,4,1.78571,18,4,1.28571,7,3,0.5,282,92.1657,"false"
1,0,0,1,0,0,0,0,0,0,0,0,0,12.5714,0,"false"
11,0,0,1,150,48,13.6364,156,40,14.1818,-6,21,-0.545455,133.143,27.5962,"true"
26,6,0,5,243,56,9.34615,99,14,3.80769,144,55,5.53846,190.714,54.0406,"true"
14,4,0,8,115,48,8.21429,405,196,28.9286,-290,4,-20.7143,220.143,12.3304,"false"
50,16,0,7,520,174,10.4,307,174,6.14,213,75,4.26,333.143,72.406,"false"
40,11,0,7,654,164,16.35,324,164,8.1,330,77,8.25,333.143,84.0767,"false"
14,4,0,4,55,13,3.92857,29,5,2.07143,26,9,1.85714,328.571,36.6545,"false"
165,15,0,8,2290,594,13.8788,1878,594,11.3818,412,70,2.49697,367,88.614,"false"
9,4,0,6,27,15,3,18,6,2,9,9,1,281.571,121.439,"false"
17,11,0,2,196,93,11.5294,126,48,7.41176,70,60,4.11765,124,13.9424,"true"
6,3,0,3,226,110,37.6667,6,4,1,220,110,36.6667,223.571,10.0822,"false"
4,2,0,2,5,3,1.25,5,3,1.25,0,0,0,127,55.5714,"false"
75,6,0,9,912,141,12.16,887,141,11.8267,25,20,0.333333,367,70.1057,"false"
3,1,0,3,5,4,1.66667,5,4,1.66667,0,0,0,177.143,3.45714,"false"
7,2,0,3,27,10,3.85714,26,9,3.71429,1,1,0.142857,169.143,14.3651,"false"
291,15,0,11,4847,924,16.6564,4041,924,13.8866,806,406,2.76976,367,96.6624,"true"
72,9,0,9,1300,434,18.0556,1296,434,18,4,128,0.0555556,346.571,53.8768,"false"
2,1,0,2,4,4,2,4,4,2,0,0,0,177.714,4.85714,"false"
131,7,0,10,3730,879,28.4733,3780,893,28.855,-50,61,-0.381679,367,119.775,"true"
39,5,0,7,539,229,13.8205,570,229,14.6154,-31,5,-0.794872,367,40.7016,"false"
6,0,0,2,12,9,2,3,1,0.5,9,9,1.5,140.143,2.72619,"false"
35,5,0,7,254,66,7.25714,180,66,5.14286,74,33,2.11429,367,112.943,"false"
20,8,1,6,203,69,10.15,64,15,3.2,139,69,6.95,222.714,25.4849,"false"
56,5,0,5,674,145,12.0357,302,46,5.39286,372,115,6.64286,175.714,43.3241,"false"
26,5,0,4,226,101,8.69231,232,101,8.92308,-6,6,-0.230769,367,54.665,"false"
113,15,0,8,3649,1009,32.292,2677,1009,23.6903,972,271,8.60177,367,85.3402,"false"
48,4,0,7,261,67,5.4375,217,67,4.52083,44,10,0.916667,367,71.2041,"false"
17,4,0,6,111,54,6.52941,105,54,6.17647,6,6,0.352941,367,65.4633,"false"
30,5,0,6,140,47,4.66667,112,47,3.73333,28,7,0.933333,367,87.5214,"false"
48,4,0,8,344,95,7.16667,318,95,6.625,26,12,0.541667,367,52.7965,"false"
47,8,0,10,699,97,14.8723,324,49,6.89362,375,68,7.97872,220.143,54.4605,"true"
47,4,0,6,287,72,6.10638,313,72,6.65957,-26,6,-0.553191,367,49.0383,"false"
25,4,0,5,184,63,7.36,181,63,7.24,3,6,0.12,367,64.6483,"false"
39,10,0,7,984,257,25.2308,197,49,5.05128,787,257,20.1795,239.571,16.3291,"false"
68,6,0,9,503,47,7.39706,439,56,6.45588,64,40,0.941176,248.571,55.9912,"true"
61,11,0,7,450,77,7.37705,285,77,4.67213,165,35,2.70492,367,110.808,"false"
189,86,0,12,6311,991,33.3915,4457,991,23.582,1854,123,9.80952,333.143,100.199,"true"
34,5,0,5,287,92,8.44118,221,92,6.5,66,54,1.94118,367,107.619,"false"
4,3,0,2,6,4,1.5,6,4,1.5,0,0,0,185.571,32.6905,"false"
3,3,0,1,2,1,0.666667,2,1,0.666667,0,0,0,168.857,56,"false"
4,2,0,3,11,10,2.75,1,1,0.25,10,10,2.5,136.143,20.7013,"false"
35,7,0,6,667,198,19.0571,99,12,2.82857,568,198,16.2286,239.571,12.8297,"false"
71,5,0,9,863,149,12.1549,560,84,7.88732,303,96,4.26761,278.857,137.885,"false"
7,1,0,5,28,15,4,72,68,10.2857,-44,15,-6.28571,132.143,7.37755,"false"
19,2,0,5,242,65,12.7368,199,108,10.4737,43,45,2.26316,136.571,12.768,"true"
143,8,0,9,2802,441,19.5944,1959,443,13.6993,843,136,5.8951,367,144.063,"true"
113,11,0,8,2134,553,18.885,1731,553,15.3186,403,93,3.56637,331.857,102.769,"false"
72,7,0,9,921,208,12.7917,394,80,5.47222,527,208,7.31944,223.571,53.3802,"true"
4,0,0,1,25,16,6.25,2,2,0.5,23,14,5.75,140.143,1.84571,"false"
33,3,0,7,160,35,4.84848,114,18,3.45455,46,17,1.39394,282,54.4366,"false"
44,3,0,7,402,70,9.13636,309,70,7.02273,93,51,2.11364,367,82.4879,"false"
178,13,0,11,3899,491,21.9045,2892,491,16.2472,1007,220,5.6573,367,137.097,"true"
67,4,0,7,756,160,11.2836,381,73,5.68657,375,160,5.59701,222.143,33.4348,"false"
50,17,0,7,784,172,15.68,448,100,8.96,336,141,6.72,281.857,107.182,"false"
149,9,0,10,2389,507,16.0336,1947,507,13.0671,442,152,2.96644,367,96.0364,"true"
18,3,0,4,106,23,5.88889,26,6,1.44444,80,23,4.44444,227.571,9.22237,"false"
22,4,0,5,105,32,4.77273,88,32,4,17,11,0.772727,367,64.6762,"false"
71,5,0,7,4282,1609,60.3099,3119,728,43.9296,1163,894,16.3803,367,173.635,"false"
15,4,0,5,35,9,2.33333,51,9,3.4,-16,0,-1.06667,322.714,60.2939,"false"
28,4,0,4,168,59,6,159,59,5.67857,9,6,0.321429,367,52.7798,"false"
65,19,0,7,1096,168,16.8615,858,168,13.2,238,43,3.66154,367,134.997,"false"
19,4,0,4,81,25,4.26316,76,25,4,5,11,0.263158,367,60.7372,"false"
86,14,0,8,2498,707,29.0465,2331,707,27.1046,167,129,1.94186,367,104.837,"false"
18,4,0,4,124,32,6.88889,125,32,6.94444,-1,5,-0.0555556,367,69.5184,"false"
64,8,0,10,1977,763,30.8906,2315,879,36.1719,-338,20,-5.28125,367,56.1353,"true"
26,4,0,4,136,52,5.23077,136,52,5.23077,0,6,0,367,48.0872,"false"
58,14,0,6,1017,246,17.5345,1267,281,21.8448,-250,45,-4.31034,367,111.411,"false"
35,5,0,9,322,48,9.2,156,31,4.45714,166,47,4.74286,239.143,58.6792,"false"
34,5,0,7,690,119,20.2941,319,84,9.38235,371,89,10.9118,216,90.7422,"true"
3,3,0,1,32,27,10.6667,3,2,1,29,26,9.66667,65.7143,4.95536,"false"
51,8,0,10,2071,317,40.6078,224,30,4.39216,1847,315,36.2157,219.857,80.7057,"true"
