data_row_index,fold_1,fold_2,fold_3,fold_4,fold_5,fold_6,fold_7,fold_8,fold_9,fold_10,fold_11,fold_12,fold_13,fold_14,fold_15,fold_16,fold_17,fold_18,fold_19,fold_20,fold_21,fold_22,fold_23,fold_24,fold_25,fold_26,fold_27,fold_28,fold_29,fold_30,fold_31,fold_32,fold_33,fold_34,fold_35,fold_36,fold_37,fold_38,fold_39,fold_40,fold_41,fold_42,fold_43,fold_44,fold_45,fold_46,fold_47,fold_48,fold_49,fold_50,fold_51,fold_52,fold_53,fold_54,fold_55,fold_56,fold_57,fold_58,fold_59,fold_60,fold_61,fold_62,fold_63,fold_64,fold_65,fold_66,fold_67,fold_68,fold_69,fold_70,fold_71,fold_72,fold_73,fold_74,fold_75,fold_76,fold_77,fold_78,fold_79,fold_80,fold_81,fold_82,fold_83,fold_84,fold_85,fold_86,fold_87,fold_88,fold_89,fold_90,fold_91,fold_92,fold_93,fold_94,fold_95,fold_96,fold_97,fold_98,fold_99,fold_100
1,4,1,1,5,2,9,8,2,7,7,10,6,9,5,7,5,2,10,2,6,9,8,4,1,5,4,7,7,9,10,5,3,2,7,10,1,2,7,7,6,8,9,4,1,7,6,7,9,9,8,7,9,10,6,2,10,4,5,3,10,2,10,7,2,5,5,3,2,9,9,5,5,7,8,2,9,6,7,1,9,4,8,5,7,7,5,10,9,7,8,1,4,2,6,5,7,6,4,9,2
2,7,8,6,7,3,10,3,8,3,10,4,6,7,9,2,7,8,1,7,1,1,10,8,2,4,8,10,10,9,3,1,10,4,6,8,8,7,5,1,5,3,1,6,7,1,8,2,10,5,1,9,2,3,3,4,3,7,10,5,8,7,1,8,3,8,3,10,5,7,10,8,3,7,6,8,9,7,10,1,9,7,9,4,10,9,7,4,7,5,2,2,1,9,2,3,1,4,10,10,8
3,9,2,10,9,5,4,4,3,2,8,4,7,4,7,2,5,7,2,9,3,9,10,1,5,9,10,3,9,6,6,8,7,6,10,1,5,4,5,8,2,5,3,6,2,4,5,3,9,5,8,3,9,2,5,3,1,9,2,9,7,1,5,5,5,4,6,4,1,6,7,8,1,4,7,1,8,3,5,4,7,3,1,8,10,3,9,3,1,10,4,1,6,3,4,9,3,1,9,2,2
4,9,3,6,1,7,4,1,6,5,2,4,7,5,2,4,9,8,6,8,6,3,10,1,2,2,1,2,9,3,9,9,8,9,4,5,4,6,5,4,8,6,4,9,4,9,4,2,3,8,5,6,9,7,5,5,10,4,6,9,10,2,5,5,7,5,4,9,5,2,5,8,9,9,4,7,10,3,6,1,5,6,9,4,9,4,6,7,1,9,5,6,6,2,4,6,1,1,9,6,6
5,10,9,1,2,3,10,8,9,3,1,3,4,2,10,7,1,10,6,5,10,3,5,3,10,5,1,1,10,4,10,5,3,4,6,1,8,3,10,2,7,2,8,6,4,8,10,7,3,3,1,10,7,2,1,7,1,9,1,9,6,4,5,9,1,8,2,3,1,4,6,9,8,3,3,1,2,5,1,1,3,3,9,8,2,1,7,8,7,3,9,1,10,2,6,4,6,4,1,3,4
6,7,4,3,1,7,6,8,2,3,4,7,9,2,6,1,4,9,9,5,9,6,9,1,8,2,7,4,6,2,5,3,1,3,6,1,1,2,6,2,2,2,6,1,5,3,7,3,1,1,10,1,3,6,10,2,2,9,2,6,6,5,5,7,4,8,7,4,8,1,5,9,8,3,3,7,9,2,7,9,10,10,4,6,4,3,10,4,5,2,2,7,3,8,1,9,5,1,7,2,1
7,7,1,6,5,7,3,3,9,10,1,10,4,10,10,7,6,2,8,5,4,1,7,10,3,9,2,1,3,3,2,2,2,9,5,10,1,9,6,3,5,6,2,6,6,1,2,9,3,5,2,9,2,8,4,10,9,1,6,7,9,6,9,8,6,9,5,1,8,6,2,6,5,5,2,3,7,10,9,2,7,1,2,10,2,7,3,8,6,2,5,5,7,1,1,1,3,8,3,6,6
8,5,7,10,6,3,1,8,10,4,3,4,6,1,6,4,10,9,5,5,9,7,4,9,3,2,2,1,9,2,9,9,3,6,7,6,6,6,8,10,8,6,2,3,5,10,1,8,6,4,5,4,5,5,2,7,1,6,7,5,2,4,4,4,8,1,7,1,6,9,3,2,2,2,9,2,8,8,8,1,8,10,1,7,10,5,7,8,8,10,2,4,2,1,8,4,10,3,9,8,8
9,7,8,3,1,2,10,2,1,10,1,3,1,8,3,3,4,2,2,9,10,1,3,5,8,6,10,9,7,10,8,9,3,2,6,6,6,1,7,8,5,8,8,7,9,7,3,5,2,7,5,10,10,5,7,2,5,1,7,6,10,1,10,2,7,7,8,2,7,7,5,6,1,5,6,5,9,2,4,6,10,10,5,2,7,7,9,8,10,4,7,9,1,5,10,9,4,2,10,8,7
10,2,5,8,2,1,4,9,4,4,4,4,2,7,8,4,7,8,8,5,1,8,2,4,5,3,8,1,1,4,4,5,3,6,2,8,7,4,1,10,7,4,3,7,7,2,5,2,5,4,2,4,3,3,8,10,2,2,9,2,5,8,9,5,5,5,10,9,2,10,6,6,8,1,3,5,4,1,3,9,9,3,3,10,1,1,10,5,5,4,1,6,4,5,2,9,6,6,9,9,3
11,10,1,8,2,4,2,10,7,7,3,2,1,2,1,10,5,4,2,10,7,2,2,6,4,8,4,9,3,10,4,6,5,8,5,1,9,7,5,2,1,8,4,10,4,9,7,6,3,7,8,5,7,8,2,8,9,6,7,1,10,5,3,10,4,1,8,6,8,8,6,7,4,7,5,1,5,10,9,2,1,1,7,4,1,10,6,6,9,5,4,8,6,2,1,3,5,8,6,10,9
12,3,6,4,2,4,8,8,1,4,1,2,1,5,9,3,4,6,5,8,1,10,10,8,7,1,3,5,7,4,5,8,1,4,7,6,1,6,4,7,8,9,7,1,2,1,4,9,4,2,3,8,10,9,4,2,10,3,7,2,9,9,9,2,9,8,10,10,3,2,3,5,3,3,6,1,6,10,6,10,3,6,10,8,1,10,4,9,10,5,3,10,10,1,6,6,4,2,8,8,7
13,9,1,6,10,9,3,6,8,2,10,1,4,9,1,10,7,10,2,10,3,4,2,1,1,8,2,1,8,1,6,10,7,6,7,7,9,10,8,6,4,5,6,7,2,8,8,9,7,9,7,1,3,6,2,4,2,9,8,10,8,4,1,8,8,10,6,4,2,6,4,8,6,10,7,8,4,8,1,7,10,6,2,8,1,2,4,3,10,9,8,2,6,2,3,4,3,6,1,5,6
14,9,1,7,2,2,9,7,5,2,3,3,8,5,6,5,1,7,9,10,1,10,7,6,3,1,7,2,4,7,4,6,9,10,1,5,1,7,4,1,9,5,9,10,5,4,4,2,6,9,10,2,10,7,3,8,9,4,1,10,8,7,5,4,8,6,4,6,10,3,6,7,4,8,8,2,2,1,9,2,6,3,7,7,9,6,6,10,6,9,9,6,2,9,3,3,3,7,4,10,1
15,3,3,8,4,6,2,7,6,6,1,3,6,5,5,2,2,8,9,2,4,3,4,8,3,6,1,7,2,6,10,10,9,1,9,7,10,3,9,5,1,10,5,10,7,2,4,1,5,2,10,6,8,7,5,8,1,4,2,2,9,4,10,6,4,6,7,5,4,3,9,2,10,6,8,6,2,6,8,10,3,1,4,8,7,5,7,5,7,3,5,9,4,3,9,2,6,5,6,8,8
16,7,6,2,5,8,9,4,3,5,5,5,8,4,3,5,3,6,3,6,10,2,5,6,6,7,10,9,6,9,1,7,5,9,1,1,7,3,7,1,5,5,10,1,1,1,3,7,9,5,9,9,2,2,5,8,4,8,2,10,2,10,10,5,6,8,8,10,1,6,10,5,9,9,2,4,4,6,6,10,9,4,2,1,6,4,5,7,3,2,7,3,6,8,6,4,4,1,6,8,4
17,5,1,5,5,7,3,10,10,7,2,9,9,4,2,1,1,5,6,7,7,7,3,10,7,7,10,8,9,1,9,7,9,10,6,1,3,8,4,7,1,4,10,5,7,1,4,10,6,8,4,10,10,1,10,8,8,5,4,3,4,8,3,5,9,7,10,8,8,7,9,6,9,6,9,6,3,2,10,3,7,5,10,1,9,2,10,2,9,5,5,4,6,4,2,5,6,9,10,6,8
18,7,9,7,1,10,8,7,4,2,8,5,2,2,6,8,4,8,1,5,6,6,10,5,2,4,2,4,3,3,6,4,9,4,3,4,7,7,7,8,7,6,10,10,7,1,7,5,3,5,3,10,1,4,7,10,6,3,3,6,2,10,6,3,7,10,8,4,3,7,6,10,1,9,4,4,9,7,2,1,7,8,1,6,1,10,5,1,9,2,2,1,6,7,7,8,7,9,3,10,8
19,6,4,6,5,10,6,1,10,3,5,10,3,5,3,3,4,7,10,6,4,2,9,8,8,6,5,9,5,10,10,4,8,9,9,6,4,7,1,8,2,2,7,7,10,2,5,10,1,3,6,3,4,3,2,8,1,3,5,7,4,1,5,8,5,5,2,1,7,4,8,5,5,1,5,1,10,8,4,5,8,7,3,7,3,1,10,4,3,7,3,9,7,5,10,10,9,9,5,2,8
20,5,1,4,8,5,7,8,1,1,4,7,2,5,5,1,4,2,6,5,2,8,6,7,7,3,5,8,9,5,5,7,5,5,5,7,4,2,3,5,10,5,7,3,9,10,3,1,10,8,7,4,5,4,5,3,8,1,4,2,10,3,8,3,2,1,9,10,2,3,1,7,2,1,4,7,6,9,10,4,7,8,7,8,2,6,7,7,5,3,4,2,2,7,9,2,10,6,8,8,1
21,10,2,2,6,2,6,2,5,4,2,6,7,7,6,5,9,4,1,1,2,4,7,4,7,2,6,3,10,1,1,1,5,9,5,5,1,8,8,8,6,6,9,2,8,1,9,6,8,8,10,1,5,9,4,4,4,2,5,10,6,1,5,10,6,2,1,1,3,5,1,5,4,2,2,7,3,9,9,7,5,2,4,5,8,4,8,2,1,9,6,5,2,3,1,8,6,2,1,3,7
22,3,1,10,7,7,10,5,2,2,10,6,8,1,10,9,6,6,5,1,5,1,6,1,8,10,5,9,5,4,1,6,7,3,2,7,4,9,6,6,9,7,3,8,2,1,2,8,4,1,3,3,6,9,7,4,2,6,7,10,1,6,3,6,1,7,9,4,6,5,1,7,8,7,1,10,2,9,1,3,1,5,2,7,1,5,5,10,4,9,1,9,10,6,5,8,10,6,10,7,7
23,9,8,2,3,3,4,10,3,8,5,3,3,8,8,8,2,5,4,1,6,8,1,7,7,9,5,7,2,5,1,4,4,8,6,3,9,8,8,1,5,2,9,8,9,9,6,4,8,4,8,9,10,10,3,2,3,9,1,2,5,6,5,3,9,4,1,3,8,4,7,2,4,9,10,5,8,1,9,6,4,4,2,3,8,10,7,4,10,2,9,7,1,10,6,10,6,7,2,9,2
24,9,3,10,10,4,10,6,8,10,4,3,10,7,6,7,3,1,1,9,10,1,2,2,5,1,3,5,9,7,8,10,1,2,8,10,7,5,7,2,9,1,5,5,2,10,5,3,4,2,7,4,1,9,8,7,3,6,5,1,6,6,2,8,3,8,4,5,8,8,1,8,9,4,6,6,7,3,7,5,8,9,1,10,5,7,10,4,8,4,1,9,1,3,8,10,1,6,4,9,6
25,10,10,6,7,2,7,8,5,6,1,2,6,8,8,6,3,7,8,7,6,7,6,7,10,7,7,8,2,9,3,9,7,1,4,9,10,6,9,6,7,10,2,9,1,9,3,1,6,5,2,9,6,8,8,1,7,10,6,1,1,7,3,1,5,1,4,9,3,6,2,7,8,6,8,10,3,4,10,6,8,3,8,2,5,4,1,7,2,1,1,1,8,8,5,8,1,8,10,4,3
26,6,4,5,10,9,9,1,9,7,3,8,2,7,4,1,5,6,5,9,7,10,1,6,4,5,1,2,8,7,1,3,4,7,6,8,5,4,4,3,3,6,8,10,3,8,10,3,10,1,3,7,7,6,7,6,3,1,1,8,9,6,10,6,8,6,2,4,2,10,1,3,2,9,7,1,1,8,1,5,10,6,2,2,7,1,10,7,10,6,8,2,5,10,7,9,5,8,3,9,1
27,2,5,5,10,5,4,4,6,1,5,6,6,4,9,5,2,4,2,9,2,9,8,6,6,9,10,9,9,1,2,9,9,1,9,5,8,2,6,3,8,4,10,7,9,6,5,4,7,7,3,2,7,4,8,5,4,5,5,4,5,2,4,10,7,6,4,7,3,5,3,5,7,4,7,9,2,3,10,4,10,4,4,2,6,2,3,4,7,3,8,10,5,7,9,4,1,4,4,2,8
28,2,8,5,4,4,8,2,2,4,9,1,7,1,4,5,2,6,5,9,3,9,4,9,2,7,4,9,7,3,7,4,2,2,6,4,1,1,9,4,3,6,9,1,3,4,4,1,1,8,1,4,8,8,10,8,7,5,5,9,10,5,8,10,4,3,8,5,10,2,7,2,9,2,1,10,7,7,7,5,4,2,9,4,1,9,4,2,2,5,5,6,4,5,3,8,2,4,6,3,6
29,1,8,9,3,6,8,9,3,4,8,8,1,1,8,9,10,3,4,4,10,4,1,5,6,4,3,4,4,4,7,8,3,9,5,8,6,1,5,1,6,4,4,2,10,4,9,10,4,1,7,2,1,1,6,4,8,7,9,6,2,4,5,7,7,1,10,8,8,3,5,1,1,1,7,6,10,3,10,6,6,3,3,6,9,5,10,6,6,3,5,3,6,3,3,7,4,10,6,8,1
30,10,4,3,10,2,1,3,4,3,4,6,4,3,6,3,7,6,6,2,10,4,7,1,10,4,10,2,10,1,4,9,6,1,2,7,7,10,3,10,9,9,8,6,1,7,9,4,5,5,1,4,1,3,9,4,6,9,10,7,5,1,1,8,7,3,5,9,1,4,2,2,1,7,3,7,3,4,9,9,6,6,6,8,10,8,8,5,8,5,6,8,8,9,6,9,3,3,2,10,7
31,4,9,1,10,3,8,1,1,5,3,7,2,7,6,6,8,3,9,8,3,1,1,10,2,9,8,1,10,10,6,2,5,10,6,3,4,5,5,1,4,3,2,2,4,10,8,8,9,9,2,5,5,3,8,2,8,5,8,5,8,9,7,7,9,5,1,7,4,7,9,4,2,5,2,9,4,8,4,7,3,10,10,10,8,4,10,2,1,7,2,1,9,1,9,3,10,5,3,6,5
32,3,9,2,5,8,4,8,2,9,4,8,4,4,3,2,2,9,10,8,5,9,5,1,4,2,5,1,8,7,3,7,3,5,5,3,8,1,3,10,5,9,8,10,2,10,6,1,4,9,4,1,4,4,6,2,8,1,5,2,8,10,3,3,7,1,2,8,9,8,2,2,8,6,10,4,2,1,10,2,1,8,6,3,9,6,7,3,2,7,10,1,9,5,1,4,7,10,4,4,3
33,10,10,7,4,6,5,1,2,1,8,9,5,6,7,2,9,4,8,1,8,5,7,7,7,6,6,6,6,1,10,10,7,1,7,10,3,2,4,9,8,5,9,10,3,5,7,1,9,6,7,1,4,5,10,6,7,10,5,9,6,7,10,4,10,10,2,10,8,8,4,6,8,3,5,4,7,7,6,4,3,10,8,10,9,3,2,8,2,4,4,7,8,9,10,1,9,7,5,6,3
34,1,10,1,9,8,9,2,1,1,7,6,1,2,2,6,7,8,5,9,10,10,4,2,1,1,7,10,7,8,7,10,10,2,4,10,9,2,4,1,9,4,4,9,10,4,5,4,6,3,6,1,7,9,8,10,1,5,2,6,9,5,10,6,4,2,3,5,9,4,3,7,1,8,5,10,1,7,9,3,7,7,7,9,1,9,6,10,8,6,6,4,7,8,8,3,5,6,2,1,10
35,10,4,7,6,8,1,8,4,3,2,6,10,7,1,10,6,7,8,9,2,1,9,3,3,2,2,5,7,8,4,2,6,7,8,2,6,4,4,6,9,6,6,5,10,1,7,5,5,6,7,7,7,8,7,10,7,2,8,6,6,7,5,6,8,2,8,3,1,1,10,1,6,3,10,2,8,6,9,1,1,3,6,9,7,4,6,8,7,4,5,1,6,4,5,1,3,3,3,2,1
36,2,3,2,5,5,5,4,1,9,2,7,1,7,1,1,3,7,6,3,2,2,2,1,1,9,1,7,5,1,1,8,1,2,5,7,8,9,5,7,5,5,2,9,6,7,1,1,9,3,2,3,6,7,9,7,3,10,6,6,9,5,10,5,10,10,1,2,6,5,9,10,6,5,7,5,3,10,8,2,5,10,6,3,5,2,4,9,3,8,1,7,10,5,6,5,4,10,6,10,1
37,5,9,10,8,4,4,10,3,3,8,8,2,10,1,3,3,5,5,1,1,1,1,6,4,3,9,9,10,1,9,6,10,3,6,10,4,9,6,4,4,10,4,4,3,8,1,8,8,9,1,4,2,10,10,4,6,10,2,2,3,9,6,5,3,5,10,1,6,8,7,1,2,5,1,1,2,6,9,10,7,1,4,1,3,9,6,9,10,2,2,2,6,6,7,6,4,5,8,1,2
38,8,4,8,6,6,7,1,3,1,7,3,9,10,7,9,8,1,3,3,7,9,7,4,8,7,1,2,1,6,10,9,2,5,3,6,10,5,1,4,3,8,7,1,3,10,9,3,9,2,10,6,5,8,6,6,2,8,6,6,4,8,2,3,3,6,5,1,10,1,6,7,3,7,1,8,7,9,4,10,8,8,5,4,2,7,6,5,6,2,9,2,9,10,1,10,4,9,4,6,7
39,8,5,8,6,3,3,10,4,8,5,4,5,2,2,9,1,5,7,10,5,1,5,7,7,4,5,10,1,5,9,1,1,2,2,6,2,10,9,5,9,6,5,1,10,2,2,7,9,4,2,5,4,3,8,6,1,7,1,4,3,9,7,1,9,6,2,2,1,1,5,4,10,1,7,6,6,6,9,4,10,2,2,1,2,2,2,6,6,6,4,9,2,3,5,5,7,2,4,1,1
40,9,1,3,4,6,5,8,10,2,2,9,5,2,4,9,1,4,2,8,8,2,1,9,4,8,10,6,1,5,3,6,7,3,8,5,8,10,8,2,10,10,4,10,9,9,8,2,6,5,5,7,4,9,4,1,9,4,2,10,8,1,9,2,1,10,3,8,3,5,2,10,9,5,4,5,6,1,4,2,7,10,7,7,3,3,8,8,4,8,9,4,3,5,2,5,4,1,6,7,4
41,8,5,5,6,9,10,8,5,9,7,10,2,8,10,5,9,4,9,10,3,7,4,8,9,9,3,5,8,7,7,3,10,8,4,3,6,3,8,10,10,8,7,8,8,8,5,4,5,4,8,3,10,4,6,6,1,8,6,4,5,2,2,2,10,4,4,10,5,8,8,1,6,4,7,4,8,10,4,4,7,5,5,6,6,5,2,5,10,8,6,2,5,7,3,4,10,10,1,10,1
42,10,4,6,1,1,7,6,4,7,2,2,8,2,8,8,6,1,10,2,10,5,6,8,5,6,8,3,7,4,7,6,7,10,3,5,6,8,3,7,3,8,4,9,2,9,2,8,1,3,10,6,7,9,3,6,8,1,3,8,7,1,9,3,7,7,9,3,10,6,3,7,2,5,9,10,9,3,5,5,5,6,10,9,5,9,8,6,7,3,3,3,8,4,5,3,6,9,4,1,8
43,10,8,5,3,2,4,4,2,1,4,6,9,8,6,8,10,2,10,5,8,10,4,7,10,2,7,8,7,6,6,2,10,1,5,9,5,7,10,7,3,3,6,5,7,3,2,5,6,3,10,4,10,10,6,7,2,1,6,3,2,6,10,6,6,6,5,10,10,9,7,3,5,9,7,2,10,2,1,2,5,6,5,3,3,4,2,7,4,6,4,7,8,6,10,5,6,4,3,1,4
44,4,4,7,4,1,8,4,6,9,2,5,7,9,9,8,2,10,4,5,10,6,5,9,3,5,9,10,2,7,6,3,4,10,3,7,8,2,4,9,4,5,5,10,8,5,6,8,6,9,9,8,5,10,4,2,1,2,9,5,9,6,1,1,3,10,1,1,3,6,1,6,5,5,2,4,5,6,6,5,10,4,4,3,8,8,1,10,9,6,1,5,4,5,4,3,3,4,5,3,8
45,10,7,2,3,10,9,4,6,9,7,5,3,5,5,6,1,6,8,1,2,1,7,9,9,2,3,7,2,10,10,2,8,5,9,2,9,10,3,7,4,6,5,3,6,7,6,2,2,10,3,2,4,10,1,1,6,3,7,9,4,2,8,9,2,8,10,6,10,1,9,6,4,10,4,10,5,3,1,4,3,6,2,9,5,9,2,6,6,1,2,5,7,7,7,10,2,1,10,5,4
46,5,6,8,10,8,3,5,6,3,10,2,7,7,3,8,5,10,2,10,10,10,9,1,4,6,6,7,2,7,2,9,7,3,7,2,10,5,5,8,4,7,4,10,9,8,6,3,4,7,4,6,10,10,1,3,1,9,1,7,7,10,3,3,5,1,7,3,4,5,6,2,8,6,8,2,4,6,6,8,10,8,1,8,3,10,8,3,2,1,2,4,1,7,1,9,2,3,8,1,7
47,2,9,5,10,9,8,10,5,10,4,6,10,3,4,9,3,3,7,8,1,5,10,1,10,9,3,1,4,2,8,6,1,8,7,4,8,6,1,1,6,8,2,1,8,10,7,10,9,2,1,3,10,6,6,5,1,2,9,7,3,5,9,6,4,8,7,1,9,7,7,6,5,5,6,9,8,4,2,5,6,4,6,2,5,6,2,9,7,1,10,2,4,10,5,1,5,4,8,8,6
48,6,5,9,8,6,5,4,7,9,6,4,9,4,1,3,7,4,10,7,8,5,3,7,4,4,7,1,10,6,6,7,5,7,7,10,10,8,6,10,4,6,10,2,1,5,1,3,2,10,6,4,7,5,1,2,1,6,1,2,3,4,2,10,7,6,3,4,7,7,8,2,10,5,7,4,8,6,3,3,7,9,4,7,5,7,1,4,9,10,9,9,2,3,10,3,5,7,8,1,2
49,10,7,1,9,10,2,3,1,5,9,4,4,10,5,5,8,1,9,2,7,7,8,10,1,3,10,9,10,6,2,9,6,4,7,3,1,4,6,8,10,5,3,5,8,3,5,3,6,6,7,10,9,9,10,9,2,9,8,2,1,7,2,7,9,9,9,6,4,9,7,9,2,4,8,8,3,9,2,4,7,2,5,2,6,4,7,3,1,10,10,7,9,10,10,4,8,10,7,4,1
50,3,2,5,8,7,10,2,8,10,8,6,3,7,2,5,5,2,7,4,5,9,9,3,9,5,5,6,10,7,9,3,8,1,9,8,10,2,10,3,8,5,8,9,5,8,3,10,8,10,9,5,3,8,3,3,3,1,5,5,2,2,2,5,10,8,5,9,8,2,8,10,6,3,2,2,1,1,3,8,3,6,9,2,4,2,7,2,3,1,8,2,9,8,1,5,10,2,4,8,6
51,4,4,7,2,5,10,5,4,3,1,7,1,2,2,9,5,2,7,4,4,1,8,10,10,10,2,5,6,5,5,9,5,1,5,6,6,5,7,1,6,8,6,5,10,7,10,8,9,9,6,7,6,1,5,4,5,4,6,9,3,8,10,2,2,8,1,9,8,9,10,4,8,4,8,5,1,2,4,3,8,8,2,4,6,1,5,4,6,3,7,1,1,2,5,3,1,7,2,3,1
52,7,6,8,1,5,10,3,2,1,5,1,5,10,8,4,4,9,5,4,4,5,5,5,1,2,7,9,8,4,1,4,10,3,4,1,5,5,9,9,2,1,8,8,7,4,1,8,8,5,4,9,1,7,6,1,4,6,8,5,5,7,10,1,2,5,7,5,2,5,3,4,9,4,1,1,5,1,9,4,8,8,4,10,2,1,5,1,1,2,4,7,10,10,8,7,5,1,7,4,3
53,5,6,8,7,10,7,8,7,2,3,4,2,8,4,1,5,1,1,1,6,3,5,1,3,10,3,10,6,5,7,2,6,4,2,4,1,3,1,6,4,2,10,6,4,8,6,5,8,5,10,1,9,2,7,3,3,4,3,5,4,10,10,9,7,10,6,3,8,5,10,4,7,6,8,6,1,8,6,7,7,2,3,10,9,1,7,5,3,10,4,2,6,9,8,2,9,8,1,5,4
54,1,9,7,6,9,8,5,9,2,7,1,8,6,1,9,3,6,1,4,5,8,8,10,9,8,3,7,8,2,8,1,9,4,8,1,3,10,4,5,5,7,9,10,6,7,3,8,3,10,9,7,10,7,4,9,6,6,2,5,8,7,4,5,7,8,5,7,2,2,2,10,10,10,9,2,3,9,2,4,6,2,1,4,2,8,1,7,1,3,2,9,7,4,8,7,3,10,7,10,6
55,2,6,1,8,8,8,2,10,9,2,2,6,3,10,8,5,8,7,8,9,6,5,4,8,7,4,2,10,3,10,7,8,2,8,5,4,1,6,1,2,10,3,2,3,7,8,6,5,8,5,6,8,9,5,9,4,4,3,8,6,5,1,6,6,3,2,3,4,2,6,1,9,9,10,4,10,1,5,6,5,10,5,7,4,9,5,2,1,5,5,1,3,1,9,1,5,4,6,3,5
56,3,5,9,3,5,7,4,7,5,7,4,3,9,7,1,10,2,3,8,7,10,2,9,9,6,1,3,5,10,8,3,6,5,5,7,7,8,3,9,2,6,3,4,8,3,7,3,10,5,7,10,8,6,6,7,6,4,5,10,9,5,7,7,2,6,7,1,6,4,3,7,5,8,5,10,9,7,6,8,5,1,10,10,8,1,8,6,1,8,4,5,7,8,3,2,2,3,1,6,9
57,1,6,4,1,2,2,2,3,7,10,8,8,2,7,1,1,3,7,7,3,3,2,7,5,6,8,3,4,4,5,10,5,3,10,9,2,7,2,7,7,6,8,9,6,3,6,1,4,10,6,9,9,4,4,4,10,3,10,7,3,3,8,4,2,10,4,10,3,3,5,8,5,3,9,8,7,1,8,9,4,10,10,2,1,3,5,7,1,1,2,3,10,1,9,4,9,10,8,1,2
58,3,6,3,8,9,5,8,6,8,5,7,1,7,1,10,1,6,10,10,3,1,5,1,4,3,8,9,9,7,9,7,6,4,9,2,4,4,10,3,2,5,4,9,1,3,2,5,3,1,4,9,8,2,2,6,2,8,5,6,6,7,9,5,10,4,9,4,9,4,10,5,1,2,2,9,1,1,4,3,5,1,9,5,4,1,10,3,7,10,3,7,2,1,7,3,3,2,2,1,3
59,6,2,5,8,7,5,8,8,3,6,4,10,4,5,4,1,4,7,2,4,7,3,4,7,3,9,2,3,1,7,1,10,9,7,10,5,7,6,10,10,4,9,8,1,2,6,10,10,6,6,7,1,1,1,5,3,9,4,10,7,1,8,1,10,2,1,3,6,5,9,2,3,8,8,10,10,3,2,7,10,6,5,1,4,9,7,10,8,4,10,8,5,9,4,7,8,10,3,8,5
60,5,4,4,5,4,3,10,4,6,4,2,4,10,8,4,10,3,2,5,7,2,2,10,8,2,1,1,8,9,7,10,4,9,4,10,6,1,2,1,9,9,7,3,2,4,10,8,2,8,10,2,9,7,10,5,6,6,2,2,4,7,3,8,7,4,10,5,9,7,8,5,2,2,1,5,4,2,5,5,5,3,8,8,5,7,4,4,8,5,10,2,1,1,3,6,9,5,6,5,8
61,6,1,10,7,3,8,9,3,5,8,2,9,4,6,8,8,2,1,5,7,1,1,6,2,4,5,7,5,1,4,7,10,7,2,9,6,5,8,10,6,7,6,10,8,7,6,3,8,9,8,8,7,9,10,6,8,5,5,1,4,2,4,4,1,8,9,1,9,6,8,10,2,6,5,3,7,10,5,7,5,5,6,6,1,6,2,3,1,6,3,3,8,7,1,8,10,3,7,8,2
62,9,3,5,9,5,8,6,9,7,7,10,4,3,8,10,5,1,2,7,9,5,3,10,6,8,1,7,8,5,1,4,3,2,2,10,10,5,5,8,10,4,5,9,5,7,4,3,6,7,9,8,6,5,7,8,7,1,7,1,10,1,1,7,9,3,4,4,4,9,7,10,2,6,6,8,7,1,3,3,8,2,7,7,5,9,8,10,7,6,2,10,5,9,7,1,8,10,1,1,4
63,10,8,6,1,7,6,9,10,5,6,1,10,6,5,10,5,2,8,7,6,4,2,5,2,8,7,2,3,10,6,8,1,6,9,7,10,9,10,3,1,7,5,10,5,5,5,7,1,9,4,3,5,10,10,8,8,8,7,5,1,10,4,3,1,7,4,5,4,4,1,1,6,8,5,2,5,5,4,5,10,9,1,1,4,10,3,5,5,1,4,1,1,3,9,7,8,8,10,4,10
64,4,9,4,10,3,10,4,3,3,1,3,7,9,2,7,9,8,2,9,3,5,9,2,10,7,8,10,6,2,3,10,6,1,9,9,5,1,7,2,9,5,1,3,10,3,1,6,1,4,1,7,2,8,7,2,7,2,4,3,1,2,6,1,1,5,6,10,1,8,1,2,1,9,3,2,3,1,8,1,10,2,5,5,4,10,1,7,9,3,3,3,9,5,10,10,5,7,4,6,7
65,9,6,1,1,6,4,2,10,9,10,1,3,5,4,6,3,9,6,9,7,5,4,4,6,2,5,6,2,1,10,4,4,6,4,9,2,9,8,5,2,5,6,5,4,3,1,6,6,3,5,5,3,2,9,8,8,1,4,2,7,9,9,7,7,7,1,5,1,9,1,6,1,7,3,4,2,10,4,6,3,8,6,9,2,8,1,10,4,7,3,3,5,5,1,8,10,1,5,1,10
66,1,6,5,5,10,2,8,10,4,8,6,5,3,5,6,9,8,3,9,8,9,4,2,3,2,7,4,9,1,4,2,10,4,8,1,1,1,4,4,3,3,10,7,5,4,4,7,9,9,8,2,8,4,8,8,8,3,6,6,4,4,4,2,2,6,6,2,10,2,3,10,2,4,9,10,3,10,9,4,7,3,9,7,4,7,6,9,10,9,7,7,10,3,10,4,10,1,10,2,5
67,2,5,8,10,9,7,1,1,1,9,1,4,3,5,4,4,7,9,4,2,1,4,2,8,4,1,5,9,10,6,1,3,8,4,5,4,4,5,7,9,2,8,4,1,2,5,1,1,10,10,3,5,5,3,5,6,4,2,2,9,8,10,8,6,7,7,6,2,2,1,4,10,9,3,8,8,4,5,5,3,4,5,1,10,8,7,8,3,2,5,6,8,8,8,5,9,8,2,4,2
68,1,3,7,2,10,7,2,4,8,9,2,4,4,6,1,9,5,8,1,10,10,1,6,1,6,8,9,3,1,5,8,4,9,9,2,2,10,2,2,9,2,5,7,3,10,4,1,4,1,4,2,3,6,3,7,10,8,3,1,4,8,10,7,7,2,5,6,10,5,10,1,1,6,10,7,6,7,8,7,5,7,1,7,9,5,4,6,1,8,2,5,9,10,3,3,5,2,9,8,1
69,8,3,8,9,2,2,3,10,9,8,4,4,7,10,7,3,9,6,2,4,9,2,1,8,10,5,5,6,2,3,3,1,4,10,5,4,6,10,5,10,2,8,9,8,2,3,8,7,2,5,5,6,5,3,7,1,3,10,4,1,1,1,10,4,5,7,6,2,7,2,3,3,6,7,5,5,10,3,6,5,6,2,10,10,10,7,9,7,2,7,2,3,6,7,4,6,4,4,5,4
70,4,6,8,8,8,9,2,3,8,9,1,10,9,10,10,3,4,3,1,3,9,10,8,7,2,3,4,9,4,2,2,8,6,8,5,7,9,1,3,5,3,5,4,7,5,4,4,10,3,10,3,5,6,4,7,9,1,10,4,10,3,3,6,8,8,1,8,6,8,2,1,9,4,2,6,4,4,3,1,8,3,2,8,5,7,5,1,10,3,5,10,7,4,10,10,9,1,3,10,6
71,3,7,1,6,9,8,6,5,5,8,10,8,7,5,9,6,3,7,9,5,9,7,5,9,2,8,3,10,7,1,8,1,6,9,1,8,2,2,6,9,9,2,10,4,10,7,9,10,5,5,9,3,1,8,6,5,6,6,9,9,8,8,6,6,1,6,6,1,2,2,9,3,5,10,8,3,5,4,3,8,3,2,6,2,3,1,3,5,9,10,3,10,6,9,8,8,10,7,3,3
72,7,1,6,8,3,9,6,2,1,1,9,3,1,7,3,3,3,7,7,9,5,10,8,4,7,2,10,2,8,3,9,9,5,7,8,5,2,9,5,7,4,7,4,6,2,6,5,7,4,4,1,10,1,10,9,7,3,6,8,4,4,5,6,4,7,4,9,6,9,10,1,10,3,1,7,2,4,6,6,3,9,10,3,8,8,10,3,4,7,5,8,2,9,8,2,4,3,10,9,5
73,9,10,2,8,6,7,6,4,9,4,10,5,10,8,2,9,10,5,3,4,6,10,4,7,8,8,5,9,1,5,3,9,6,1,1,6,3,5,5,3,9,6,10,8,10,9,1,5,1,8,9,3,3,6,5,6,10,3,2,6,10,9,6,5,3,2,7,4,7,10,6,2,2,9,3,1,5,10,10,2,5,8,1,2,4,2,5,9,8,7,2,3,5,8,2,1,3,5,9,5
74,7,7,2,5,5,5,3,6,6,2,1,8,6,5,4,2,5,4,2,8,7,4,1,3,3,6,8,4,8,3,9,1,10,9,8,6,1,10,5,1,9,9,5,8,7,10,3,2,4,9,1,9,10,8,5,8,10,8,2,9,7,8,5,10,7,3,3,3,1,5,2,3,3,7,5,10,9,2,10,2,7,4,7,2,6,5,4,3,8,10,1,1,7,2,7,9,2,5,5,8
75,2,7,9,5,2,10,7,2,7,9,4,7,9,10,4,2,2,1,8,5,7,7,7,8,10,1,10,4,5,2,3,8,1,4,9,8,3,6,2,10,9,7,7,6,1,9,6,5,1,2,10,8,8,9,2,6,5,6,6,1,9,3,5,5,9,1,7,7,2,4,9,3,9,8,3,2,3,8,1,1,10,3,9,2,3,3,6,9,7,5,10,6,1,2,7,2,10,1,9,7
76,5,9,7,2,1,7,6,9,6,10,4,6,4,4,1,1,2,3,2,4,10,1,9,6,3,9,5,10,9,6,3,5,3,3,10,5,6,4,5,2,7,10,4,10,3,5,10,1,10,5,3,8,4,7,5,7,5,7,4,3,10,1,9,8,5,3,4,1,3,6,10,2,5,1,2,4,5,3,6,8,6,2,3,6,7,6,1,9,9,10,9,3,2,10,9,4,2,2,7,2
77,8,8,1,3,5,10,4,8,1,4,9,4,4,6,8,7,3,9,3,8,8,3,1,5,9,6,9,6,2,9,9,7,3,4,3,7,3,5,2,10,2,3,3,9,8,2,8,6,6,5,6,8,1,4,8,1,3,6,7,10,5,3,1,9,2,9,7,3,8,3,7,3,1,7,4,5,2,2,5,8,2,4,2,5,10,4,10,5,8,8,4,8,9,7,4,2,9,3,8,9
78,3,7,6,10,2,2,5,1,6,1,1,8,1,4,7,8,3,1,6,8,6,1,1,5,7,10,2,1,7,8,1,4,4,5,10,7,7,5,9,1,4,1,8,7,5,5,1,2,7,7,8,2,5,6,1,10,5,10,7,9,7,5,6,3,10,5,8,5,6,8,2,9,2,2,2,8,4,2,7,1,7,10,1,6,10,2,6,6,3,6,9,3,5,10,7,10,7,6,1,10
79,7,3,5,3,6,7,7,2,2,9,3,1,9,5,7,10,9,10,10,3,2,7,9,9,8,4,5,7,3,8,8,7,9,8,10,6,4,1,10,3,4,9,10,5,5,8,5,3,4,9,2,3,5,6,2,6,6,4,8,8,8,2,10,5,3,7,9,5,1,10,4,4,9,7,1,9,7,9,8,9,3,7,4,3,9,2,8,4,10,8,3,10,1,10,7,6,2,2,6,1
80,4,2,3,2,3,7,9,9,9,4,4,2,3,3,6,2,9,1,4,2,2,4,1,5,8,3,2,10,2,8,9,1,4,2,2,8,3,6,1,1,2,1,4,6,4,4,5,1,10,2,6,5,4,6,10,4,7,8,4,9,2,3,10,10,10,7,3,8,1,8,7,2,5,10,1,4,6,6,4,5,9,10,2,6,10,9,9,5,6,10,9,2,8,6,5,3,8,6,10,2
81,4,3,9,10,1,8,10,7,1,3,8,6,6,2,7,10,2,9,1,5,6,9,8,4,6,7,3,7,1,6,2,8,7,9,5,6,5,5,10,9,1,4,2,7,5,10,10,7,6,1,4,10,4,6,7,1,1,7,8,10,9,3,7,3,1,4,7,5,9,7,1,5,10,4,8,7,5,1,4,5,1,5,6,10,4,4,9,10,4,5,4,3,1,6,1,9,4,8,3,4
82,7,8,8,9,7,1,3,7,9,10,6,9,7,3,10,1,5,3,3,6,8,2,2,3,3,4,10,6,9,3,4,9,5,6,4,10,7,3,3,8,8,8,8,8,1,3,2,4,1,7,9,4,5,7,7,9,9,8,4,5,10,6,3,5,8,5,2,10,10,7,1,9,2,7,10,1,6,2,1,7,2,1,2,1,1,7,8,5,8,9,3,3,3,1,1,9,8,8,3,7
83,1,1,1,1,6,4,8,9,3,2,10,6,9,5,7,10,6,6,9,9,9,2,8,7,1,9,1,6,7,7,8,6,3,6,7,2,7,2,4,2,9,8,10,1,6,2,6,3,9,1,10,7,3,7,8,1,5,2,9,2,2,2,5,3,1,6,6,1,9,7,6,2,1,3,3,10,9,10,7,4,4,3,4,7,6,3,6,1,9,3,3,7,5,8,2,7,2,4,1,1
84,5,6,4,9,6,2,2,8,5,4,6,4,4,7,9,4,7,4,4,9,5,7,8,8,1,10,1,2,10,5,8,6,2,1,8,10,4,4,3,1,7,6,8,4,2,3,5,1,6,1,3,8,6,1,5,5,3,7,4,1,7,10,5,7,9,8,8,7,6,10,3,4,4,5,1,9,7,8,1,5,1,4,10,3,5,4,7,10,5,2,1,1,10,4,6,2,8,9,2,2
85,2,5,6,7,1,1,1,6,6,1,7,6,8,3,3,7,9,5,6,9,9,3,10,3,10,4,2,7,7,6,5,8,9,4,1,10,8,10,10,4,8,10,5,2,3,2,4,1,1,2,5,4,9,10,9,7,5,9,4,9,8,6,6,7,3,3,9,6,6,6,9,1,3,9,1,8,8,6,2,5,9,8,10,2,6,10,9,1,7,10,5,2,4,2,5,9,7,8,10,1
86,8,1,5,7,8,3,8,7,1,6,9,3,6,2,3,2,9,4,2,6,10,1,6,9,10,5,3,8,5,9,2,3,6,7,1,1,1,9,2,2,3,5,1,9,6,2,5,10,2,4,3,8,2,6,1,1,10,2,8,2,6,5,3,6,2,6,1,2,1,3,5,8,5,1,5,5,7,3,3,2,3,7,2,3,8,5,6,10,4,1,4,4,6,6,7,5,4,4,3,7
87,10,2,2,1,9,4,3,7,1,4,3,6,10,3,3,9,2,10,7,1,1,4,9,9,1,1,5,5,8,5,1,7,5,4,5,10,5,9,10,6,10,8,10,5,10,2,10,8,4,10,3,7,3,1,1,5,1,4,9,8,2,8,1,3,10,8,1,6,8,9,8,8,2,6,8,8,7,1,6,9,9,2,9,3,7,7,10,2,7,9,4,7,6,7,3,7,10,3,10,6
88,9,1,8,5,3,6,7,1,5,8,7,4,1,8,1,2,2,4,8,9,9,2,2,9,4,4,1,8,7,1,10,4,9,4,7,3,1,9,2,4,2,6,10,8,8,1,10,1,9,4,4,5,5,8,8,2,1,10,10,7,7,10,7,5,10,1,7,5,8,1,2,10,6,1,3,6,4,8,3,3,8,1,4,1,9,5,5,3,1,8,9,9,2,2,1,3,6,9,2,7
89,2,1,9,1,5,2,9,9,9,8,10,1,2,10,5,3,7,4,3,5,8,3,7,3,8,9,9,9,8,1,4,3,2,10,3,6,8,9,3,5,7,2,6,9,7,6,7,8,5,2,4,7,1,9,6,2,9,4,7,6,4,7,2,2,3,4,5,7,4,9,8,9,7,2,8,9,10,1,2,8,10,10,7,1,2,1,4,1,2,6,10,1,9,6,10,5,8,2,7,10
90,3,5,10,1,2,7,9,9,4,7,1,4,6,2,8,6,4,7,9,3,6,3,1,3,5,1,3,6,9,6,8,5,7,1,5,6,5,2,7,7,10,2,6,10,9,10,7,6,7,5,6,4,10,3,9,3,6,3,3,8,6,9,7,2,8,4,2,6,5,2,5,8,6,10,2,5,8,7,6,9,2,1,7,7,3,10,9,9,8,8,10,6,7,9,10,10,4,4,10,6
91,5,3,3,1,1,6,1,4,7,7,1,10,3,2,4,7,8,1,1,9,4,1,10,9,6,7,10,5,8,1,5,1,10,8,3,6,6,9,8,7,5,7,4,3,5,2,8,8,6,10,6,9,1,10,9,5,3,2,1,9,8,9,2,10,8,8,10,9,5,8,7,7,4,1,7,5,7,5,4,4,10,3,9,1,4,3,8,3,1,1,6,4,3,4,8,5,3,2,4,10
92,10,2,4,6,8,7,8,3,1,10,7,3,7,4,4,8,2,6,10,6,3,4,5,5,1,2,3,1,9,1,2,2,9,2,7,9,5,9,5,1,6,1,4,10,10,7,5,1,1,6,9,5,5,9,1,7,6,1,9,5,1,7,8,7,10,5,5,7,4,8,8,1,5,5,8,5,10,2,8,9,1,5,5,3,2,8,5,2,6,6,3,9,7,1,5,2,10,2,2,10
93,8,9,10,9,4,8,4,4,3,2,2,9,7,6,10,1,8,6,1,1,5,9,5,9,8,1,9,5,1,5,2,2,1,1,6,8,5,3,4,3,7,1,10,3,8,6,4,1,1,7,4,4,1,8,7,4,6,8,8,7,9,5,7,5,3,2,3,9,2,8,9,4,1,6,3,6,5,9,3,3,3,3,10,6,7,4,7,4,1,5,2,10,2,10,6,6,10,5,2,8
94,4,9,8,6,9,1,6,6,8,7,3,2,3,9,3,7,3,8,8,3,6,4,5,4,9,2,10,5,6,3,2,3,5,9,2,3,8,4,2,7,5,6,10,7,7,1,5,4,4,6,5,2,1,5,9,4,4,3,1,4,10,5,8,10,6,1,4,10,6,6,3,4,1,10,2,7,8,4,2,2,5,1,1,8,1,2,4,8,3,3,9,4,6,9,5,9,5,2,5,6
95,5,3,10,3,9,9,4,9,4,8,5,1,4,2,4,8,6,9,3,5,4,5,10,10,6,10,3,4,7,4,10,1,5,7,2,3,3,6,8,1,6,2,6,2,5,6,7,8,4,1,10,6,9,9,4,4,3,10,8,7,1,2,10,6,1,8,2,6,7,9,9,1,8,10,8,1,5,2,8,3,6,1,8,9,9,8,1,7,10,1,3,6,9,6,2,9,9,9,1,1
96,4,4,1,7,2,10,7,2,10,9,1,3,6,10,7,8,5,3,10,2,1,3,5,3,4,1,9,7,8,3,3,1,3,10,5,2,8,8,1,7,4,6,8,6,10,4,4,1,6,9,2,5,6,10,5,5,1,5,7,9,9,3,1,8,9,7,4,9,7,5,4,7,8,8,5,9,3,1,1,6,7,1,4,8,7,3,7,5,9,5,3,7,1,1,10,1,2,5,9,2
97,1,3,4,6,4,5,2,5,3,9,3,4,3,5,8,6,10,7,2,9,8,1,6,10,2,4,10,3,9,2,6,8,8,3,6,2,2,8,9,6,7,6,10,3,7,6,6,2,1,4,4,7,5,9,3,5,7,10,5,10,10,1,7,1,6,8,4,6,6,4,10,3,4,8,1,1,8,3,4,8,8,8,10,2,9,2,1,1,7,10,8,4,10,5,1,5,8,7,2,8
98,4,1,5,7,7,5,9,4,6,5,6,4,3,1,10,8,2,6,10,1,1,6,10,1,6,4,7,7,8,10,1,6,4,2,1,1,8,7,2,9,8,1,7,5,1,1,5,2,3,4,6,1,10,6,10,5,10,6,1,3,2,10,8,6,7,3,3,6,7,7,3,1,7,10,2,7,9,7,10,2,9,5,6,10,7,8,8,2,1,8,5,5,6,9,1,8,2,6,2,3
99,5,5,2,2,3,9,2,4,3,10,7,3,1,9,3,9,1,9,10,9,1,10,9,1,4,9,1,10,6,6,8,3,5,9,6,4,6,8,1,1,1,3,6,7,5,9,8,7,7,8,6,4,6,9,4,10,10,10,7,4,3,5,4,9,1,5,1,5,2,3,6,8,9,10,5,1,6,4,9,10,10,3,10,9,7,9,6,3,9,10,5,6,3,2,2,4,6,6,4,10
100,3,1,7,9,8,7,6,5,9,9,3,6,9,8,1,7,6,4,3,10,4,5,2,8,10,6,3,8,6,2,3,9,5,2,6,4,3,7,7,5,1,5,3,6,6,7,5,7,8,10,9,6,3,9,1,10,2,1,4,3,3,6,4,9,7,3,5,9,5,8,6,1,5,3,5,7,4,5,2,8,5,9,6,1,8,3,6,7,2,2,8,9,3,9,3,2,9,10,4,1
101,3,2,3,2,4,3,8,2,2,1,2,4,4,6,10,3,6,2,9,5,9,5,3,5,10,4,6,2,9,3,5,8,10,7,4,8,5,8,4,4,6,1,7,5,7,10,5,3,3,10,7,4,7,3,9,8,5,5,5,7,6,9,7,5,10,5,7,1,1,2,5,8,6,5,9,7,9,2,10,8,6,5,5,9,6,5,8,5,9,9,7,5,8,8,1,7,10,2,6,3
102,1,5,6,9,8,2,1,7,5,8,10,10,6,9,4,8,5,2,7,8,8,7,5,9,7,3,4,9,6,8,1,7,6,1,10,7,10,2,1,9,7,2,2,10,1,9,9,3,4,4,8,8,2,6,6,7,2,4,5,1,5,3,4,10,9,7,1,8,7,6,3,3,5,7,2,7,5,10,3,4,3,2,2,2,8,2,5,8,9,1,1,10,7,6,10,2,8,2,6,1
103,8,3,7,7,10,1,9,4,8,9,5,8,7,10,9,3,5,5,4,9,10,9,10,7,5,8,3,8,1,8,6,2,1,7,9,6,9,1,3,5,4,8,8,10,4,7,2,7,4,2,5,4,2,3,3,4,6,1,10,5,1,2,9,10,10,9,9,2,2,2,7,4,6,4,10,3,1,2,3,7,10,3,1,10,7,6,1,4,10,8,3,1,5,8,10,3,9,3,2,9
104,8,7,1,1,2,1,2,10,4,2,6,4,10,9,8,8,6,10,7,1,1,9,10,7,1,6,10,9,9,8,10,8,10,7,3,2,8,2,10,7,6,4,1,10,5,8,6,8,6,7,5,1,10,1,2,5,3,10,7,7,3,4,1,6,2,8,4,9,6,6,8,7,8,7,9,8,7,1,7,10,2,2,5,3,4,9,2,7,8,1,8,9,7,9,5,3,9,7,4,9
105,4,10,2,5,10,6,2,1,6,10,8,3,10,3,5,4,8,5,8,9,5,4,2,7,1,8,7,3,2,2,1,3,8,10,3,1,9,7,5,7,2,1,8,4,4,9,6,2,6,5,8,1,10,4,2,10,8,10,9,8,1,3,3,3,4,2,4,5,7,10,9,3,5,6,2,3,4,9,7,1,8,7,10,2,10,6,7,10,8,8,3,1,8,6,9,7,6,3,8,3
106,6,10,9,5,7,3,9,8,3,9,9,3,9,1,7,6,8,10,6,9,4,1,9,7,1,7,2,9,6,4,5,6,10,3,9,1,1,4,1,8,1,6,1,3,8,6,1,1,4,6,5,4,3,5,8,4,10,1,10,7,8,4,3,2,4,4,3,6,5,3,10,3,7,9,5,9,4,2,2,7,9,5,2,8,1,6,2,6,1,3,9,6,10,10,2,7,6,4,5,10
107,3,2,2,2,5,4,4,2,8,4,1,6,2,9,10,8,10,10,2,5,7,9,6,9,3,5,5,5,3,6,8,10,6,6,4,1,6,7,8,10,10,10,2,4,9,1,1,5,10,5,5,3,1,8,8,5,8,7,9,2,10,7,7,2,5,1,9,7,2,5,4,10,9,3,3,3,1,2,10,9,10,3,2,9,3,1,9,9,4,10,8,1,1,10,10,3,7,8,10,2
108,1,7,7,8,6,7,10,10,2,10,6,9,10,9,2,8,8,2,5,3,7,6,7,5,3,3,5,3,7,4,8,2,8,10,2,4,7,10,2,4,10,9,1,6,3,10,9,1,6,10,8,8,8,8,7,9,4,2,3,2,9,7,2,7,2,9,8,1,10,2,3,7,5,5,4,5,4,9,6,4,9,8,3,8,6,10,5,7,4,10,8,8,5,4,2,8,8,4,7,6
109,6,4,2,3,9,3,5,2,7,8,7,6,10,9,4,8,8,3,2,2,1,8,3,1,5,8,2,6,5,1,7,4,6,5,2,10,2,2,4,8,3,2,3,4,7,7,9,7,2,6,9,2,1,5,6,2,10,9,7,4,8,7,6,10,7,3,1,2,3,10,3,6,4,1,2,4,8,2,9,3,4,7,2,5,9,10,2,10,9,3,9,1,6,7,2,7,8,7,1,7
110,4,4,5,5,4,5,3,1,8,10,7,2,9,9,3,2,8,5,4,7,10,5,6,8,9,4,1,3,9,3,3,1,3,1,3,10,1,10,3,2,3,4,2,2,9,9,1,4,4,3,8,10,8,4,10,7,3,10,10,1,5,4,9,3,7,7,3,7,8,7,7,7,3,1,6,4,10,9,5,9,3,8,9,5,8,3,3,6,10,4,5,8,4,2,3,3,4,7,8,5
111,9,2,5,2,10,10,3,9,5,7,3,9,6,10,6,4,8,8,8,8,1,6,9,2,7,10,3,4,4,10,1,6,7,7,8,10,10,7,3,3,10,7,10,4,10,2,3,8,5,1,6,6,6,8,10,5,6,4,5,9,2,6,9,10,5,3,5,4,5,5,7,4,9,10,9,10,2,3,9,3,5,1,6,4,9,3,9,3,4,2,2,8,10,2,8,4,5,7,2,10
112,2,7,9,9,3,6,6,8,3,1,2,2,9,3,3,1,9,6,1,9,4,6,7,1,1,4,7,8,3,7,5,6,2,1,2,5,3,5,10,5,4,4,4,9,1,2,10,7,7,2,5,1,8,7,10,3,9,3,5,1,3,5,7,1,3,10,9,4,10,4,4,2,3,7,5,9,9,8,1,2,6,10,5,8,3,4,9,7,8,9,4,9,2,7,10,8,2,7,9,9
113,6,1,2,8,3,2,10,7,10,3,9,8,9,10,10,6,4,7,2,3,6,2,7,1,7,2,8,2,6,5,9,3,9,3,7,6,9,5,7,8,6,5,1,2,8,9,4,3,2,4,9,7,10,1,6,6,1,6,2,10,10,1,1,3,6,6,3,5,6,5,10,4,9,5,8,8,10,4,5,5,2,5,3,6,4,9,2,8,5,5,4,9,5,9,1,8,10,4,5,7
114,7,6,3,7,5,7,9,6,5,6,7,7,5,2,10,5,3,9,2,3,4,5,5,6,10,4,6,6,9,5,4,9,4,4,10,5,10,5,2,4,7,6,2,3,3,9,1,7,2,2,10,1,9,6,3,1,10,8,9,8,9,5,6,3,6,1,7,6,10,9,10,8,1,5,9,7,6,5,10,4,4,5,2,9,8,4,7,8,5,3,5,3,4,5,2,6,10,3,5,8
115,9,6,2,9,1,10,6,1,9,5,6,7,1,4,6,9,9,2,8,2,7,8,3,2,7,5,1,10,7,7,2,2,4,4,3,5,7,4,3,8,8,2,2,1,7,1,1,1,7,2,10,2,1,1,1,9,2,6,4,1,1,7,8,8,7,3,8,7,10,3,9,10,2,1,3,8,4,10,2,2,5,4,1,8,3,8,6,6,6,9,2,7,9,4,8,5,2,7,9,10
116,9,9,4,8,9,3,10,5,6,9,4,7,4,8,6,7,1,7,2,3,2,3,6,7,7,3,8,7,9,8,4,4,4,10,5,5,2,9,4,9,3,1,7,1,8,8,3,7,6,9,7,6,5,10,9,9,4,4,9,10,7,4,6,8,4,4,6,4,9,4,4,1,8,1,6,2,5,2,9,9,2,6,8,5,9,6,7,7,10,10,8,6,4,3,3,4,1,2,10,9
117,5,1,3,9,3,3,8,9,3,4,2,1,5,2,6,1,9,3,6,1,6,1,10,6,1,5,1,9,6,2,5,4,2,2,4,5,5,4,1,4,3,4,7,1,4,4,2,7,3,10,8,4,2,4,10,10,1,3,3,3,1,6,3,8,6,6,9,1,4,10,9,1,1,3,10,6,8,1,9,4,7,1,9,2,2,2,6,4,10,9,2,4,10,9,2,4,7,2,1,2
118,4,10,3,2,5,4,1,7,9,2,9,1,1,8,10,1,10,1,8,6,7,6,8,8,2,10,5,4,3,1,1,8,2,6,6,9,8,3,6,1,1,8,5,2,6,3,1,2,5,7,4,4,10,3,6,7,6,9,10,10,5,7,3,3,9,4,4,10,8,3,2,9,4,10,3,3,4,8,6,7,2,2,3,3,5,4,1,6,5,10,3,2,4,10,7,8,9,6,9,4
119,3,7,3,1,3,3,10,2,6,4,5,3,4,5,8,4,1,7,2,2,4,8,2,3,7,7,1,6,10,10,7,6,10,2,10,7,1,5,7,7,10,4,2,3,9,2,7,7,2,9,10,8,3,7,7,7,10,8,4,5,6,7,8,4,9,7,9,4,10,1,6,1,1,6,1,3,3,6,7,2,2,1,10,8,2,2,1,9,1,10,6,3,2,1,10,5,1,8,2,1
120,10,2,10,5,7,8,2,4,4,6,4,10,2,1,10,5,3,5,2,6,4,5,6,5,10,2,4,9,3,5,1,2,1,10,6,9,2,1,7,7,6,8,7,8,6,1,3,5,9,4,7,8,9,2,3,2,9,7,2,7,3,4,9,4,3,10,3,4,1,2,6,10,1,3,6,9,5,9,6,2,9,7,9,8,2,2,10,9,2,5,1,6,10,6,2,5,1,9,10,5
121,3,3,4,10,7,5,1,3,2,2,9,10,7,3,5,2,8,3,4,8,5,1,2,6,6,5,6,3,5,8,8,9,10,10,9,5,8,8,1,4,1,4,8,6,4,2,2,2,7,3,5,10,7,8,7,4,6,9,8,10,7,5,4,3,2,4,6,3,5,4,4,3,7,2,6,3,6,4,4,1,5,4,2,3,1,10,7,8,6,4,4,5,5,2,8,6,7,3,9,5
122,8,9,4,6,5,7,8,3,2,5,7,4,8,10,5,10,6,3,7,2,3,7,5,8,3,7,9,1,3,4,10,8,4,7,3,9,7,10,6,8,10,1,8,4,7,4,9,7,4,6,8,2,9,3,3,10,10,9,6,1,10,6,9,9,10,2,4,3,5,6,6,6,7,3,9,6,1,8,1,4,10,7,7,8,10,3,8,8,8,3,2,3,6,5,2,9,3,3,7,4
123,5,2,5,6,4,6,2,5,3,9,6,9,6,8,2,6,9,10,4,1,6,5,8,1,6,6,6,2,2,1,8,8,8,6,5,7,7,6,3,10,2,3,6,8,6,7,2,5,3,9,7,9,1,8,5,6,8,9,4,9,3,8,7,7,3,2,1,10,2,5,4,4,8,4,2,7,5,7,3,10,7,2,1,7,6,10,4,8,1,7,8,8,6,10,1,1,2,10,2,9
124,6,2,9,7,4,9,6,7,3,5,6,3,2,8,7,8,2,7,10,7,3,10,9,3,10,3,6,1,10,4,7,9,6,5,6,8,9,2,7,6,7,6,9,1,1,5,8,5,3,1,2,3,1,7,6,9,5,3,1,8,6,5,10,5,1,1,2,5,1,10,1,10,5,8,1,5,3,1,2,10,5,6,9,4,5,5,9,2,3,3,6,7,2,8,4,3,2,10,4,4
125,4,4,3,3,1,10,2,3,1,6,5,8,7,7,3,6,7,8,10,5,5,6,3,8,1,2,9,4,4,9,6,6,8,7,10,3,6,3,5,7,4,2,4,4,10,7,5,5,6,8,9,2,1,7,9,8,4,3,8,1,9,5,8,2,1,10,9,6,4,2,5,10,9,4,2,4,10,1,6,2,1,8,1,9,8,2,5,2,3,10,5,2,2,4,8,4,1,6,9,8
126,7,4,1,5,7,10,1,10,8,4,1,5,10,10,6,8,8,10,8,4,10,10,1,4,10,4,6,3,6,7,8,1,1,8,1,9,10,7,6,6,10,8,10,6,2,4,4,4,10,7,7,8,3,2,4,6,7,3,6,7,2,5,4,2,3,5,7,9,4,10,8,8,10,3,5,2,3,7,2,10,7,1,5,1,10,7,9,9,3,4,5,8,3,7,5,9,2,5,10,2
127,8,6,5,5,6,5,7,4,5,10,7,5,3,1,8,9,4,7,9,8,5,1,7,7,10,9,3,3,1,7,5,3,10,10,8,4,4,1,9,9,8,3,5,3,2,6,7,6,9,7,5,1,3,7,7,4,2,4,9,7,1,1,1,6,2,6,3,4,3,1,7,5,7,2,1,8,9,4,9,2,6,1,8,6,1,9,7,10,8,9,2,3,9,9,6,6,7,3,7,4
128,8,5,3,4,8,4,3,9,6,2,6,4,6,7,8,7,5,5,9,10,9,5,10,9,6,3,2,3,4,7,6,7,5,8,5,5,2,1,5,9,7,7,4,1,3,5,10,3,10,5,9,3,2,9,6,9,8,9,1,8,4,7,7,9,7,9,6,3,1,2,6,4,2,3,1,8,2,3,6,1,4,1,10,8,6,3,5,8,4,9,9,6,2,3,9,5,1,1,7,7
129,4,5,8,10,1,10,3,8,1,10,9,6,4,8,6,1,7,9,4,3,6,5,4,4,6,3,10,2,9,5,2,10,7,1,5,8,5,1,6,3,6,9,9,1,10,3,2,3,7,3,4,6,5,7,2,6,4,7,9,3,10,5,10,1,10,2,4,9,5,5,2,10,2,1,6,4,2,5,3,5,3,2,10,6,5,4,8,10,10,3,3,8,10,5,9,9,9,7,4,5
130,9,9,10,5,5,1,9,10,7,6,8,1,3,8,9,3,7,1,7,2,1,2,6,6,4,8,3,4,6,6,3,6,9,9,9,6,7,5,9,9,3,2,5,1,5,1,10,5,7,3,8,7,9,10,2,10,9,4,2,6,8,1,5,6,9,8,3,6,8,4,2,2,9,8,1,6,8,10,8,2,9,9,7,4,4,9,8,6,10,4,1,4,7,9,8,5,4,9,1,8
131,1,3,8,6,1,2,6,1,6,9,6,10,4,6,4,10,4,3,8,4,10,6,3,2,2,8,8,3,8,9,4,2,8,10,6,5,9,2,2,8,8,4,10,10,9,5,3,9,1,2,1,2,4,9,9,1,3,1,5,4,2,1,4,10,4,8,9,8,4,3,3,5,3,2,3,7,8,5,5,8,1,2,7,7,10,10,3,4,3,2,8,10,8,1,10,7,8,6,9,8
132,4,7,6,9,4,10,8,9,5,4,2,3,1,1,9,8,6,2,9,6,4,5,2,10,4,7,8,2,7,8,10,10,1,4,1,3,9,10,8,7,2,4,7,3,7,9,8,10,1,8,5,5,6,4,1,7,6,8,5,3,3,3,4,2,5,9,1,9,9,8,4,1,6,10,4,3,5,5,6,3,4,7,6,6,9,5,5,9,7,7,8,2,3,7,6,6,7,5,5,7
133,7,10,8,5,6,5,5,1,7,7,2,8,10,1,4,1,4,1,1,6,1,7,6,4,7,8,8,8,1,2,4,4,8,1,1,5,5,2,8,8,9,10,3,1,5,5,6,9,9,7,8,10,10,5,6,3,1,4,8,10,2,6,3,6,3,2,6,7,6,9,1,3,9,4,10,3,10,9,6,7,1,8,10,7,2,1,1,3,7,7,6,10,2,10,4,7,9,10,5,6
134,5,8,1,10,4,5,5,1,2,6,1,8,1,2,3,4,3,7,5,1,3,9,2,4,2,5,2,9,6,2,1,1,5,3,7,3,3,8,5,1,10,1,9,10,6,2,1,7,6,4,7,8,6,7,9,6,9,10,2,10,2,2,2,10,4,9,5,9,4,9,7,7,6,5,8,5,6,7,1,2,8,7,10,5,7,1,4,2,8,6,9,6,1,7,4,2,10,9,8,3
135,6,6,4,2,10,6,10,2,3,3,4,1,5,1,3,9,1,4,7,6,10,10,6,7,1,3,3,1,4,10,5,5,3,9,4,2,4,9,9,7,7,5,8,9,2,5,9,10,7,6,7,4,8,5,8,6,2,2,2,3,5,6,6,7,5,5,6,2,10,8,10,5,1,7,10,2,1,5,3,3,6,1,9,4,10,4,9,6,5,3,8,6,10,5,10,1,5,1,4,2
136,8,10,9,7,6,6,6,5,3,8,7,1,10,6,10,2,1,2,8,5,6,6,9,4,4,1,4,7,10,5,2,1,9,5,9,4,2,7,4,4,3,10,10,4,5,5,8,4,2,10,6,2,2,7,1,10,7,1,5,8,7,3,8,1,7,9,7,4,10,5,5,2,2,9,6,10,5,9,9,3,3,3,6,2,6,1,8,6,6,1,2,6,1,6,10,8,2,2,1,3
137,9,7,1,6,7,10,5,1,8,9,8,2,5,2,5,3,10,8,3,2,2,9,5,5,8,7,2,9,7,10,2,4,10,10,1,8,10,4,9,10,8,7,9,1,8,10,1,6,10,4,1,1,5,2,4,4,10,4,7,8,6,9,5,5,2,7,10,5,8,5,4,7,8,9,9,6,9,2,1,3,3,6,5,7,1,10,8,9,7,1,8,9,4,5,4,6,4,7,6,4
138,10,2,7,4,9,7,1,3,5,9,9,6,7,10,6,8,1,10,8,1,9,1,7,10,5,4,3,3,5,9,3,2,7,1,8,1,1,9,3,2,7,1,3,2,1,4,9,4,10,9,4,8,3,7,7,4,7,7,7,4,10,10,10,5,3,7,6,10,6,8,7,6,9,1,6,6,5,7,2,3,9,6,5,7,4,7,7,6,2,3,6,9,2,3,10,4,9,1,7,1
139,2,7,3,7,6,9,1,4,1,3,7,1,4,3,6,1,7,5,3,9,8,8,8,10,8,8,7,8,8,3,7,3,6,3,3,2,9,7,6,7,3,3,4,9,10,3,9,6,9,7,2,6,9,8,7,2,1,6,4,1,1,10,3,3,10,5,2,2,8,8,7,5,3,5,7,5,7,1,10,10,3,7,10,9,7,3,2,8,7,3,2,7,7,9,3,2,2,1,3,5
140,2,4,5,8,6,7,2,6,9,1,5,8,2,8,1,8,7,2,2,2,1,9,7,4,6,1,2,3,5,3,6,4,4,4,7,7,7,6,3,3,5,1,5,2,7,5,2,2,6,10,6,8,5,1,1,6,1,2,4,6,6,7,7,5,2,7,5,3,1,2,4,3,5,1,10,10,2,7,8,8,6,2,6,1,6,10,6,1,6,3,10,5,8,9,9,5,5,5,9,10
141,2,8,7,2,1,9,4,8,7,5,7,1,9,9,6,5,1,9,8,8,2,3,8,6,5,7,4,10,10,6,2,9,5,3,3,3,8,1,3,2,4,9,4,1,5,10,7,1,4,10,9,9,3,3,5,4,3,8,7,5,1,2,6,4,2,5,3,5,9,7,4,7,8,2,6,9,2,4,2,2,10,10,10,5,7,4,3,6,7,5,10,1,8,4,9,2,5,2,6,3
142,6,3,10,4,1,10,1,2,6,4,4,9,9,7,2,5,7,2,3,9,7,8,1,10,3,2,3,9,4,7,2,9,2,4,3,6,3,4,9,2,7,10,3,5,9,2,6,9,1,10,2,2,3,9,9,1,3,9,9,8,2,10,4,8,4,2,2,5,8,2,5,1,8,1,6,9,8,3,7,2,6,1,5,10,7,9,10,5,5,2,7,4,2,8,4,1,8,2,1,2
143,7,6,5,9,9,2,8,8,8,9,10,10,2,2,7,7,7,9,9,10,5,5,3,8,3,1,3,6,2,1,2,10,5,2,1,8,10,9,7,5,9,8,4,9,1,4,7,9,7,9,9,2,6,9,3,6,10,10,3,6,6,3,1,7,4,1,4,2,2,10,1,6,9,9,10,5,7,7,8,4,4,5,7,1,5,8,8,4,3,7,2,5,4,7,8,3,6,2,9,2
144,4,9,9,10,10,5,4,3,10,10,1,3,3,5,9,10,6,6,1,6,3,5,1,1,6,1,7,2,6,4,6,7,3,9,10,7,4,1,9,2,2,4,6,8,6,6,7,9,10,4,4,4,6,5,6,10,5,6,9,6,9,1,7,8,6,10,1,7,5,10,1,2,2,6,2,6,9,4,10,10,4,2,6,1,4,9,2,10,5,8,10,9,3,9,5,7,1,3,8,1
145,9,6,3,3,7,6,6,4,10,3,10,4,5,3,6,7,6,4,8,7,8,2,5,3,10,7,10,10,8,8,7,1,6,10,4,7,1,10,4,5,8,6,3,1,6,4,7,9,1,8,3,1,4,6,8,9,1,9,8,4,1,4,8,7,6,1,2,1,9,9,1,4,6,6,4,2,6,9,8,5,10,4,2,10,9,7,2,10,2,10,5,4,4,10,7,6,1,5,4,9
146,10,4,2,2,1,3,5,8,2,5,10,6,6,3,2,3,3,6,5,3,5,10,4,3,10,2,8,10,6,8,9,5,4,5,5,3,10,1,5,2,6,6,7,1,8,2,10,3,3,7,4,7,2,6,6,6,3,10,8,5,4,9,1,1,8,9,10,8,3,4,5,6,8,10,4,2,7,2,1,10,5,5,9,4,8,4,3,2,6,7,6,10,10,5,3,1,3,10,9,8
147,5,5,10,3,2,2,9,9,4,9,9,4,8,10,9,5,1,1,9,2,3,10,4,8,1,2,3,9,4,2,6,2,2,2,4,9,9,2,1,10,6,7,9,10,2,10,3,6,4,8,7,7,3,3,8,7,7,9,4,5,1,4,9,1,5,9,5,4,1,7,8,7,4,1,10,2,2,10,2,6,5,3,4,9,3,2,4,5,2,4,8,4,9,3,3,3,10,10,5,9
148,1,9,1,8,9,5,10,1,6,4,4,2,9,7,5,6,4,2,9,10,4,2,1,10,3,10,6,1,6,10,1,4,3,7,6,3,1,5,10,3,10,9,8,2,5,9,7,2,9,3,5,1,1,7,1,6,4,3,6,10,4,3,9,6,7,7,4,6,5,4,1,6,2,6,3,10,7,3,5,9,9,10,10,7,7,5,3,2,10,7,7,2,5,3,6,6,5,5,1,4
149,3,2,4,5,2,4,1,8,2,5,3,8,3,9,8,4,6,9,9,9,8,6,5,5,8,3,6,4,5,7,1,3,3,3,5,10,2,10,3,6,7,7,2,3,6,10,3,7,10,9,10,5,7,4,1,8,7,9,5,9,9,2,10,1,3,1,5,4,2,2,9,8,6,7,4,6,3,2,2,1,4,5,7,2,6,4,8,3,2,4,6,6,10,8,7,1,5,8,5,6
150,3,5,9,4,7,4,3,9,7,8,10,9,7,6,2,3,7,4,7,4,7,1,10,8,3,9,1,4,6,7,5,8,6,1,1,5,1,9,9,9,9,2,6,5,8,5,1,4,10,5,3,5,6,2,5,2,8,1,1,6,9,9,2,3,8,3,9,4,9,4,3,5,7,8,7,8,9,2,6,5,1,8,8,7,9,4,6,3,4,5,4,1,5,8,1,1,2,6,8,7
151,9,6,4,3,1,5,9,1,9,4,1,2,6,2,2,2,10,3,7,1,6,6,4,1,1,8,2,3,3,4,10,4,9,2,6,7,3,10,4,1,5,8,8,9,1,3,5,4,9,1,6,10,9,7,1,8,7,4,5,2,3,4,1,2,9,6,6,7,7,7,1,10,9,5,8,4,9,9,7,10,6,1,3,9,5,5,4,4,6,10,6,8,1,1,5,1,9,9,4,6
152,10,7,10,1,5,1,4,7,4,3,3,1,9,2,9,5,10,9,9,4,2,7,3,2,2,9,9,4,7,3,3,8,10,5,2,8,3,2,8,7,10,7,1,9,6,8,6,10,4,2,1,1,9,9,9,3,10,4,2,8,8,6,5,4,4,9,3,5,6,5,1,7,10,4,6,3,2,9,7,6,8,4,7,4,5,7,4,10,3,10,5,8,1,10,5,6,7,6,7,2
153,6,6,9,1,8,3,7,3,1,6,3,3,2,9,1,7,1,7,4,4,7,5,2,8,9,2,4,5,6,10,3,3,4,10,8,2,4,2,8,6,1,1,1,6,3,4,1,7,3,4,3,3,7,7,5,5,5,5,9,1,6,1,6,9,10,6,7,2,7,8,7,2,7,9,5,6,8,6,9,4,9,3,6,7,8,5,8,8,10,9,9,10,7,9,8,4,4,3,8,6
154,9,8,1,8,8,6,6,6,7,2,5,10,9,10,5,8,9,1,8,4,4,1,2,4,1,9,9,8,6,4,8,2,5,2,9,9,4,1,4,10,8,7,9,10,3,8,1,10,9,2,9,10,8,3,8,7,3,7,8,2,5,8,5,2,2,2,2,7,4,8,5,3,5,7,3,8,10,5,2,3,5,8,6,6,1,3,10,1,9,4,1,5,2,7,2,6,10,10,9,7
155,4,10,3,8,10,5,5,9,2,9,7,9,2,10,5,4,10,3,4,10,2,3,10,3,4,7,7,7,5,3,3,10,5,6,2,8,9,6,9,10,2,3,4,10,8,7,6,4,10,7,4,7,1,1,9,10,9,5,5,9,10,10,4,3,3,3,3,3,7,5,7,1,6,1,10,4,7,2,7,2,1,5,3,1,8,7,9,7,8,4,6,3,3,1,9,8,1,5,3,7
156,9,9,9,2,5,7,3,1,8,8,9,2,5,5,2,6,1,7,5,10,4,8,2,6,3,1,3,9,2,8,9,3,7,5,10,3,3,4,9,6,1,10,4,3,8,6,9,1,1,2,4,8,4,5,10,7,6,9,6,5,2,8,4,4,9,1,8,4,3,4,9,4,1,10,3,7,2,8,6,10,9,9,4,4,8,1,4,1,7,6,1,7,6,10,2,10,1,1,8,8
157,8,5,1,6,4,3,2,4,4,8,6,10,5,7,7,3,8,7,10,7,7,7,6,2,9,3,2,3,5,4,10,1,9,1,2,4,3,3,8,3,1,1,2,1,2,5,5,8,9,2,2,1,1,4,8,2,9,5,3,3,9,9,8,10,1,8,1,1,4,3,3,1,2,10,5,7,4,6,2,5,2,6,3,3,4,8,3,3,4,2,7,3,2,1,9,8,7,7,5,1
158,5,10,1,4,2,8,5,5,7,9,2,5,5,2,7,7,10,6,6,4,2,9,1,1,9,10,3,2,5,2,9,2,5,9,8,5,1,3,1,8,2,1,8,4,4,6,7,3,3,2,1,10,4,2,3,9,8,4,1,1,6,7,6,10,4,9,2,8,3,1,10,6,4,3,8,4,4,7,2,5,8,9,3,7,4,9,1,1,7,6,10,10,5,7,4,3,4,4,8,4
159,1,3,7,9,7,6,3,10,2,10,5,9,2,5,3,1,5,10,9,9,6,1,1,1,4,2,8,8,10,1,6,2,2,9,9,5,8,7,2,6,3,7,3,7,9,4,10,1,10,9,4,8,6,3,6,6,3,10,5,4,3,8,9,4,10,6,2,5,7,7,2,2,3,2,1,3,10,6,10,5,9,10,2,5,6,9,10,10,9,2,10,8,7,5,1,3,8,4,5,4
160,8,3,9,7,5,5,4,3,4,10,5,6,3,8,6,6,3,8,7,9,4,7,6,3,10,10,4,9,10,9,3,3,4,8,4,2,6,4,10,2,4,7,3,7,5,7,10,5,1,3,1,5,5,7,3,8,10,2,3,8,7,2,2,8,3,1,10,2,10,5,10,3,8,8,8,2,1,10,10,9,10,8,3,7,3,7,6,3,10,4,9,7,5,10,6,6,5,3,4,6
161,5,6,8,5,9,6,2,1,7,2,10,7,1,9,4,9,7,10,3,10,1,7,3,8,2,5,8,8,5,8,1,2,3,9,3,1,3,10,9,6,5,10,2,3,5,10,2,4,10,7,2,9,7,2,7,4,2,8,4,5,3,9,2,8,4,2,3,9,1,8,7,10,3,10,7,8,1,8,3,10,2,6,6,5,1,4,9,10,3,5,9,7,9,3,8,10,6,5,6,9
162,1,3,7,4,3,2,9,7,5,3,2,3,1,3,10,7,2,1,1,10,9,6,8,9,6,4,5,7,2,7,3,3,2,6,10,4,5,3,9,8,3,9,1,8,1,7,8,2,9,9,6,4,7,4,3,3,9,1,1,5,10,4,3,10,4,10,1,1,9,4,6,2,9,6,4,7,9,2,3,2,5,3,1,8,2,4,7,5,9,1,7,3,4,4,5,3,7,1,8,3
163,8,6,2,3,9,9,5,8,1,9,9,9,6,10,2,2,10,3,2,9,5,7,3,2,3,8,8,3,4,8,8,2,9,10,4,10,1,4,2,8,6,7,2,5,7,7,2,4,10,1,1,2,2,9,8,8,8,6,8,6,6,9,2,1,4,1,6,2,1,1,5,5,2,7,10,9,3,5,6,2,3,7,10,10,2,4,1,3,3,7,1,7,3,3,7,4,8,1,2,9
164,7,8,6,4,5,9,9,8,3,3,4,10,1,7,1,3,10,5,1,6,3,5,2,7,6,6,9,4,10,9,5,2,8,6,5,5,6,3,7,2,7,8,1,5,2,8,1,1,8,7,5,2,4,9,3,4,3,10,10,8,6,8,1,7,6,8,8,8,3,8,4,8,6,8,10,1,9,8,1,8,3,4,9,2,5,6,2,8,4,3,5,6,5,8,2,5,1,8,1,5
165,2,2,10,1,4,3,7,8,8,2,10,5,3,7,2,6,5,1,4,4,10,6,9,4,1,8,1,5,8,5,4,7,7,1,8,5,2,2,8,8,4,5,2,10,10,1,5,2,2,2,2,7,5,9,10,2,8,8,2,5,4,1,2,2,10,4,2,6,8,1,8,7,9,4,3,3,4,5,9,7,1,4,1,4,8,9,2,7,5,5,5,7,6,6,2,9,1,8,8,9
166,7,9,8,4,2,6,9,6,10,5,9,9,2,2,4,9,4,5,3,8,7,2,8,8,8,3,6,7,2,7,10,1,4,10,4,8,5,3,4,2,1,9,1,3,9,6,6,8,2,6,3,4,4,5,5,3,3,5,2,9,5,1,6,4,2,2,8,5,7,5,5,2,5,10,4,4,6,6,10,1,6,6,3,5,6,8,1,6,5,8,10,2,8,8,8,5,2,2,10,4
167,3,8,2,2,7,2,4,3,6,3,9,5,9,3,5,5,1,7,3,2,7,8,8,3,7,9,1,7,2,8,8,6,7,10,8,6,9,10,10,9,8,1,1,5,3,2,7,10,5,6,10,5,7,3,10,2,7,7,10,5,2,2,2,9,9,1,7,5,3,4,8,3,1,1,4,4,8,10,1,2,2,5,6,3,2,6,3,4,7,6,7,8,7,5,3,8,5,7,6,5
168,1,1,5,5,10,2,4,2,6,4,7,8,3,3,9,1,5,2,5,6,8,10,2,10,7,5,8,10,2,3,6,7,5,4,10,5,8,4,4,8,1,5,3,10,3,8,4,8,6,7,8,6,2,7,3,1,7,1,4,3,6,4,1,3,5,6,5,9,2,2,2,4,10,5,3,7,2,6,7,10,10,5,5,8,1,10,1,7,9,2,6,9,2,6,9,10,4,8,8,9
169,4,10,2,1,4,6,3,5,9,5,5,1,2,8,4,4,7,9,9,1,5,3,9,1,7,9,9,1,1,3,8,6,10,3,4,10,9,10,8,10,2,2,7,10,2,8,3,2,7,3,2,9,9,1,6,7,8,4,10,2,5,6,4,2,1,5,7,1,5,3,4,7,10,5,10,2,9,5,3,1,9,4,1,10,7,3,6,2,4,4,4,2,9,10,6,4,7,10,8,3
170,2,8,10,1,5,9,3,1,7,9,7,7,8,6,4,10,2,3,3,2,8,10,10,9,7,6,2,4,8,1,1,6,10,10,1,3,3,2,8,4,6,3,9,8,8,9,8,10,3,3,3,3,6,1,1,9,9,1,6,2,5,9,3,1,6,5,1,4,9,3,2,2,4,3,6,4,6,1,7,1,10,2,6,1,7,7,10,5,8,4,5,2,2,1,2,2,1,9,9,3
171,9,5,5,8,3,1,10,8,2,7,8,4,7,4,7,7,9,3,4,6,3,10,10,10,7,9,10,9,5,7,3,9,9,5,2,9,9,10,1,3,5,5,2,2,5,1,6,8,2,2,10,7,8,8,2,5,9,8,9,7,7,3,2,6,1,5,1,2,2,6,9,3,7,10,1,1,3,7,10,3,3,2,7,5,3,1,10,8,3,3,7,2,6,1,7,1,4,10,10,5
172,7,8,6,1,9,8,4,9,4,8,5,2,7,7,2,2,5,7,4,2,9,3,1,1,2,9,5,6,10,6,9,10,1,9,8,8,2,4,8,5,1,2,5,8,6,3,2,3,2,5,8,2,5,1,3,6,5,8,9,6,3,2,7,4,5,6,10,8,5,8,6,5,8,9,4,3,9,1,7,2,4,3,3,6,6,1,5,9,6,3,7,3,2,2,3,7,4,3,5,6
173,2,2,9,10,3,8,5,1,7,2,5,2,6,5,10,10,5,2,8,7,1,3,9,8,1,3,9,2,2,5,5,4,2,4,9,4,2,3,4,2,7,3,1,6,3,5,7,9,3,8,6,1,2,6,8,9,1,4,2,1,10,2,10,2,3,8,6,7,1,2,5,6,4,6,6,9,3,2,10,10,7,1,10,6,8,3,1,5,1,8,3,10,3,1,1,3,6,1,7,8
174,6,5,3,3,8,3,5,2,8,2,7,3,3,1,3,8,6,4,10,1,4,8,2,6,5,9,7,2,9,2,7,9,2,8,8,7,8,9,10,9,8,5,5,3,3,2,4,10,8,1,8,5,9,2,2,8,6,10,4,5,2,7,2,4,4,1,1,4,2,6,7,8,6,3,9,6,10,7,6,5,7,10,9,3,9,6,7,1,9,10,6,7,10,7,9,1,4,4,3,3
175,5,6,2,10,6,4,5,7,1,1,10,7,3,1,10,6,8,7,6,1,6,10,8,9,8,4,5,4,8,10,2,1,3,7,4,5,6,2,9,6,4,1,2,9,1,10,5,10,5,9,6,3,10,10,6,10,7,3,6,4,9,1,10,1,10,3,3,1,10,9,7,3,3,2,8,5,9,7,5,2,2,8,5,3,9,9,1,1,2,8,9,5,10,2,6,6,3,9,4,4
176,4,10,6,6,10,10,9,10,2,2,9,5,2,6,8,2,5,7,6,9,9,5,2,1,7,4,7,9,9,9,4,6,6,5,8,10,6,2,10,3,2,6,9,2,7,5,6,3,2,1,2,10,5,4,10,1,9,2,5,10,4,6,3,1,1,1,6,2,3,1,2,9,2,9,7,7,9,1,8,6,7,6,4,1,1,3,8,8,1,7,1,6,6,2,7,1,1,1,3,5
177,7,7,1,3,1,6,1,5,4,7,5,1,8,3,1,10,4,6,4,7,8,2,6,5,4,10,4,5,7,7,1,9,10,3,6,8,7,6,4,4,7,1,2,6,9,4,2,3,10,9,9,7,10,5,7,9,10,1,2,3,10,2,5,10,1,6,7,9,6,5,2,7,7,4,7,1,8,8,5,9,7,6,1,1,5,5,9,10,4,4,4,2,9,6,8,9,1,9,6,10
178,8,3,2,8,8,2,3,7,4,6,10,7,5,10,3,5,1,7,1,3,6,1,10,7,5,7,9,4,4,8,3,9,1,2,3,2,6,7,5,1,4,5,3,9,5,3,9,10,8,7,8,3,3,5,1,2,7,9,2,6,9,5,2,8,9,2,7,7,8,10,7,5,2,4,3,1,5,5,10,6,8,3,9,7,4,8,3,8,8,4,6,9,10,5,1,2,3,8,10,9
179,3,3,6,2,10,9,9,6,5,1,3,5,8,6,4,2,5,8,1,6,2,6,3,6,5,2,6,3,2,9,4,5,5,8,8,7,5,8,9,1,1,1,1,6,6,4,6,8,3,3,8,3,9,8,8,3,3,1,8,8,6,7,10,4,6,1,5,1,10,1,3,7,8,2,6,10,7,8,6,8,6,9,1,4,4,4,2,2,6,6,2,8,2,4,10,7,8,9,4,6
180,6,10,8,5,9,6,5,5,10,4,3,7,3,3,7,2,3,2,9,8,9,9,5,9,10,3,8,5,4,9,1,2,9,4,8,1,10,9,8,5,4,8,1,3,5,6,10,10,10,5,3,9,8,10,4,8,8,9,10,8,7,9,5,9,8,2,1,7,1,2,3,1,6,10,5,6,10,7,10,3,1,5,10,7,8,6,4,6,9,10,8,3,7,5,1,8,8,10,2,4
181,2,8,5,5,6,10,1,9,2,1,5,2,7,10,6,10,4,10,10,10,7,10,4,1,1,6,4,8,10,4,6,5,10,2,10,9,4,5,6,1,5,2,6,2,5,9,1,7,6,4,7,1,1,6,5,9,8,1,9,9,1,8,4,8,2,5,9,5,10,4,8,3,10,1,5,2,1,2,8,2,8,1,3,1,6,1,2,5,10,5,4,9,8,6,10,7,4,4,1,6
182,6,7,7,4,5,2,6,4,10,3,3,7,10,3,10,7,1,4,8,2,5,2,10,3,2,8,10,8,8,2,7,2,8,10,7,4,4,8,2,2,2,9,2,5,6,6,5,7,6,6,10,6,10,6,4,5,2,1,6,3,6,1,3,8,6,3,2,5,10,9,5,1,7,8,3,9,8,8,6,7,10,5,4,7,3,6,4,8,7,8,8,7,2,9,4,1,9,4,7,8
183,5,7,1,8,3,5,8,7,8,2,6,8,10,1,5,10,8,4,6,7,2,10,3,1,2,7,2,1,1,8,3,9,2,5,6,4,1,6,4,8,10,8,5,4,2,2,9,6,5,5,6,5,10,7,4,2,2,2,8,6,6,2,1,10,9,3,8,8,9,5,2,8,6,5,8,3,5,7,1,10,5,6,10,7,10,1,8,3,6,7,1,1,2,8,6,10,10,5,4,7
184,8,10,6,3,7,7,3,3,9,5,9,1,1,7,3,4,4,10,10,4,8,6,8,7,1,9,9,10,7,6,8,4,6,5,3,6,5,8,6,6,3,3,4,7,1,2,10,7,8,8,10,10,4,9,5,6,3,10,5,2,8,2,1,1,10,9,8,2,5,10,8,3,1,3,9,10,9,7,9,1,8,6,8,10,7,10,3,2,10,5,6,7,4,3,4,6,10,8,4,3
185,1,9,4,4,3,5,6,5,3,10,1,7,9,7,4,10,7,4,7,7,5,9,9,10,5,4,9,9,9,2,9,5,10,3,7,6,10,2,4,3,8,6,2,5,4,8,9,8,5,10,3,6,4,3,3,5,5,1,10,5,8,5,10,8,5,3,6,3,2,6,4,8,6,1,4,6,10,1,8,1,7,5,10,6,1,1,3,8,2,7,10,9,10,8,9,5,6,6,6,8
186,8,5,5,1,5,4,1,2,3,1,8,7,1,6,5,9,1,8,8,3,4,2,9,6,2,10,6,6,10,8,1,5,6,2,10,9,9,10,10,6,5,4,9,6,5,4,10,7,5,7,7,7,10,8,8,10,10,10,6,8,1,8,2,3,2,1,9,1,8,8,2,8,3,2,4,1,5,9,9,10,10,6,1,4,6,8,5,9,3,3,6,1,7,1,1,10,2,8,7,1
187,8,7,1,3,8,6,8,1,8,3,9,1,9,1,7,2,7,5,10,2,6,8,2,1,5,1,4,3,3,2,9,7,6,6,1,2,10,3,6,5,8,3,2,6,10,3,6,9,8,3,4,9,2,4,8,9,7,5,4,3,8,6,1,8,9,2,7,1,1,5,7,3,8,9,1,4,6,9,10,7,4,10,8,6,6,6,7,10,4,5,10,8,1,7,1,4,8,6,4,9
188,8,1,4,8,4,1,4,4,5,6,8,5,4,8,1,5,3,10,8,5,3,6,2,1,7,8,6,4,8,1,4,4,7,9,9,1,1,2,6,5,3,2,8,7,10,5,2,9,2,4,4,2,3,7,7,8,4,9,2,6,2,6,7,6,3,2,5,8,6,3,1,6,4,5,2,2,4,8,5,6,8,3,6,1,3,10,8,8,10,6,1,5,1,6,1,8,2,2,8,9
189,10,4,7,4,1,10,9,4,8,6,7,2,7,9,2,8,7,2,5,2,1,9,7,4,9,7,10,5,10,10,3,10,8,1,2,3,10,2,9,1,1,10,4,9,4,1,5,5,2,8,9,8,10,1,1,3,2,3,9,10,10,4,1,7,5,3,9,8,6,4,2,3,4,4,5,9,5,3,10,4,1,3,2,8,7,1,6,7,5,8,8,1,5,7,5,3,3,4,5,7
190,10,4,9,2,9,7,8,6,5,5,1,10,8,8,7,4,1,4,3,1,7,9,5,10,2,1,8,6,6,5,10,9,6,1,5,9,2,3,10,4,7,1,1,5,3,6,2,10,1,8,1,5,9,1,1,2,9,8,3,2,6,2,5,1,1,1,5,6,2,7,3,6,5,9,10,4,9,6,10,10,7,9,8,9,8,6,2,7,1,9,9,5,6,4,4,9,9,6,4,4
191,3,6,7,9,6,3,6,7,7,4,8,9,6,5,3,10,9,4,8,6,4,8,2,8,7,5,7,4,1,5,9,7,4,4,8,4,10,1,8,6,8,1,2,1,5,1,5,5,3,4,1,6,7,3,2,6,10,2,4,6,8,10,1,2,6,6,7,9,5,2,6,4,8,6,2,9,3,7,8,4,9,3,2,8,3,6,3,2,2,6,5,9,3,7,5,2,2,8,9,7
192,4,4,1,2,4,9,7,7,10,5,7,9,1,5,5,5,9,7,1,10,5,2,6,4,6,6,4,3,9,10,7,9,1,7,5,4,2,8,7,5,1,5,5,8,5,9,4,9,2,5,7,10,7,4,5,8,7,8,7,3,5,4,8,1,1,1,1,8,8,2,8,8,10,7,3,7,5,10,3,9,9,2,4,4,4,9,9,3,7,3,10,3,5,5,1,8,6,8,8,8
193,10,4,9,6,10,8,9,1,10,2,9,7,10,10,5,4,7,4,4,8,5,8,10,9,4,3,2,7,2,5,3,5,7,5,4,9,9,2,5,6,10,10,3,8,9,3,4,3,8,4,6,8,4,9,2,6,6,1,5,1,1,10,2,6,4,2,7,10,10,6,10,8,2,2,2,5,6,8,7,6,2,7,2,7,1,8,9,4,2,8,7,4,8,7,10,5,8,2,1,10
194,10,6,5,1,3,1,7,10,2,2,1,2,6,4,9,6,1,3,9,1,10,10,6,7,5,9,7,1,7,7,6,7,9,6,5,1,5,3,4,4,9,8,6,5,8,10,7,3,7,4,5,2,4,1,1,4,8,9,3,7,8,7,7,1,5,7,4,8,7,7,8,7,5,10,8,10,7,10,10,5,1,1,1,10,3,9,4,2,6,3,9,6,8,5,7,3,5,3,10,3
195,9,1,7,3,9,7,7,5,6,1,8,8,6,1,7,10,3,3,7,4,8,10,9,2,7,3,4,10,6,10,4,6,10,3,9,5,7,10,6,8,1,7,9,1,8,10,9,2,7,1,6,3,10,5,4,5,7,10,6,7,5,9,6,6,3,3,7,3,2,10,10,4,7,6,3,2,1,3,7,2,4,5,3,3,6,2,4,6,2,9,6,6,5,6,2,7,7,5,6,9
196,4,7,9,7,5,3,1,5,10,9,1,8,1,2,9,4,6,1,4,1,7,4,6,5,7,6,3,5,2,3,4,6,7,5,9,9,3,1,5,1,4,6,4,5,7,5,5,3,6,9,6,3,8,3,3,8,10,9,9,1,7,9,3,2,1,2,10,5,9,1,9,6,10,1,4,1,2,2,8,7,7,6,5,6,1,4,2,4,7,5,6,9,2,3,8,8,3,8,2,5
197,8,8,4,4,3,2,7,6,7,2,10,1,8,6,9,2,2,9,10,8,8,7,8,1,10,5,7,9,1,4,10,10,10,10,1,10,6,1,4,10,9,4,4,2,4,7,1,5,10,10,10,3,5,9,4,3,9,4,10,5,9,5,8,10,9,6,6,3,2,3,7,7,3,1,4,4,3,6,3,1,9,2,5,7,9,8,2,2,4,3,4,5,1,6,9,10,7,2,8,6
198,3,7,10,4,10,5,1,3,4,4,7,9,4,3,7,10,5,3,2,6,10,1,4,4,8,8,6,6,4,9,2,1,5,4,7,7,6,7,3,7,3,10,3,8,7,3,7,5,8,6,3,9,3,7,8,4,7,3,10,4,8,1,1,10,6,9,9,6,6,10,3,5,6,5,6,9,4,5,5,2,4,2,3,3,10,7,7,3,9,1,7,3,10,4,8,8,5,5,7,6
199,10,5,5,7,3,1,1,9,2,6,10,4,9,4,1,8,8,9,6,10,8,9,10,7,3,8,7,6,8,3,9,5,10,5,8,1,6,9,2,7,1,10,7,3,7,8,1,4,4,9,9,7,7,2,3,4,6,4,2,3,4,9,2,1,2,4,4,9,8,9,1,4,9,1,9,4,8,1,10,10,10,4,3,8,7,4,1,2,1,7,1,9,7,8,7,3,10,10,5,10
200,4,9,2,9,3,4,7,1,5,1,4,4,3,9,5,3,9,3,1,3,4,4,8,3,9,6,10,7,9,2,9,4,8,6,5,9,9,3,6,6,3,7,1,8,7,10,6,5,6,4,9,1,2,3,1,7,8,3,4,6,6,1,1,10,3,8,5,8,7,9,6,7,8,1,10,8,6,6,3,4,9,8,5,7,8,2,6,3,2,6,10,7,1,1,10,6,3,1,7,7
201,10,6,5,9,6,9,10,10,9,4,1,5,10,7,7,8,4,6,10,7,6,4,5,10,8,7,10,4,9,5,4,1,4,1,1,8,10,10,6,3,5,2,7,1,4,8,7,1,1,8,7,2,2,4,10,3,9,8,1,7,4,5,4,2,6,8,8,8,5,5,9,10,9,5,7,5,8,1,1,4,5,6,3,5,4,1,1,9,1,4,5,5,8,9,8,6,4,4,2,5
202,10,1,5,10,2,8,7,4,2,6,3,7,9,9,1,2,10,6,6,2,4,7,10,2,10,7,9,1,5,9,6,1,10,7,4,3,6,7,6,5,3,3,8,10,2,5,7,9,6,8,3,9,2,5,2,5,8,4,5,4,1,3,3,5,6,7,8,3,1,9,3,8,8,5,8,9,7,5,8,6,9,6,2,9,8,2,2,5,10,7,4,5,10,9,4,8,10,7,5,5
203,3,9,7,1,8,2,3,4,4,8,8,8,3,8,8,7,8,1,2,4,5,6,7,10,2,9,4,2,2,7,8,8,9,8,1,1,8,1,6,2,5,3,6,3,8,3,10,6,7,5,6,9,6,2,10,3,8,3,3,6,10,4,3,5,7,7,5,6,6,7,10,9,4,9,5,3,5,10,8,4,4,4,3,9,1,5,10,5,5,1,5,8,2,3,3,3,5,2,9,1
204,9,10,9,4,4,5,10,3,1,9,4,8,5,6,10,10,10,4,7,5,4,6,1,9,4,3,2,4,2,3,7,3,10,9,4,4,7,5,7,10,4,3,2,1,3,5,4,3,4,4,7,3,1,2,9,10,6,7,7,8,6,8,3,7,1,3,4,10,10,4,10,6,10,1,9,7,1,9,2,4,7,8,5,8,1,8,8,9,7,4,3,7,9,2,8,7,1,5,5,8
205,3,8,10,8,1,3,3,6,10,6,1,6,3,4,1,9,3,2,9,5,6,5,6,3,1,9,9,6,4,9,9,7,3,8,4,2,5,3,9,4,1,8,10,9,1,10,6,5,6,1,6,7,7,9,3,10,9,6,5,4,1,1,5,8,6,2,8,5,2,7,3,6,8,4,10,7,1,7,8,6,8,9,10,4,5,8,5,9,5,8,8,4,9,7,6,10,7,7,7,10
206,7,4,10,1,10,8,5,9,8,3,9,4,9,1,1,3,2,3,2,1,10,8,3,6,3,1,10,3,8,5,2,2,5,3,9,10,7,8,5,10,10,4,7,7,8,9,8,5,4,8,1,7,7,7,6,2,2,2,3,3,2,3,10,5,9,4,7,2,4,3,3,1,1,4,7,1,8,7,3,4,5,10,1,10,7,8,1,3,1,8,7,1,6,1,5,8,2,3,4,9
207,3,1,8,9,6,6,5,5,7,8,8,3,8,10,4,10,2,9,6,1,10,3,7,6,3,6,5,3,6,6,10,2,7,5,3,9,6,3,1,8,2,7,9,3,9,8,5,1,4,4,4,9,6,10,2,10,6,1,7,3,7,3,2,7,8,7,5,8,7,8,9,2,2,1,5,8,3,7,8,8,7,8,7,10,6,3,10,7,8,9,9,5,3,3,1,5,3,2,6,6
208,5,8,10,2,8,8,7,10,4,9,10,3,6,9,3,6,10,10,9,1,4,6,7,7,3,8,9,8,10,6,9,1,4,1,3,7,8,6,1,9,1,4,8,9,5,7,3,1,3,2,9,10,9,2,4,4,9,7,5,4,9,10,10,3,5,7,2,10,1,8,9,9,1,4,6,8,4,7,10,8,7,3,3,8,7,2,10,6,5,8,4,3,8,8,4,3,10,3,5,1
209,8,4,1,3,3,7,2,5,3,4,1,3,2,1,6,2,6,3,8,6,5,8,2,1,3,9,4,1,3,2,7,9,9,4,1,2,2,6,9,1,6,2,3,8,3,2,10,10,6,10,4,9,6,4,10,8,5,2,1,9,8,5,8,5,6,3,7,2,2,1,4,8,1,6,7,1,4,7,9,6,4,2,5,6,10,1,8,10,7,10,3,7,2,1,4,8,10,2,3,1
210,2,1,6,9,8,8,1,1,1,3,1,10,8,4,1,3,2,3,5,7,10,8,7,1,4,9,6,5,10,6,9,10,2,2,10,5,6,6,8,1,3,1,3,1,6,2,3,10,3,2,5,6,2,4,4,7,7,7,7,4,6,8,6,2,4,1,2,6,6,4,1,5,10,5,9,5,8,10,8,4,9,9,7,1,4,7,10,1,8,3,7,2,8,7,5,2,6,4,10,2
211,4,1,7,2,3,2,3,2,8,2,8,3,5,7,1,5,2,9,1,6,3,1,3,5,5,3,5,7,1,1,10,5,2,6,4,9,5,3,4,8,2,10,2,6,4,9,7,5,5,10,10,5,3,2,10,1,8,2,8,2,7,1,8,9,2,3,6,1,3,1,9,9,7,3,7,3,4,5,4,1,8,6,9,6,3,3,5,5,4,5,1,9,4,10,1,9,8,6,8,9
212,2,10,2,7,3,2,1,7,6,3,2,7,10,10,9,7,5,10,3,9,10,2,10,3,8,3,4,5,4,10,1,6,5,7,3,10,9,4,1,3,7,4,6,9,2,6,9,3,7,3,2,4,7,1,9,6,10,9,5,2,4,4,1,8,5,4,6,9,1,10,2,3,2,10,9,2,8,7,4,4,8,3,1,7,8,4,7,6,8,8,3,10,3,9,6,6,9,7,7,10
213,5,5,4,1,5,2,6,10,4,8,5,5,2,7,4,6,10,10,10,6,9,9,9,3,4,6,8,7,1,10,10,7,3,5,10,4,4,4,7,10,2,2,6,6,9,3,7,4,3,2,3,2,4,4,2,10,6,7,3,2,5,3,5,6,3,9,5,6,7,9,2,2,7,1,8,8,2,8,7,7,2,3,6,2,3,9,6,5,1,6,4,4,7,10,1,8,1,2,3,5
214,5,4,4,6,3,9,10,9,6,5,7,9,3,9,4,1,5,7,4,3,1,4,7,4,8,9,1,3,3,8,6,7,8,3,6,7,10,3,5,9,10,5,7,9,4,8,1,9,1,2,8,8,1,4,3,5,8,4,3,10,10,5,7,4,8,2,7,10,5,1,5,5,1,7,5,9,3,3,3,1,8,8,4,4,4,7,8,4,3,7,8,6,3,3,7,3,1,6,4,1
215,9,5,8,2,4,2,3,10,6,9,8,4,1,5,1,2,1,3,2,1,6,3,10,8,9,10,4,10,3,7,1,8,2,7,2,7,2,8,5,2,1,1,6,5,1,6,7,10,1,6,4,7,4,2,8,4,2,10,5,9,9,8,2,5,7,2,1,6,1,2,4,3,7,6,7,10,7,7,1,1,9,8,9,1,4,4,8,3,5,1,8,8,10,8,3,1,9,3,10,8
216,7,5,9,6,1,8,1,10,5,9,2,7,6,1,8,7,6,9,1,1,8,5,9,4,9,5,7,1,3,3,6,8,7,3,1,6,4,9,6,8,8,8,2,3,3,9,4,8,5,3,8,5,4,8,7,10,1,7,8,2,9,2,4,4,6,8,6,1,1,9,8,4,4,6,4,10,10,4,8,1,2,6,6,10,8,5,3,5,9,5,8,5,5,3,9,1,5,3,1,7
217,9,7,2,3,1,9,1,2,2,2,9,3,3,4,2,2,2,9,8,10,8,4,1,2,9,1,9,3,3,6,8,2,6,4,3,10,3,3,8,9,10,3,4,9,10,1,10,9,4,8,1,1,5,10,9,4,10,5,10,8,2,6,3,3,10,1,8,4,3,1,2,3,3,3,7,6,1,7,2,4,8,7,2,4,6,5,2,9,5,3,5,10,6,10,7,2,9,9,10,4
218,1,6,4,7,7,2,7,10,3,9,2,8,10,9,10,9,8,7,5,3,9,9,6,1,6,5,3,3,5,7,3,7,3,1,1,7,1,10,8,3,9,9,6,7,2,3,4,4,4,2,2,1,5,4,1,3,3,7,1,1,4,2,4,9,2,7,6,8,8,4,4,5,3,7,5,1,7,6,5,6,7,4,1,2,3,8,1,1,4,9,1,10,3,6,9,10,2,3,2,10
219,3,9,3,9,6,3,7,5,2,7,8,6,2,5,6,6,6,5,1,8,10,8,7,5,3,8,8,7,4,6,6,3,9,3,4,9,4,4,9,7,7,10,9,9,4,10,2,9,7,2,2,10,5,9,9,9,2,5,1,10,9,4,1,5,1,6,1,6,3,3,10,9,5,4,10,4,3,9,3,5,7,4,9,2,3,1,6,2,6,2,10,5,7,1,5,5,4,1,5,4
220,2,9,3,2,8,10,4,8,10,7,10,7,7,6,9,6,7,7,3,5,7,7,1,2,10,6,4,1,2,8,3,4,8,8,1,6,9,6,2,3,10,5,3,5,6,5,10,1,1,7,3,4,4,9,6,6,2,1,8,10,5,7,1,9,5,7,2,10,4,7,1,2,5,6,6,7,4,6,10,4,7,3,9,8,10,5,2,8,1,8,3,8,2,9,6,1,5,5,8,2
221,7,10,9,6,6,5,8,7,8,6,2,7,3,8,8,1,9,2,5,8,7,5,8,8,9,4,1,3,10,7,5,7,3,1,2,3,1,8,2,3,4,3,8,3,10,3,6,8,9,1,4,7,2,3,3,7,1,2,3,6,4,7,7,1,3,5,3,3,9,7,6,9,5,4,2,8,7,3,7,9,8,9,9,3,9,10,6,6,4,7,2,1,4,10,8,1,6,4,3,9
222,8,10,2,6,6,2,5,9,8,2,9,1,4,2,6,2,3,4,6,8,8,4,8,5,7,2,4,2,4,9,2,4,9,7,3,7,7,8,6,7,8,1,9,6,9,7,8,8,8,5,7,7,3,1,1,9,5,3,5,1,4,4,5,6,1,1,6,3,3,1,3,7,6,5,9,10,7,4,7,5,9,4,10,6,1,10,1,10,3,10,2,1,7,8,6,1,2,7,3,9
223,3,6,9,2,3,4,3,7,1,7,9,6,5,4,2,9,8,8,2,5,8,8,1,10,9,8,2,2,3,10,4,5,8,8,5,1,10,7,1,4,9,4,1,4,2,4,4,7,5,3,9,4,8,9,2,5,5,5,2,5,3,8,10,1,9,2,4,2,6,8,7,4,10,4,4,7,7,7,10,9,8,9,2,3,1,7,6,7,2,6,5,7,4,4,1,9,5,10,6,2
224,8,4,9,8,4,7,6,8,8,8,10,1,7,3,2,4,8,1,1,4,4,4,4,1,4,4,7,8,3,1,6,9,7,2,4,4,1,9,10,4,10,2,5,3,4,3,10,3,6,10,8,2,8,7,6,8,2,5,5,8,5,8,4,2,1,1,5,2,10,3,3,5,7,8,6,2,6,2,8,4,3,10,4,4,1,2,4,8,5,5,1,6,1,6,8,4,2,6,2,1
225,8,5,9,9,2,5,5,8,10,4,9,6,5,6,1,7,10,1,4,8,6,5,1,2,7,2,8,8,10,1,5,10,2,7,5,4,10,2,6,2,4,9,10,2,7,1,4,10,5,2,5,5,4,9,2,9,5,2,9,8,4,1,10,4,8,7,2,2,2,9,3,2,10,10,10,2,6,7,1,1,1,4,4,2,3,2,9,3,7,2,8,6,8,10,6,7,5,9,5,1
226,7,4,5,10,10,9,5,6,9,10,2,9,3,9,10,1,5,7,3,6,1,1,4,7,4,9,4,1,2,6,5,10,7,2,2,8,10,6,6,9,8,9,7,1,3,7,7,1,7,5,1,6,9,9,9,2,2,5,3,6,4,2,9,9,10,10,3,1,8,7,3,2,5,4,1,10,8,8,5,9,4,9,2,10,5,6,9,3,1,1,9,6,2,6,1,4,8,6,3,8
227,5,8,6,2,6,1,7,7,7,6,8,9,6,5,10,1,4,8,8,10,5,2,10,10,1,7,7,5,8,8,3,2,8,3,6,10,9,2,8,5,9,10,10,8,5,6,2,6,6,9,1,6,6,2,5,10,10,5,1,6,4,9,3,6,5,10,1,10,10,3,1,6,2,4,9,2,1,3,9,7,3,7,6,3,10,5,8,4,10,9,10,4,6,1,3,1,7,10,4,5
228,10,8,4,10,6,1,2,10,4,5,8,7,1,6,10,10,7,1,2,4,4,1,9,7,10,2,6,3,9,6,7,1,5,5,4,8,5,10,2,1,1,8,8,3,5,6,1,10,7,3,7,10,3,7,1,3,7,2,8,7,4,8,8,8,4,10,9,3,6,7,4,3,3,8,9,9,6,8,4,6,3,8,9,9,4,5,10,4,2,2,1,2,1,3,9,7,9,4,7,5
229,1,3,1,6,3,6,2,5,10,3,10,9,2,7,1,4,6,7,2,10,7,7,9,5,4,6,9,2,8,7,5,7,1,1,4,2,9,9,1,10,5,9,7,2,6,9,3,5,8,2,9,6,6,3,4,4,6,3,1,4,9,10,9,3,10,5,5,7,1,8,9,7,1,7,2,8,5,3,3,3,5,4,10,9,7,9,3,7,4,5,5,10,8,5,7,10,5,3,2,7
230,4,2,8,1,1,4,3,6,6,8,4,9,1,1,1,9,1,6,4,2,1,1,4,1,5,10,4,4,6,9,5,8,2,1,8,5,9,7,2,10,10,6,1,2,3,9,7,4,10,1,5,3,4,2,8,8,8,1,1,6,1,3,1,7,7,8,2,1,1,5,2,7,5,8,9,9,10,4,6,9,5,7,6,10,2,1,9,4,9,1,9,9,6,4,8,7,9,1,5,5
231,3,2,1,8,2,4,2,9,10,7,2,2,5,2,5,6,8,10,7,6,8,9,3,7,1,9,6,6,8,6,10,8,4,4,10,2,6,8,5,8,3,8,3,2,5,8,3,3,2,9,2,5,2,9,6,2,5,7,5,2,3,5,3,9,4,8,9,4,3,4,9,2,10,7,3,7,7,3,3,9,3,10,7,6,6,9,3,3,1,10,1,10,8,3,10,8,8,4,5,7
232,2,2,7,8,8,2,7,4,9,2,2,9,8,5,9,4,9,5,6,6,7,7,1,7,10,5,8,1,4,2,3,2,2,10,7,1,5,1,8,5,2,1,1,6,3,6,6,7,8,9,1,2,4,3,10,5,5,4,3,7,4,2,2,8,6,10,10,5,4,9,10,8,9,3,6,7,9,8,3,8,4,10,3,8,6,4,7,5,7,7,5,7,10,5,7,4,5,5,3,5
233,2,1,10,4,7,2,10,8,5,10,5,4,9,8,9,10,2,6,10,5,9,10,7,10,6,9,6,10,3,2,4,7,7,9,8,6,6,6,4,10,4,4,7,4,3,4,2,1,4,8,10,6,10,10,6,4,8,2,9,7,1,2,8,4,4,2,2,8,4,10,3,1,10,1,9,6,1,9,5,9,2,4,1,8,6,2,5,10,5,9,10,3,1,7,7,2,10,4,7,6
234,5,6,1,2,7,10,9,8,9,10,7,8,5,3,2,10,9,3,3,1,2,1,5,9,8,2,1,5,5,6,2,1,6,3,8,3,6,9,5,5,6,3,5,7,3,1,3,7,5,6,2,1,6,10,1,1,10,4,3,7,3,7,5,5,2,6,5,7,7,9,9,5,10,8,1,4,6,5,1,2,2,10,2,10,3,8,4,7,8,2,10,5,2,4,5,2,3,9,6,8
235,1,3,7,4,4,4,4,3,5,3,2,10,2,5,5,7,6,3,3,10,5,9,8,3,5,5,8,4,3,5,10,8,7,3,3,4,7,5,6,6,9,4,5,7,1,1,4,4,8,9,1,4,1,6,8,1,8,6,7,1,4,6,5,4,1,7,10,5,6,2,6,5,8,1,1,4,10,5,10,1,2,3,8,6,4,1,10,3,9,1,5,2,5,1,4,5,5,1,1,4
236,5,3,3,2,8,8,8,6,10,10,7,4,1,2,4,2,4,6,6,2,7,7,2,9,8,4,7,2,1,1,9,4,6,6,4,8,5,2,10,2,1,3,8,2,4,10,5,2,6,2,4,3,3,5,6,1,2,3,4,5,8,8,3,5,10,9,7,3,2,7,3,5,4,10,7,10,4,5,2,3,1,9,7,8,5,9,2,10,5,4,3,2,1,6,7,6,9,4,8,10
237,6,6,8,6,10,6,6,9,7,6,2,6,6,2,6,3,3,9,8,3,9,7,5,4,10,9,8,5,4,7,5,7,4,10,5,7,8,2,6,3,6,6,8,8,10,3,9,9,7,3,10,7,9,8,5,10,4,7,5,10,7,6,1,9,2,9,9,4,2,5,5,7,8,3,3,6,2,8,1,6,5,7,7,8,6,9,10,10,6,6,1,5,6,3,8,9,6,1,2,2
238,2,7,3,7,3,10,8,4,5,8,4,8,6,8,6,10,3,6,4,4,10,3,4,9,5,4,7,9,1,4,7,10,1,10,5,9,3,7,3,6,1,2,6,6,10,1,8,7,6,9,2,9,2,6,1,2,9,2,1,4,7,1,1,4,10,8,3,10,2,5,6,1,7,6,9,1,8,4,10,8,6,10,6,3,6,4,1,9,4,4,9,5,4,8,8,9,4,7,10,3
239,4,9,4,6,9,6,1,6,1,4,9,6,8,5,10,8,7,8,7,7,1,4,9,2,3,7,2,5,2,4,6,10,8,3,6,2,7,7,1,9,1,7,5,10,2,1,3,5,2,1,10,10,1,6,3,4,3,10,9,5,1,4,6,8,5,9,3,9,8,6,5,6,2,2,2,10,1,3,6,7,3,1,3,2,9,3,9,7,3,6,2,3,4,10,10,8,5,10,4,3
240,8,7,8,3,9,8,7,3,8,10,4,3,9,5,7,7,1,9,8,7,8,10,8,2,6,7,10,1,6,5,7,2,1,9,2,9,8,8,7,2,2,7,2,2,6,1,8,6,9,2,5,3,3,7,3,2,5,8,3,4,5,4,9,8,9,10,2,10,7,6,1,8,8,9,9,1,1,10,6,1,4,1,5,4,9,9,3,5,7,1,5,4,7,4,9,9,3,9,10,4
241,8,2,9,3,1,7,2,3,1,3,3,6,1,6,1,4,10,10,5,3,5,1,2,5,9,7,2,8,7,2,3,3,2,9,9,7,3,10,7,10,3,8,8,5,7,6,2,2,3,4,5,7,7,2,9,5,3,6,6,2,3,4,1,7,8,10,9,4,4,3,7,4,8,4,6,7,1,10,1,7,5,9,1,8,10,5,3,8,2,2,8,8,7,8,2,7,6,7,3,6
242,7,5,3,8,10,4,3,8,8,6,9,5,10,10,2,8,10,6,1,7,2,10,1,1,3,3,1,4,1,6,5,7,1,3,2,10,8,2,7,3,4,6,4,4,10,7,6,8,8,5,10,6,2,5,10,2,1,6,8,7,7,6,3,10,4,4,8,8,9,3,7,2,4,4,2,8,5,8,2,9,1,5,8,4,5,3,6,9,8,2,6,6,2,2,8,1,8,4,3,3
243,7,3,7,5,10,4,6,3,5,2,9,2,5,6,9,4,10,9,7,5,5,5,1,5,8,2,8,8,10,10,6,4,7,7,4,1,6,4,7,6,8,4,8,10,10,4,5,4,1,6,6,6,4,6,1,8,4,2,3,7,3,9,8,6,9,5,2,9,2,5,2,2,1,6,9,2,1,4,2,7,3,10,10,8,8,1,10,7,1,9,9,8,4,3,3,5,8,7,8,2
244,9,6,9,6,4,6,6,6,5,1,5,1,9,10,4,4,5,9,4,6,3,5,6,3,9,10,4,10,2,3,9,10,8,2,2,2,6,5,9,3,9,10,9,5,5,10,3,5,2,3,5,3,7,4,3,7,4,1,1,7,4,9,6,6,9,7,2,7,6,7,4,6,3,7,5,3,7,3,1,10,4,1,5,3,10,8,4,1,5,3,2,8,4,4,3,4,9,5,4,8
245,10,9,2,9,6,10,5,1,8,10,8,10,7,10,10,3,5,3,10,7,5,4,10,9,1,1,6,1,10,7,10,4,3,1,2,7,2,2,7,10,8,5,7,2,6,2,2,4,1,6,2,7,7,8,2,6,8,3,1,1,5,8,8,4,7,5,8,8,3,8,4,5,7,3,9,6,1,3,3,3,4,7,2,6,10,3,9,5,10,5,7,7,9,9,2,6,7,5,6,5
246,8,10,6,7,1,3,2,8,5,10,2,3,8,1,8,5,1,6,7,7,1,6,2,10,10,1,2,7,3,2,4,4,5,1,7,5,1,5,1,5,8,5,2,9,8,3,9,2,10,3,9,2,3,5,10,8,4,8,8,5,1,6,3,6,7,8,9,1,8,5,9,4,9,7,10,2,10,3,2,9,6,10,5,10,2,6,3,5,3,6,5,7,10,8,6,5,8,7,10,4
247,2,7,10,6,8,9,1,2,1,10,4,5,10,9,2,9,8,1,4,1,2,7,1,7,9,4,10,5,9,3,8,3,10,2,3,8,1,9,7,2,2,1,9,6,4,8,8,7,3,5,5,10,4,1,8,3,10,6,6,2,2,6,7,1,4,9,6,6,3,6,1,9,5,4,8,1,4,9,3,2,10,9,9,6,5,8,1,5,10,4,3,1,6,5,4,10,6,1,2,2
248,7,8,6,5,10,5,5,1,8,1,7,3,4,4,9,7,4,5,1,6,5,6,9,9,9,6,9,6,2,8,4,7,1,8,3,3,10,2,5,8,8,3,4,1,9,8,4,3,4,3,7,3,2,1,9,3,10,7,9,7,3,7,7,9,5,10,8,1,10,8,2,5,2,3,6,5,7,8,4,9,9,5,4,7,1,2,5,7,1,6,10,2,5,4,2,2,7,1,1,9
249,4,10,4,7,10,6,7,3,3,4,5,4,5,4,2,3,6,5,9,10,3,7,9,7,5,6,10,10,4,2,8,5,10,3,6,4,4,10,4,1,10,9,5,3,6,1,4,2,4,7,8,2,7,5,4,2,4,10,10,2,10,6,4,6,1,10,5,3,8,6,1,7,3,2,5,9,2,9,4,10,6,1,9,4,6,3,4,3,1,10,2,8,1,10,8,7,5,2,5,9
250,10,7,9,3,5,6,2,5,4,7,4,8,4,10,6,9,3,10,6,10,10,3,7,3,9,4,6,8,5,8,4,8,1,9,5,9,8,1,10,10,10,10,6,10,8,1,10,5,2,7,1,4,6,5,3,9,3,4,4,6,5,1,7,4,1,6,8,6,3,5,8,5,10,6,2,1,5,1,9,4,9,7,6,5,5,7,10,4,4,6,6,4,8,2,6,7,8,7,4,10
251,6,3,4,9,4,9,3,7,4,8,1,5,9,4,5,3,2,8,3,5,10,6,5,6,10,6,10,6,10,1,6,10,8,3,10,10,1,9,9,8,9,2,10,8,8,1,1,7,1,8,1,9,1,10,4,3,4,5,6,3,2,1,4,6,7,4,5,8,5,7,1,4,4,5,8,2,6,1,6,2,6,7,4,6,4,1,5,8,5,5,6,5,9,1,9,7,8,5,9,3
252,6,3,7,1,5,6,4,5,8,8,3,10,2,5,5,7,8,7,6,8,2,5,7,6,3,10,3,1,8,7,10,6,8,7,5,10,2,8,1,3,3,6,6,10,9,10,8,1,4,10,8,2,7,4,6,3,4,3,10,1,10,4,1,10,2,2,6,10,1,9,6,3,9,2,8,1,5,10,2,10,8,10,4,5,4,6,7,2,1,2,7,7,9,5,6,4,3,2,6,1
253,1,7,8,2,9,1,2,8,5,4,8,10,2,7,4,3,8,3,2,2,6,1,6,9,1,6,3,6,8,9,5,1,7,1,6,10,5,3,7,3,1,8,10,9,3,4,4,4,10,9,1,4,1,8,8,2,6,1,5,5,6,7,1,2,4,7,10,8,10,7,10,6,4,1,8,9,10,3,7,1,10,5,8,7,1,5,2,6,4,6,7,5,4,7,4,3,8,2,3,6
254,6,1,6,1,2,4,5,2,8,7,10,5,5,8,8,9,5,1,10,7,2,5,3,9,8,10,6,10,5,2,2,6,10,2,3,1,2,1,2,10,3,7,9,6,9,9,6,4,6,9,8,6,9,9,10,3,8,8,3,4,2,2,2,3,5,3,4,3,3,10,1,5,5,7,3,8,3,4,8,2,5,8,6,5,5,3,7,4,2,9,1,5,1,1,7,9,1,10,7,10
255,9,8,8,1,3,6,4,10,8,5,8,10,4,3,5,9,7,8,5,3,6,8,5,4,3,3,5,5,5,6,1,10,5,5,5,4,8,1,3,3,2,8,7,4,1,1,9,10,3,5,8,6,10,6,1,6,1,6,3,4,1,6,3,9,7,4,9,3,7,3,10,6,4,2,5,5,3,2,9,6,7,3,6,3,10,7,5,4,8,9,1,8,7,4,5,3,8,8,5,9
256,2,7,2,3,10,2,2,10,5,5,10,6,4,5,2,6,8,2,5,6,2,3,3,4,9,4,9,1,9,10,4,9,2,2,9,5,8,5,5,9,8,7,1,9,2,7,2,1,10,9,8,8,8,10,5,3,6,6,8,3,8,4,5,5,7,4,8,10,4,7,9,10,9,3,4,4,6,10,5,6,10,3,1,1,4,8,1,2,6,4,6,2,9,6,8,10,6,4,7,3
257,2,8,1,4,2,7,2,10,2,3,4,5,10,6,2,5,2,1,9,2,2,8,6,4,9,5,6,2,1,3,9,1,6,5,3,2,2,8,8,2,9,5,9,7,2,3,9,7,8,1,8,4,2,7,3,4,4,10,7,10,3,9,5,7,1,4,4,4,1,1,2,9,8,5,6,5,3,4,8,2,5,7,9,10,5,4,3,6,3,4,2,9,4,5,6,4,3,8,7,6
258,1,10,10,7,2,6,7,7,4,9,10,9,3,9,5,5,4,4,2,8,9,6,10,9,7,8,4,10,8,8,1,8,1,10,4,6,9,6,2,4,1,5,6,1,8,10,9,3,6,8,4,4,4,1,7,10,4,6,9,9,8,10,7,9,4,6,6,8,4,9,8,8,9,10,2,1,4,2,4,10,10,5,2,6,10,3,10,5,1,6,8,1,3,7,2,9,4,5,9,5
259,5,2,1,10,1,9,8,6,7,4,8,5,3,4,9,9,3,6,2,2,8,9,8,4,7,2,8,3,2,5,5,1,1,8,6,3,7,3,8,1,5,2,1,9,2,8,10,8,6,4,6,4,5,1,7,9,3,10,7,6,9,4,3,9,7,3,5,10,8,2,8,2,7,10,1,6,1,9,8,9,6,10,4,7,3,4,2,4,5,1,5,3,3,10,6,1,4,9,7,2
260,9,4,1,7,1,8,9,1,3,6,1,3,1,6,3,5,8,5,7,3,8,10,8,2,5,3,5,3,1,9,7,5,8,2,6,4,2,6,5,6,5,5,4,6,9,1,5,2,4,3,3,10,3,8,1,1,4,6,6,9,2,8,4,3,4,10,5,1,8,1,8,9,3,7,8,6,2,6,5,10,9,8,1,10,10,5,7,5,10,9,3,9,1,6,7,9,7,4,7,6
261,2,5,7,5,2,3,3,6,9,6,6,1,9,1,1,6,5,4,6,10,4,3,4,8,5,9,1,2,1,10,2,6,7,7,1,10,9,2,7,10,6,1,5,3,2,7,3,5,2,3,7,7,7,9,7,1,5,6,10,4,1,1,9,8,5,4,7,7,9,1,8,10,10,9,2,5,4,6,6,1,7,6,8,2,4,3,7,5,2,5,3,1,1,8,6,2,9,1,3,2
262,1,8,7,4,2,1,9,7,4,4,2,10,1,7,8,8,9,2,10,1,5,5,4,3,9,6,6,2,5,7,1,9,6,6,2,7,4,8,7,1,3,2,6,4,5,10,7,1,10,10,2,4,8,9,7,9,7,1,2,8,6,9,3,9,4,4,10,2,7,10,4,3,6,2,7,1,2,5,4,1,8,8,5,1,2,6,5,1,10,7,5,2,9,3,7,2,8,9,6,2
263,7,2,4,5,1,10,5,2,10,8,1,4,2,4,3,10,3,6,5,2,2,1,2,5,4,6,3,8,9,9,3,10,3,4,7,2,5,6,4,2,3,6,9,8,10,4,8,4,5,5,2,9,1,4,6,3,5,2,8,1,2,10,7,6,9,7,10,9,7,8,4,2,2,9,5,1,5,5,10,9,2,5,2,7,2,5,2,6,4,9,4,3,9,10,5,5,6,6,9,4
264,3,9,7,9,2,5,6,5,9,9,2,8,7,9,6,1,5,9,3,7,9,3,5,5,10,8,4,5,9,3,5,2,6,9,9,6,6,7,4,6,4,1,10,5,4,2,1,3,6,1,9,1,7,10,10,3,10,9,8,2,7,9,4,7,6,3,4,7,9,9,1,10,8,9,9,7,10,10,8,8,7,9,8,4,10,1,9,9,2,8,6,4,10,3,10,7,6,8,9,2
265,10,9,9,2,3,7,2,7,6,6,8,10,10,3,7,6,1,1,6,8,6,2,3,9,2,2,5,5,3,7,4,9,7,2,3,7,4,7,8,1,10,6,3,9,2,7,5,2,1,9,10,4,1,8,10,6,9,2,10,5,9,9,1,10,9,10,4,9,1,9,9,10,5,3,8,1,6,1,9,5,2,10,7,3,9,8,3,4,8,2,6,3,1,9,1,2,6,10,10,7
266,3,1,8,8,8,10,3,7,2,3,9,7,8,10,5,5,5,1,4,7,3,7,2,2,8,6,1,1,4,10,7,8,10,2,4,8,10,2,8,2,1,10,4,6,8,8,4,10,2,1,10,5,7,8,6,3,2,4,6,6,10,3,9,1,8,3,7,9,7,4,1,8,10,2,7,8,7,2,7,2,2,3,8,9,5,3,3,5,2,9,2,4,8,5,5,3,9,9,2,10
267,8,5,5,7,4,5,6,5,8,2,3,8,7,1,7,4,8,6,3,7,4,4,5,5,10,2,8,6,1,4,2,1,7,4,4,10,9,4,4,4,8,5,1,8,7,4,6,2,7,1,9,10,8,3,9,2,6,2,7,1,8,8,10,6,8,8,2,7,9,6,3,5,1,6,3,4,2,3,8,4,3,8,2,7,3,4,1,7,3,7,6,4,9,7,3,9,3,2,9,5
268,2,2,2,4,10,2,7,10,5,7,5,8,2,1,4,10,1,8,6,1,9,8,9,6,10,6,10,2,5,5,10,2,6,1,3,6,4,1,2,5,9,10,8,10,4,1,9,4,7,3,8,7,7,10,3,8,3,3,10,7,9,4,7,9,2,4,3,2,5,3,8,10,8,8,9,4,2,3,8,2,5,10,2,2,3,6,5,6,7,6,4,1,9,5,9,7,4,5,7,5
269,10,10,6,8,7,6,1,1,6,6,10,10,2,3,1,8,4,8,3,2,2,8,6,10,7,10,6,2,6,9,2,6,9,6,4,9,3,6,10,3,5,10,7,1,9,9,7,5,4,9,7,10,1,8,2,9,6,4,6,10,4,3,9,4,1,3,4,7,1,4,4,10,10,6,1,2,10,6,10,6,6,4,4,8,3,3,5,10,3,1,4,5,10,7,3,1,3,10,1,9
270,1,4,10,10,9,8,9,3,8,5,6,3,3,5,2,9,5,7,5,8,2,1,5,7,2,9,1,2,3,1,10,4,9,8,4,2,7,9,1,8,6,10,1,5,10,7,1,2,3,1,5,9,3,1,1,4,6,10,4,1,1,6,8,5,2,6,3,7,3,9,10,1,2,8,9,9,9,5,4,4,4,5,4,7,9,3,10,2,4,2,3,9,3,7,10,3,5,5,10,3
271,7,2,4,7,9,3,8,9,7,1,5,6,3,9,10,5,8,3,6,5,5,9,3,9,5,10,7,4,7,7,4,1,10,10,9,10,4,2,4,8,10,3,1,6,1,9,4,5,8,10,1,8,9,1,9,4,6,2,8,1,2,10,9,1,1,4,2,7,9,3,3,10,6,4,10,9,8,7,7,1,8,7,10,2,9,3,7,4,9,6,5,5,9,1,9,9,2,6,10,3
272,1,1,3,10,6,5,3,8,2,1,2,9,5,8,5,1,10,10,4,3,7,8,10,2,9,5,8,4,6,6,1,6,3,6,9,3,1,4,5,3,4,2,3,1,10,7,2,10,7,6,10,3,2,4,5,4,8,6,2,10,10,9,10,8,5,3,7,10,10,1,6,9,2,8,9,1,9,1,2,3,7,9,1,3,6,7,3,6,4,6,9,3,2,8,4,10,7,9,1,3
273,5,5,1,9,10,2,10,5,4,7,9,4,8,3,6,7,6,7,6,4,8,3,5,7,8,10,2,10,8,3,6,9,5,8,1,7,3,6,8,4,3,3,8,6,3,10,9,4,7,6,4,5,2,1,8,6,6,2,6,3,1,7,9,5,7,1,2,10,3,1,4,10,8,3,2,10,8,1,5,9,10,2,2,1,7,6,4,3,5,7,2,6,6,6,6,8,9,2,10,4
274,2,1,7,7,7,8,7,7,3,2,10,10,2,5,6,1,4,8,1,5,2,1,4,5,7,9,10,6,8,1,10,6,8,5,8,10,7,6,4,6,6,7,7,9,10,10,1,2,5,8,2,3,5,5,2,1,2,10,4,9,9,9,1,3,2,2,7,9,8,4,8,2,1,4,10,2,2,9,2,3,10,3,1,7,3,10,8,8,10,8,1,1,2,8,3,1,8,10,10,5
275,9,3,3,1,4,7,9,2,7,3,5,5,8,2,8,10,1,1,10,10,6,4,7,6,9,4,1,7,6,1,5,5,7,10,9,1,1,7,6,1,4,6,8,8,1,3,10,5,2,2,3,9,5,9,3,5,4,8,9,7,8,4,9,3,5,6,6,7,4,4,1,9,8,2,4,10,8,3,1,7,2,5,4,5,9,3,4,6,9,5,7,1,3,5,7,10,6,7,2,4
276,4,2,1,7,7,7,10,10,9,7,2,4,10,4,2,4,10,2,7,4,4,6,3,9,4,8,8,3,6,1,4,7,9,1,7,3,6,9,5,4,7,6,6,2,6,2,10,7,4,9,7,9,8,9,8,5,3,2,10,7,9,3,6,9,5,2,8,1,8,3,2,3,4,2,3,7,4,4,1,6,8,8,6,6,9,9,1,1,4,7,9,2,2,3,9,6,10,9,1,9
277,9,8,4,6,9,6,10,6,7,1,2,3,8,2,6,10,6,1,4,9,4,8,10,1,8,9,2,9,7,4,9,9,8,3,5,5,1,7,3,4,5,6,6,8,6,6,6,10,5,9,10,8,8,8,9,2,2,1,1,2,4,10,10,4,7,9,10,3,1,5,6,7,5,7,4,7,1,5,1,1,5,9,10,5,2,5,8,9,7,9,6,4,9,5,10,10,1,3,7,3
278,9,9,9,8,9,5,4,2,10,5,3,9,1,8,1,1,7,10,2,4,7,9,7,10,1,3,4,1,5,9,7,3,8,4,2,5,1,1,3,9,5,2,5,6,1,9,6,2,1,1,10,5,7,6,1,5,1,9,4,6,8,4,10,4,1,6,6,7,10,4,6,6,10,3,4,8,9,4,6,4,1,3,9,10,9,1,2,7,6,6,9,8,10,6,9,6,5,10,9,9
279,10,3,1,9,9,7,9,5,8,3,10,5,4,3,1,8,6,1,5,3,3,3,1,10,4,6,5,6,6,5,8,10,2,8,3,7,7,10,2,7,10,10,2,5,1,3,5,3,3,6,9,8,8,3,5,2,5,3,2,4,10,10,6,1,7,5,2,8,2,9,10,5,10,6,3,1,10,4,4,10,6,2,5,2,3,1,1,6,3,10,4,7,7,4,7,5,1,6,9,8
280,4,8,7,7,8,7,8,4,9,7,8,2,3,5,4,1,4,6,2,1,3,4,3,5,5,2,9,2,3,1,10,8,10,8,7,5,8,5,10,10,7,2,9,4,3,4,4,8,10,3,3,3,6,5,4,6,2,3,3,9,7,7,5,6,3,2,10,1,1,7,5,8,6,7,3,4,1,1,7,5,7,7,1,1,6,7,2,4,10,9,2,10,10,5,2,5,10,7,1,1
281,10,2,1,5,2,9,5,1,6,9,1,8,1,7,1,6,4,2,4,8,3,5,4,10,10,8,2,7,3,3,4,6,2,2,7,1,9,10,9,5,5,8,3,5,1,6,10,2,9,6,10,1,10,3,9,8,5,10,3,7,10,8,7,4,4,10,2,10,2,4,6,9,1,6,6,3,6,2,4,5,1,7,5,10,4,6,10,3,7,7,4,3,7,2,6,9,9,3,5,10
282,2,2,4,5,3,7,3,2,3,6,9,7,4,4,6,2,7,9,7,7,8,4,2,6,4,3,5,7,10,5,2,8,6,4,4,2,3,6,4,10,7,9,2,8,2,7,5,7,1,3,4,3,5,3,10,8,4,4,7,10,6,5,8,9,6,7,1,8,4,4,9,9,7,5,10,10,3,4,5,6,7,1,2,9,7,3,3,6,5,10,7,10,9,4,8,6,1,6,8,1
283,3,3,3,3,2,9,6,8,6,7,6,6,9,8,10,8,8,10,2,9,10,9,2,10,2,10,10,8,6,7,4,10,4,7,9,7,5,4,3,10,1,9,8,2,3,8,4,5,5,8,1,9,9,8,4,1,10,8,3,8,5,6,9,1,4,10,5,1,8,9,7,3,7,3,9,3,2,2,1,9,4,9,4,5,10,8,5,6,8,8,4,5,4,2,2,3,1,10,2,1
284,6,8,10,9,6,2,5,10,8,3,8,6,10,4,7,5,3,1,8,5,7,4,10,2,3,10,5,1,2,6,1,7,3,8,9,7,10,5,2,5,9,5,1,4,4,10,7,2,8,1,5,1,9,5,6,10,7,9,3,3,5,4,6,4,5,2,3,4,6,5,6,10,8,5,8,8,6,8,7,4,8,3,10,1,5,2,9,5,9,4,4,8,10,8,9,10,10,9,5,8
285,1,3,2,5,5,4,10,8,3,8,1,5,5,2,9,3,7,1,10,8,5,3,2,6,6,4,8,1,5,1,8,3,2,9,3,3,9,10,10,1,1,6,9,5,2,1,4,8,5,1,5,6,1,9,1,10,5,5,6,10,9,5,4,8,9,3,10,7,7,8,3,7,2,9,5,4,9,8,6,1,5,8,9,9,3,5,6,2,9,7,10,8,9,4,5,2,7,7,7,5
286,7,1,3,4,4,1,5,1,10,7,2,2,4,3,1,3,5,10,1,5,2,10,10,4,2,8,9,7,8,6,9,3,3,5,9,5,3,1,3,2,5,10,2,9,9,5,7,2,5,5,6,8,2,4,10,6,7,4,9,5,6,10,10,3,6,4,7,5,6,4,7,2,6,9,7,9,9,2,9,8,1,4,6,9,8,6,8,6,7,9,2,10,5,6,2,5,3,9,4,3
287,1,10,3,2,5,2,6,7,6,7,1,10,2,6,5,9,3,3,5,10,4,4,7,9,6,10,10,7,6,10,10,9,3,9,2,7,3,7,8,2,10,2,4,3,8,9,3,6,3,8,2,2,2,6,3,10,2,3,1,8,2,7,2,5,9,9,6,5,5,10,9,6,5,5,9,1,6,1,3,7,5,1,10,3,6,9,9,1,7,1,8,9,4,4,8,9,3,9,8,7
288,5,2,3,10,3,1,10,4,6,8,4,9,9,4,4,7,2,5,10,3,1,7,5,1,1,5,10,9,7,10,6,3,1,9,10,1,10,1,10,10,1,4,5,7,7,9,10,5,2,7,8,6,8,1,1,1,10,6,10,2,3,7,8,10,9,8,1,8,10,10,3,1,7,5,9,5,10,10,9,1,8,9,6,3,4,7,1,1,2,9,2,8,9,4,3,4,3,4,10,9
289,4,5,8,2,10,8,3,2,4,4,3,5,8,10,5,8,6,8,2,10,2,9,7,3,9,5,8,4,8,4,10,1,3,2,9,1,10,8,1,6,4,4,8,4,10,9,6,1,5,3,7,5,2,4,6,7,9,3,1,7,10,2,8,6,6,10,9,4,4,1,6,9,1,3,1,6,5,4,9,1,9,7,2,9,10,8,2,10,3,1,10,7,3,10,6,10,5,9,3,6
290,1,2,6,9,5,3,2,3,8,5,5,2,5,5,4,9,4,7,10,4,7,6,7,6,1,4,1,8,5,10,2,4,10,10,6,6,9,5,7,5,9,7,7,3,6,1,2,2,2,10,4,1,8,5,5,5,2,8,6,6,6,7,9,7,10,7,8,4,7,2,9,6,4,9,10,2,9,8,4,6,9,6,6,9,3,5,1,4,2,8,5,9,10,4,3,2,7,7,9,2
291,5,8,6,4,1,1,10,9,4,6,5,6,3,7,5,3,7,8,4,4,2,6,4,1,9,5,4,6,10,10,1,2,4,1,5,9,10,10,10,5,8,8,10,1,5,3,6,7,10,9,5,8,9,10,2,3,7,1,7,9,9,6,9,2,3,3,2,6,9,1,4,4,8,6,6,10,1,6,6,1,9,4,4,2,5,9,1,6,1,1,9,3,3,7,10,1,4,1,9,7
292,5,5,6,10,6,4,7,10,2,10,3,1,5,7,8,7,1,8,5,9,1,6,7,8,5,5,6,5,3,3,2,4,2,9,10,3,1,4,5,6,4,3,8,3,4,8,10,8,7,6,7,1,6,1,7,4,1,10,5,4,4,8,6,8,8,9,1,9,9,1,2,4,3,9,4,8,3,4,5,3,8,2,7,3,2,6,3,1,10,9,4,2,9,6,3,1,7,3,10,3
293,2,8,3,5,3,4,5,3,5,7,3,2,1,5,8,3,1,4,3,3,10,4,6,8,2,6,1,10,4,8,4,6,2,10,10,4,2,9,3,3,6,5,8,6,7,1,3,6,6,6,8,8,8,4,4,4,5,10,6,3,9,8,9,2,2,10,3,5,10,2,2,1,3,7,7,5,2,3,1,8,5,3,5,6,3,1,9,8,6,1,2,8,10,2,7,8,4,5,3,5
294,8,3,7,9,1,9,1,4,10,8,4,7,9,4,1,2,7,9,10,8,2,6,4,3,3,5,2,5,3,2,5,6,8,8,9,6,3,8,8,9,1,2,1,10,2,10,1,8,5,1,2,8,9,1,2,1,10,3,6,6,2,6,4,1,10,10,1,5,6,1,10,10,3,3,1,4,3,10,8,4,6,6,6,9,5,7,2,7,6,5,4,3,4,6,9,4,4,10,4,4
295,8,8,1,3,3,7,1,2,7,7,7,7,4,9,3,1,1,6,2,10,7,3,10,4,2,1,7,7,9,1,9,5,3,7,7,2,6,1,7,10,1,9,2,8,1,1,8,2,9,5,1,5,10,8,6,7,6,8,3,4,4,1,2,5,5,1,9,2,6,2,8,8,1,8,7,3,8,9,7,8,3,4,6,4,3,4,6,2,3,6,2,2,9,3,9,6,6,7,6,9
296,7,2,10,3,5,4,5,5,6,1,6,9,9,7,8,9,5,9,8,5,8,8,8,1,1,4,5,10,2,10,5,8,4,4,10,9,8,9,8,1,8,6,7,8,3,9,7,5,8,4,8,10,8,3,8,10,6,8,10,4,6,7,9,5,5,9,10,3,10,7,5,7,1,3,7,10,7,4,9,5,4,8,7,7,1,2,6,4,4,3,8,4,1,7,6,8,1,4,1,6
297,1,1,10,3,9,2,4,10,9,4,8,2,10,5,4,8,4,8,1,6,3,7,3,2,8,9,9,9,3,1,2,1,4,1,1,9,8,8,9,9,2,9,9,10,8,3,7,10,8,6,10,6,5,2,9,7,2,4,7,10,9,1,2,7,10,10,5,8,3,10,1,10,2,8,6,3,5,4,2,8,5,10,4,10,8,5,1,2,6,9,8,6,7,2,7,1,9,10,6,10
298,9,7,4,9,1,1,9,8,10,9,4,4,4,8,10,2,9,6,3,6,4,1,8,4,7,10,4,2,9,5,7,5,8,2,3,2,4,8,6,7,6,8,3,4,4,3,6,2,9,6,3,3,4,5,7,6,10,6,5,8,10,10,4,7,9,2,10,9,10,10,5,9,8,10,6,6,7,10,9,9,3,7,9,6,2,6,5,4,5,1,9,9,3,9,2,7,2,10,6,10
299,2,4,7,8,10,3,1,7,1,8,3,5,8,8,2,3,2,1,10,7,4,2,8,8,5,8,6,3,6,6,1,10,3,8,2,10,6,7,6,6,1,3,4,2,4,8,7,2,2,5,2,7,3,7,10,1,4,5,6,2,2,2,5,8,8,8,4,3,7,9,1,6,2,4,1,8,3,10,2,2,10,1,3,3,9,2,3,5,8,7,9,9,6,7,1,10,1,5,2,8
300,6,10,5,3,5,1,4,9,9,3,8,1,6,1,3,4,3,2,10,6,4,5,5,5,5,3,1,5,1,5,6,6,2,5,5,8,4,1,3,4,8,10,3,6,2,3,2,8,3,6,9,4,2,6,1,6,6,5,3,2,1,5,10,6,3,9,7,10,10,4,8,10,10,8,3,3,3,6,4,8,7,2,1,6,1,7,10,2,6,9,4,1,6,8,2,1,1,9,1,2
301,1,4,6,7,2,10,6,2,1,1,5,4,4,2,10,7,10,3,7,6,3,2,4,6,4,4,7,10,4,9,7,5,4,2,7,5,5,5,10,4,2,4,9,7,6,5,1,5,10,10,2,5,8,8,1,2,1,4,2,3,5,10,1,3,4,4,7,2,10,2,3,8,10,7,7,1,10,8,4,8,9,6,4,2,8,10,4,10,4,9,2,3,8,2,1,4,6,3,3,1
302,1,5,10,4,2,1,6,3,1,5,4,6,5,8,9,5,3,5,1,5,2,10,4,2,4,2,2,1,6,2,8,4,6,9,7,3,4,2,9,7,3,4,3,4,4,3,3,6,6,4,10,1,8,10,3,3,3,10,4,10,1,3,4,4,8,5,8,2,10,4,4,7,5,2,9,4,7,2,9,3,1,4,9,6,10,10,1,6,6,1,10,7,2,2,7,4,3,1,10,10
303,9,1,6,10,2,2,4,8,4,10,3,1,1,4,2,2,9,2,6,9,10,5,5,8,7,8,4,7,8,5,4,10,1,2,8,1,9,4,10,2,8,4,2,3,4,7,3,3,8,6,1,9,10,1,4,10,8,5,9,7,9,3,3,2,10,7,9,9,3,8,10,6,3,8,4,1,5,1,2,3,4,3,2,10,10,2,2,9,9,6,10,1,5,3,2,3,5,10,9,1
304,8,9,2,10,10,5,10,8,5,2,4,3,5,7,4,1,10,4,4,6,9,2,7,2,4,2,5,1,3,8,2,2,1,4,4,4,4,6,5,4,2,9,6,5,6,6,8,10,7,6,10,5,10,2,5,5,9,5,10,9,9,6,8,9,4,8,8,6,8,8,4,4,6,5,5,10,5,1,1,1,9,7,3,8,8,9,3,3,2,1,3,9,1,4,2,4,1,7,9,8
305,1,1,8,4,8,8,9,4,10,5,5,10,4,5,3,5,3,10,9,3,10,3,7,5,1,10,10,1,6,7,4,7,4,8,7,3,9,10,5,8,9,10,10,5,8,10,9,9,3,3,7,9,8,10,10,6,7,1,10,4,6,6,6,1,10,4,7,5,7,3,8,10,8,4,5,4,10,9,4,6,4,9,7,5,5,9,7,1,9,1,7,8,7,2,10,7,7,8,3,10
306,10,10,2,3,5,3,8,9,4,5,4,8,1,1,5,10,10,4,5,1,1,2,8,2,4,9,10,1,4,3,5,10,10,10,9,8,5,9,1,9,5,4,5,1,4,2,9,1,2,10,6,10,5,3,5,5,3,9,10,8,9,4,2,9,1,6,8,4,4,6,2,9,1,1,10,6,4,3,2,2,2,5,3,5,10,8,10,7,6,8,10,8,10,9,9,7,10,8,4,7
307,1,6,6,4,4,1,4,6,4,5,2,10,1,9,1,6,8,8,5,4,6,9,10,9,6,8,9,7,3,4,8,1,6,10,6,4,9,1,3,1,9,1,8,8,9,8,8,7,3,1,6,1,4,5,5,7,4,1,7,7,7,7,4,10,2,6,10,9,4,8,8,6,1,5,9,10,3,8,3,7,2,10,7,7,1,8,2,5,2,10,4,4,10,4,7,4,5,1,4,6
308,6,7,7,4,5,4,7,2,7,7,5,9,7,8,6,6,10,1,2,9,2,9,3,4,6,2,1,5,10,9,3,1,5,2,10,3,9,7,9,8,9,9,9,3,9,8,3,1,2,7,8,9,3,2,3,8,8,3,7,5,7,1,9,6,6,9,4,6,2,4,5,1,7,8,1,6,2,1,8,5,6,2,6,2,7,7,1,10,6,7,3,1,1,7,1,10,7,6,10,8
309,3,4,4,2,1,8,9,4,1,10,2,2,6,10,3,3,6,9,7,4,5,1,3,4,3,10,7,1,2,7,8,2,10,4,9,7,7,5,6,5,3,6,4,9,6,10,3,10,6,9,7,4,6,7,10,5,4,1,2,10,2,7,6,4,4,8,6,1,7,6,4,10,7,5,6,5,7,7,9,2,5,9,4,10,8,7,8,3,8,6,4,2,8,10,10,2,6,9,7,6
310,3,5,10,8,5,9,10,6,9,6,7,7,3,2,6,7,9,6,4,5,4,4,4,10,6,6,8,2,2,8,7,4,7,5,5,5,5,6,1,1,10,9,3,10,6,7,2,10,4,6,1,2,5,2,4,1,1,3,1,5,6,4,9,3,7,3,7,6,1,10,2,3,3,9,4,5,4,9,7,9,9,5,7,2,2,10,8,2,9,4,1,10,6,4,6,8,1,8,9,9
311,1,7,6,3,7,3,9,6,2,3,7,9,6,4,3,9,8,3,1,9,6,4,4,6,3,7,3,6,7,4,5,8,10,10,6,9,5,3,8,7,4,3,8,9,6,6,10,6,10,3,4,1,9,10,9,9,8,4,5,5,4,9,10,3,8,6,10,4,4,5,10,9,5,1,2,2,6,6,7,9,2,9,1,6,1,6,10,8,10,6,10,6,8,1,2,7,9,1,10,7
312,2,2,5,7,1,5,10,8,9,2,1,5,4,3,8,3,7,4,5,5,3,3,2,7,8,6,4,9,7,10,2,6,1,6,3,7,1,4,2,1,5,9,7,2,3,7,10,10,1,3,7,2,1,3,2,9,7,6,8,8,5,3,8,1,7,6,4,1,5,2,1,5,10,10,1,6,8,10,9,3,9,9,5,8,7,10,2,7,8,3,10,3,3,3,1,3,7,6,7,8
313,9,2,4,1,3,6,1,4,7,10,3,3,6,10,1,6,3,6,7,2,7,2,3,8,5,4,3,7,7,2,10,8,10,10,9,4,2,2,3,8,4,9,5,9,2,4,2,4,9,8,10,2,10,6,2,7,4,6,4,6,1,1,1,4,8,9,2,3,10,10,7,4,2,1,3,4,2,10,1,9,6,3,4,2,1,3,4,5,2,6,7,2,6,3,9,8,3,9,7,2
314,4,10,2,1,4,7,7,10,3,1,1,9,8,7,9,7,5,5,9,7,2,2,2,2,6,1,10,1,5,9,8,9,3,6,2,2,5,1,9,3,9,2,5,7,10,6,6,6,10,8,2,4,2,3,7,8,10,9,7,6,6,3,3,2,3,4,3,7,9,10,4,7,10,9,10,1,4,1,7,7,4,6,7,1,8,1,6,6,8,7,6,1,5,3,6,4,9,4,2,7
315,7,4,5,1,1,6,7,2,2,3,8,5,2,4,4,8,5,10,8,4,6,10,2,7,5,10,6,5,9,9,9,8,5,9,1,2,10,2,4,8,7,3,4,9,7,4,6,9,1,8,6,1,7,1,9,7,2,9,3,9,5,2,9,10,9,10,10,7,4,1,5,10,7,2,3,8,3,9,8,4,7,4,3,9,2,4,1,1,7,9,3,8,4,2,5,2,3,5,8,5
316,1,10,4,6,9,3,6,6,9,2,7,4,9,7,2,10,10,10,10,4,5,10,6,1,8,10,3,1,1,8,1,1,8,6,2,2,3,6,8,10,4,1,5,7,9,5,4,3,7,2,10,6,9,2,4,2,1,9,10,6,6,3,2,6,6,1,10,4,6,8,3,1,10,3,8,6,2,9,7,8,1,4,5,9,1,10,5,9,5,8,5,2,10,4,5,2,3,1,7,3
317,6,10,2,4,1,3,4,10,5,3,8,5,4,9,3,6,10,8,3,4,9,9,1,5,2,1,2,8,7,9,6,6,1,1,10,8,6,3,10,7,1,3,1,2,10,3,4,9,9,8,9,2,6,5,5,7,7,5,7,8,7,9,3,3,10,6,10,4,8,6,5,3,6,10,3,7,9,4,3,5,1,5,8,10,9,7,5,3,7,10,4,1,4,5,7,4,5,8,2,7
318,2,3,3,4,8,9,5,6,5,5,6,10,1,2,1,6,3,9,6,6,3,3,4,4,2,6,10,2,1,7,5,2,7,7,2,6,4,1,3,8,5,7,1,5,9,8,2,2,10,9,1,7,1,7,7,5,2,6,4,1,5,2,8,5,9,8,6,5,5,6,5,8,4,8,10,10,6,7,1,6,8,10,8,7,2,2,3,10,2,1,3,5,4,4,7,9,2,8,5,3
319,3,4,1,7,8,2,1,9,4,2,6,3,1,9,4,6,2,5,5,2,3,9,9,3,10,9,7,6,10,10,1,4,1,7,2,7,8,2,6,1,9,3,3,5,4,2,5,9,8,4,3,5,10,10,6,5,9,6,6,7,5,2,9,2,3,10,5,2,4,7,9,4,3,4,1,3,6,1,7,5,5,10,9,7,10,3,6,8,9,2,5,4,1,3,2,4,3,3,3,10
320,5,4,2,7,4,4,2,6,2,7,4,2,6,6,6,1,1,10,7,10,10,7,3,3,10,3,5,5,5,1,3,1,1,3,7,8,2,9,6,1,2,7,9,4,2,9,6,8,3,1,5,3,1,6,2,3,6,8,3,1,8,7,7,8,1,5,4,7,10,4,1,6,1,9,7,7,10,6,5,5,3,2,9,7,9,9,9,8,9,9,10,4,8,1,9,10,7,6,3,5
321,8,5,4,2,8,2,1,1,10,5,2,5,8,6,2,10,9,2,2,9,2,2,3,6,2,7,3,7,10,5,2,8,5,5,5,1,1,4,6,4,9,5,5,1,3,9,3,1,8,6,3,8,9,10,2,5,7,5,4,10,10,5,7,3,2,8,2,5,9,9,8,1,1,5,2,5,2,10,1,4,4,9,3,8,6,10,9,8,6,8,10,10,5,1,7,7,5,2,5,7
322,8,10,4,6,9,8,9,4,1,7,4,3,4,10,8,10,9,8,6,3,1,2,8,10,5,6,10,6,1,4,7,5,8,3,3,8,5,3,7,6,4,2,7,6,8,8,3,9,8,10,1,7,9,9,2,9,7,10,6,1,8,7,5,7,8,8,2,3,8,6,9,9,4,10,8,1,3,6,4,5,9,10,2,5,8,6,7,2,5,4,8,1,8,4,10,7,10,8,8,8
323,5,8,9,9,8,7,9,9,2,7,8,1,1,10,9,2,9,2,4,7,3,8,9,6,8,2,10,2,7,4,7,10,9,9,9,3,10,1,1,10,10,3,7,10,5,9,10,7,5,10,8,4,5,1,3,10,7,7,5,7,1,7,8,2,1,5,4,5,4,7,6,6,2,7,2,5,2,7,7,1,1,6,5,4,1,9,9,2,8,3,3,3,7,3,4,10,6,5,1,10
324,6,2,9,6,8,1,2,9,1,8,8,10,6,9,10,10,9,10,6,3,8,8,9,8,2,10,5,4,7,10,6,4,9,6,7,9,3,5,4,6,1,5,6,4,9,9,4,3,2,8,3,2,10,2,3,8,7,7,1,9,3,9,8,1,1,10,6,3,4,3,9,10,10,9,3,6,1,8,8,3,2,8,10,5,10,9,1,8,1,3,2,5,3,4,1,1,4,5,2,10
325,5,2,1,9,6,3,6,6,7,6,10,3,10,8,3,1,9,5,3,2,6,9,1,7,1,5,6,10,5,1,10,5,9,5,4,4,10,8,2,6,4,10,5,10,6,5,4,10,6,5,10,6,2,6,5,3,1,2,6,9,8,5,2,6,8,5,10,2,5,4,6,6,10,6,6,4,5,2,10,9,3,3,3,4,8,7,5,4,3,2,9,10,10,8,8,1,3,10,4,1
326,2,2,10,5,9,5,1,2,1,6,5,7,6,9,9,5,10,3,6,4,1,8,8,2,4,7,1,6,5,3,7,5,5,7,2,2,8,4,4,6,5,4,5,10,3,10,4,9,3,7,1,7,4,3,7,2,1,7,5,2,8,1,10,2,10,7,9,10,9,2,8,8,2,8,9,3,8,3,3,1,6,2,9,6,2,10,10,9,8,4,10,10,7,9,6,8,4,1,8,10
327,5,4,4,7,10,1,2,7,7,6,6,2,1,2,7,9,4,2,5,8,10,10,5,6,4,9,6,5,4,3,4,1,4,8,8,6,6,3,6,9,6,8,2,8,9,3,2,7,5,3,4,1,7,4,1,9,1,4,7,7,7,8,9,3,7,8,4,3,3,4,7,2,9,9,1,8,9,5,3,8,10,9,5,9,3,9,4,1,9,9,4,7,10,1,4,2,10,9,6,10
328,4,6,3,8,7,3,7,2,6,1,10,10,9,1,8,4,4,5,7,3,10,6,2,5,2,10,4,9,7,9,7,2,7,7,9,7,10,3,5,9,9,6,6,10,3,7,7,8,10,5,1,6,2,2,3,8,10,3,7,4,3,6,10,10,6,1,1,1,5,5,10,1,1,2,3,4,4,6,5,4,3,7,3,2,1,10,4,4,8,8,6,7,9,8,5,10,5,9,9,6
329,5,4,3,9,7,10,9,8,9,1,7,1,3,3,2,4,2,5,8,5,3,7,6,4,8,10,2,9,9,8,9,10,6,3,7,1,10,7,7,4,3,7,5,1,6,5,6,2,3,10,5,3,6,2,4,5,5,8,1,8,7,3,4,5,9,4,9,4,10,7,4,5,8,4,8,10,7,6,8,4,2,4,5,5,5,6,1,2,8,4,6,2,6,9,2,4,6,10,7,2
330,3,10,8,8,2,1,5,4,9,5,8,2,8,3,9,10,6,4,3,9,10,8,6,2,5,6,8,6,9,5,4,9,4,1,6,9,6,9,5,8,1,1,4,7,9,1,9,6,10,4,1,9,9,2,4,2,4,10,3,4,3,9,1,9,10,6,10,6,6,4,5,8,10,8,1,4,2,2,4,6,1,10,1,1,5,2,4,7,6,2,1,5,8,4,4,1,5,4,8,5
331,6,3,4,2,1,1,5,7,4,1,5,6,8,3,8,6,6,9,7,5,3,3,10,8,6,5,2,8,1,4,6,10,4,1,2,2,10,1,5,7,2,9,7,4,9,7,9,7,7,8,3,8,8,7,2,4,10,8,8,2,8,1,4,10,10,9,1,3,10,3,5,6,7,3,2,3,5,10,6,4,6,9,5,4,1,3,3,1,4,8,8,4,4,7,6,10,4,7,3,10
332,9,6,5,1,2,1,6,3,7,4,10,8,10,7,2,10,5,3,1,9,9,3,3,5,8,10,4,10,3,5,3,7,7,7,9,2,8,5,1,2,10,6,3,10,9,6,4,8,9,1,3,9,4,5,4,3,7,4,8,5,8,10,9,7,2,5,1,6,3,6,5,1,10,10,4,5,1,6,9,3,1,3,5,10,10,7,7,9,6,2,10,3,8,10,6,6,6,10,6,2
333,6,8,3,10,2,6,3,1,7,10,7,1,8,4,7,4,1,5,1,8,9,4,9,8,8,1,10,4,1,4,6,8,8,4,10,1,2,9,2,5,10,7,2,5,7,8,9,1,2,3,1,8,1,10,10,9,6,3,8,1,4,6,2,8,7,2,3,2,7,2,10,6,1,7,4,5,1,3,6,6,9,7,1,5,10,10,6,5,4,3,3,3,3,5,2,7,1,1,5,2
334,4,8,9,10,1,3,6,9,6,1,7,5,6,1,5,6,10,8,5,5,8,2,2,7,4,7,3,1,8,4,3,9,7,7,6,3,3,9,8,1,7,2,8,3,10,9,8,5,1,6,2,2,3,6,1,10,8,7,10,10,2,2,8,10,3,9,7,8,8,1,10,7,4,4,10,6,3,2,6,2,6,10,8,9,5,2,6,9,10,1,6,5,6,5,3,10,6,4,1,7
335,8,7,8,10,10,10,10,9,10,1,6,8,10,9,2,10,4,3,10,8,9,10,4,9,8,4,8,5,10,5,2,9,2,6,8,10,4,9,9,3,10,3,2,10,10,9,4,3,2,10,4,6,7,1,10,2,9,6,2,10,3,2,4,2,8,4,5,10,9,10,3,3,10,2,3,10,7,3,4,6,8,1,9,6,7,3,9,1,5,2,10,6,5,8,7,3,10,8,3,4
336,9,5,6,6,4,1,6,2,10,8,1,10,7,7,6,1,9,2,9,3,9,3,5,2,5,7,2,7,7,2,2,8,9,3,1,1,1,9,3,7,10,2,5,2,10,2,5,3,7,9,4,5,6,1,5,9,7,7,8,2,8,3,10,4,3,5,8,5,6,2,8,2,4,3,7,2,3,5,4,6,1,1,8,4,9,1,5,6,7,1,6,7,4,9,1,2,9,6,6,1
337,3,10,9,5,7,1,3,8,3,5,10,7,5,6,3,5,6,4,6,7,5,6,3,2,6,9,1,6,10,4,7,6,10,2,6,5,8,7,7,3,2,7,2,1,5,10,5,6,9,6,2,10,8,10,2,7,8,8,2,2,5,8,9,2,2,10,3,1,9,1,10,6,1,10,6,1,6,7,5,3,2,4,7,9,4,2,6,2,10,1,4,4,8,9,8,5,3,5,4,4
338,9,6,10,5,7,6,6,7,3,3,3,2,6,5,7,9,9,5,5,2,9,8,6,4,1,3,7,3,9,2,9,6,3,9,2,9,8,9,4,1,8,7,2,10,3,5,7,9,4,9,1,6,6,2,4,9,5,9,9,6,10,1,7,3,4,1,2,1,3,9,10,9,3,9,8,10,8,4,8,9,5,5,5,4,2,8,7,7,3,3,8,4,1,7,5,2,2,1,5,2
339,7,3,5,3,4,7,9,1,10,7,10,3,8,7,5,9,6,6,6,9,7,2,7,10,3,2,1,4,9,2,5,5,6,3,8,3,8,6,5,10,10,3,4,4,4,2,9,3,8,1,10,9,4,3,10,3,1,9,1,4,2,2,1,8,5,10,10,10,1,1,2,4,6,7,9,5,1,3,10,1,6,4,6,10,2,9,7,9,1,7,6,5,4,7,6,6,10,3,7,10
340,7,10,7,6,1,8,5,4,9,6,6,7,7,3,6,4,4,8,10,7,5,10,10,2,8,4,8,3,2,1,2,4,4,8,5,9,1,1,10,10,7,5,3,9,6,7,9,5,7,3,4,2,7,3,7,9,8,9,1,5,3,6,6,1,1,1,9,9,5,4,7,1,3,2,8,3,1,8,2,1,6,6,6,9,2,2,6,4,8,7,8,5,1,2,4,6,9,3,3,4
341,2,6,4,5,4,5,4,5,6,10,1,8,9,4,10,8,2,1,7,8,10,3,5,3,9,1,5,3,5,6,5,5,5,1,7,3,9,7,4,3,7,9,5,4,8,5,1,6,7,2,7,6,1,5,6,7,5,9,8,9,3,1,10,5,2,5,7,9,7,9,6,10,10,2,4,8,8,10,3,4,5,9,7,7,8,5,2,6,7,1,5,4,7,10,3,8,9,5,2,8
342,2,7,8,2,1,10,2,5,6,8,9,10,2,1,3,8,6,2,3,1,3,4,7,6,1,7,5,6,8,10,10,8,2,6,9,2,7,7,7,3,5,5,9,8,6,4,2,6,9,5,6,2,4,10,2,10,3,8,3,3,3,8,2,9,5,3,10,7,5,6,6,7,2,2,2,6,2,5,10,2,1,6,4,3,1,9,4,10,1,7,8,1,1,6,6,7,7,7,7,8
343,1,7,6,4,7,6,8,4,5,5,5,8,1,2,4,9,10,4,3,9,3,9,6,6,2,5,6,7,4,6,7,10,1,3,8,4,7,5,2,3,10,6,3,8,5,10,9,6,9,7,3,6,1,1,6,4,10,8,4,8,3,7,2,7,8,5,3,9,9,6,2,7,9,3,5,8,4,10,2,7,7,1,8,4,3,4,2,8,1,8,10,1,6,9,10,2,3,7,3,1
344,10,9,10,6,2,9,4,6,1,6,3,8,10,3,3,2,9,4,4,5,8,6,8,8,4,1,10,7,2,4,6,3,7,6,2,9,7,7,4,7,7,10,4,7,2,4,8,8,4,4,9,4,4,2,2,8,3,7,7,3,8,3,6,1,6,9,4,6,10,9,9,9,7,7,3,5,8,6,1,10,10,8,9,10,1,10,7,3,6,2,4,6,4,1,9,4,5,7,1,6
345,6,10,5,6,2,1,7,6,10,7,7,9,10,6,6,5,1,5,6,9,6,1,9,1,5,6,6,1,2,3,8,3,10,3,8,9,1,10,6,6,7,3,1,6,1,2,8,6,5,9,2,10,5,6,3,2,9,7,6,2,5,8,9,8,7,3,3,3,6,8,7,8,4,9,8,9,10,10,8,7,7,8,8,6,5,1,10,9,10,4,3,4,5,3,4,8,10,9,7,2
346,6,1,10,1,6,8,10,5,6,9,5,2,6,6,6,6,10,6,3,10,6,10,9,8,6,10,8,4,7,6,8,7,5,3,1,10,7,1,2,1,4,8,5,7,2,6,9,10,8,4,5,8,10,2,5,5,8,10,2,2,4,7,6,1,4,2,10,9,3,2,2,10,4,9,5,3,5,2,1,9,2,8,8,2,6,4,5,1,1,2,4,10,8,8,8,5,9,6,2,5
347,1,8,4,3,8,9,7,3,2,7,6,9,7,7,9,3,9,8,7,1,7,10,8,2,9,7,3,4,4,9,2,9,5,2,8,6,3,2,10,5,2,8,10,4,6,7,8,2,2,10,5,1,9,3,8,1,5,7,1,8,4,2,8,4,6,6,8,10,6,8,3,3,3,6,7,2,4,8,6,10,7,1,5,2,7,8,8,5,1,5,5,9,10,1,5,8,9,5,2,9
348,6,1,6,5,5,10,7,7,2,9,6,5,2,8,9,8,1,6,9,5,2,7,3,9,6,1,1,3,1,1,5,3,1,3,6,8,7,3,9,1,9,3,1,2,5,4,6,2,8,2,7,6,10,4,9,9,2,9,8,6,10,6,4,10,9,7,9,10,3,1,9,4,3,6,1,10,9,2,7,1,4,9,9,6,8,1,7,10,9,8,5,4,4,10,6,5,4,2,1,1
349,6,7,6,9,8,9,8,1,9,4,9,4,1,8,2,9,10,1,6,4,7,2,5,6,1,4,3,4,8,2,4,9,5,10,2,5,7,3,9,7,5,3,6,6,6,1,1,8,9,7,3,2,5,2,7,8,2,1,9,9,3,10,5,10,3,3,8,5,9,5,3,4,7,4,1,6,5,4,9,5,1,6,5,10,8,10,8,9,7,8,2,8,8,1,9,10,5,5,9,10
350,5,4,10,7,5,10,9,2,4,10,5,5,5,4,8,6,9,10,1,8,4,10,2,5,10,8,5,10,10,8,1,2,8,5,8,5,4,10,1,8,7,1,9,7,2,8,1,9,7,6,7,9,2,9,1,1,7,8,6,3,5,9,9,5,3,10,2,1,1,10,9,7,10,4,7,2,7,4,3,9,1,2,3,1,2,1,10,3,1,2,7,8,9,2,3,6,3,6,6,3
351,1,7,2,4,9,4,5,5,2,7,1,7,4,1,3,7,1,7,6,8,9,1,7,10,3,2,2,10,7,4,10,4,3,3,9,10,3,10,9,10,4,5,4,2,7,2,3,9,1,6,8,2,6,4,9,5,8,7,7,2,9,2,6,9,8,3,7,2,1,3,7,9,6,9,4,6,8,1,7,6,9,7,3,8,2,9,3,4,8,10,8,2,2,10,10,2,2,8,6,5
352,7,8,8,8,10,1,4,5,10,2,6,9,10,9,5,4,4,10,4,4,3,6,3,7,1,5,8,4,2,9,6,3,8,9,10,4,7,10,7,5,2,10,3,1,2,9,9,6,8,9,5,6,10,8,5,2,4,2,1,1,9,5,1,1,7,6,9,10,9,1,1,9,7,9,1,2,9,10,5,7,1,3,3,10,4,1,6,6,8,7,10,2,5,2,10,8,1,10,10,6
353,7,9,2,10,5,8,4,10,8,9,2,5,3,10,1,5,5,5,3,10,9,3,3,5,3,1,6,10,6,3,10,6,3,1,6,6,4,7,6,4,3,1,6,3,6,1,8,9,9,7,6,6,3,5,10,10,2,3,9,3,3,8,10,1,3,4,2,3,5,7,10,5,8,6,5,8,5,7,8,4,2,2,6,3,2,5,8,7,3,7,9,5,8,4,5,6,6,6,5,3
354,4,9,1,4,6,5,10,3,1,6,2,10,2,7,10,1,10,2,5,7,8,1,4,3,8,8,8,2,4,3,8,6,6,4,3,2,2,1,2,3,3,1,7,5,4,5,3,10,3,7,7,5,3,4,7,4,5,1,3,10,4,10,8,5,9,10,10,10,3,6,6,4,2,6,2,9,3,5,9,8,5,8,8,6,6,1,2,9,6,8,7,6,8,8,7,9,2,1,9,10
355,6,9,10,4,8,3,5,6,10,1,3,5,7,7,10,5,3,6,7,9,8,8,6,9,9,2,6,5,10,4,5,5,2,9,7,8,6,10,4,6,2,9,4,7,7,8,5,9,4,8,6,4,5,4,8,3,2,9,3,10,4,9,9,10,2,6,6,10,5,10,3,7,7,1,10,5,6,1,5,2,8,1,8,4,4,2,10,10,5,1,1,8,3,5,2,1,6,6,6,3
356,3,5,5,2,7,4,2,5,2,9,1,2,8,1,7,1,3,4,3,2,7,2,9,3,8,9,8,5,8,9,7,9,7,8,3,2,4,8,6,9,10,6,2,4,8,4,3,2,9,5,8,9,5,6,9,9,2,9,1,1,10,5,2,2,10,10,8,4,2,3,3,2,9,2,9,5,9,6,10,9,10,8,7,9,5,6,8,4,6,3,7,7,4,6,5,2,4,8,9,9
357,3,3,3,9,2,9,3,7,5,10,10,9,6,1,9,9,7,4,1,7,2,8,4,1,9,3,6,8,10,7,10,3,1,10,6,6,9,4,3,6,3,7,10,4,6,3,6,1,8,7,4,8,6,10,5,8,9,5,3,5,5,3,3,10,5,8,7,5,1,9,5,1,9,10,10,7,2,8,2,8,10,5,9,5,8,10,3,4,6,10,7,7,2,2,8,7,8,2,1,4
358,6,5,10,10,2,2,10,7,4,3,1,7,9,4,4,4,2,9,3,1,2,5,5,2,4,9,5,6,9,6,6,8,6,5,8,9,5,5,3,10,4,10,3,1,1,10,6,4,2,8,2,4,9,1,4,6,9,10,1,7,7,6,5,2,1,6,10,2,10,4,10,3,9,5,2,9,10,8,5,2,8,6,3,3,5,4,4,3,4,3,8,3,9,8,5,10,7,7,7,10
359,6,5,3,3,10,4,8,2,9,5,3,2,7,9,7,5,5,4,1,8,3,3,3,5,5,4,2,9,2,3,1,2,3,10,7,2,7,5,10,2,3,2,9,5,4,10,8,7,4,7,5,1,8,4,5,1,8,1,3,9,10,6,5,8,9,6,8,6,2,5,8,5,3,5,1,1,9,6,2,4,1,10,8,4,5,5,10,2,7,2,3,4,5,2,2,1,6,7,3,4
360,7,6,7,1,7,9,9,10,1,8,3,2,4,4,2,3,3,1,2,8,1,4,4,4,4,6,8,9,5,5,7,3,7,8,2,6,5,3,10,9,6,10,5,4,1,5,2,6,7,1,6,5,1,10,4,7,3,7,4,1,9,3,5,5,4,1,5,2,8,10,8,5,9,8,3,10,7,1,9,10,7,7,2,7,6,8,9,2,6,4,9,10,1,4,10,8,7,2,5,9
361,6,9,9,3,8,1,1,10,2,9,9,7,10,4,1,8,3,10,7,7,6,8,1,8,7,5,4,8,3,9,4,4,4,8,1,8,6,10,7,5,9,9,6,2,10,8,9,3,8,1,3,10,6,8,6,5,7,6,1,2,3,4,10,4,5,3,9,3,10,6,9,6,1,3,4,10,9,5,2,4,8,9,10,3,6,5,10,8,10,6,6,7,9,6,10,9,9,9,3,8
362,1,1,3,8,6,3,9,8,10,3,6,6,2,3,3,7,2,2,5,1,1,10,6,5,3,2,10,5,10,8,9,10,9,8,1,2,7,6,2,4,7,4,8,4,5,10,4,6,7,2,10,5,6,2,9,8,1,3,8,1,3,8,7,6,9,3,5,7,4,5,3,8,9,2,7,2,4,6,6,2,7,7,5,1,2,6,1,3,5,3,7,3,4,5,4,9,10,8,6,4
363,10,4,10,6,9,7,7,10,1,1,6,5,1,10,6,8,2,10,3,2,4,4,3,5,2,5,3,1,6,1,1,5,4,4,2,1,7,3,2,5,7,1,5,7,2,4,10,8,10,1,8,8,2,1,2,8,1,8,8,3,8,7,7,5,9,9,9,4,2,4,9,9,3,5,1,9,10,6,6,3,3,6,1,10,9,9,2,10,10,2,7,10,9,9,5,2,7,8,7,4
364,3,1,9,10,10,5,10,5,1,10,6,1,3,3,7,1,10,1,9,3,9,7,4,6,8,1,9,9,4,8,3,5,6,5,3,8,1,2,3,3,2,7,4,3,8,7,2,6,1,10,2,10,10,2,4,9,2,7,8,10,10,7,6,9,8,9,5,7,9,10,6,3,6,6,3,8,6,7,8,9,5,8,7,3,8,8,5,8,4,6,10,5,1,9,1,9,2,5,4,9
365,4,2,3,1,1,6,7,7,6,10,1,7,7,2,5,1,6,6,1,6,9,6,4,10,3,2,5,7,9,4,1,5,2,10,2,10,8,7,2,1,5,9,8,4,6,2,6,4,8,2,3,2,10,7,8,7,1,8,6,6,8,7,10,1,6,8,2,7,4,8,4,5,9,8,8,3,10,3,1,6,4,3,3,4,5,8,1,2,5,1,1,10,8,5,5,5,6,8,6,5
366,4,2,2,6,10,10,1,8,4,6,8,8,8,8,10,2,5,8,1,10,10,8,9,7,9,3,4,10,7,5,10,5,1,1,6,2,4,4,3,5,9,1,7,1,1,8,4,1,2,2,6,3,5,5,10,1,3,1,1,1,7,10,5,1,3,2,8,4,3,4,8,9,1,6,1,2,10,1,5,3,3,7,1,5,7,9,5,5,3,5,7,10,4,4,4,3,2,1,5,8
367,8,9,3,2,6,1,10,9,1,6,6,6,8,1,10,7,1,8,9,5,8,6,3,3,3,5,1,4,2,2,3,4,9,1,7,9,10,8,3,7,3,7,3,2,1,2,10,1,6,3,7,6,3,5,1,7,2,5,1,7,8,8,7,2,1,8,9,10,5,7,9,1,2,6,7,6,5,5,9,7,2,8,8,9,5,10,6,10,8,6,1,9,4,3,3,9,9,10,7,2
368,7,6,5,6,4,1,5,3,8,9,8,8,10,6,4,5,3,7,9,2,4,4,4,6,7,6,3,2,5,4,7,2,8,8,8,7,6,7,1,8,9,10,8,7,10,8,10,4,10,7,1,1,7,4,9,10,5,8,7,3,10,3,10,10,7,3,4,3,7,5,9,7,7,4,5,10,8,5,7,6,4,4,4,8,4,8,3,5,2,3,8,2,3,5,3,10,4,2,4,3
369,7,9,2,3,6,8,8,10,5,3,3,6,8,10,6,6,3,5,7,1,8,9,5,2,2,3,6,9,5,1,7,10,9,6,5,3,6,4,8,7,7,1,6,2,7,8,4,2,9,7,8,5,1,6,9,7,9,3,10,8,6,6,5,8,10,4,8,8,2,1,5,6,5,3,8,7,8,10,9,9,4,6,8,1,7,7,6,9,10,10,8,5,3,8,3,8,3,1,8,9
370,4,1,7,4,8,3,4,8,5,2,3,1,2,1,8,2,6,9,6,5,2,7,8,10,5,4,5,6,8,9,8,3,1,8,4,6,2,5,6,7,2,9,4,3,4,8,8,4,2,8,10,9,10,8,7,5,10,7,2,9,10,2,6,7,2,7,3,4,9,9,5,8,6,9,10,9,2,3,5,7,7,10,7,1,3,1,5,9,5,1,4,10,5,7,3,4,2,1,1,6
371,6,7,8,10,1,1,5,1,7,10,9,10,5,9,8,1,2,6,10,3,10,3,4,3,5,2,5,8,4,7,5,5,3,8,7,9,10,5,9,5,1,9,3,5,2,6,5,8,7,10,9,3,8,5,7,7,9,4,7,4,5,1,8,5,5,10,8,2,10,2,8,5,9,2,6,5,2,5,8,6,5,1,7,1,2,5,1,5,4,10,3,4,7,2,9,8,3,6,5,10
372,1,7,9,10,7,3,6,4,3,10,8,10,6,4,2,4,4,7,4,7,7,4,9,8,7,7,7,1,8,8,6,3,8,6,6,4,1,8,1,2,5,8,1,6,7,5,1,4,8,6,5,10,4,10,5,10,3,5,10,10,2,1,4,2,3,9,4,7,4,6,1,7,2,5,7,6,4,7,10,10,5,6,8,2,2,6,5,1,3,6,7,7,6,2,9,2,7,1,6,10
373,2,3,8,9,6,9,1,5,4,2,4,3,6,10,8,7,7,2,5,3,1,9,6,5,4,1,3,2,8,4,10,9,9,8,7,1,6,6,2,9,2,3,7,8,6,9,2,9,1,3,9,9,2,1,8,4,7,3,1,5,4,1,2,6,8,5,8,9,4,8,9,4,6,10,4,6,4,3,9,5,1,4,4,10,5,9,9,2,9,10,6,10,6,1,8,6,10,9,10,5
374,4,10,9,10,7,4,6,9,8,6,6,5,6,7,8,3,4,1,6,10,2,7,5,6,5,6,7,6,2,3,5,7,7,6,10,1,2,1,3,4,9,4,10,7,1,3,10,5,5,1,7,5,8,5,7,10,7,4,4,5,2,5,2,8,2,4,2,10,7,6,4,1,6,4,9,1,2,7,10,3,1,8,10,5,2,10,7,7,10,7,1,4,1,2,4,3,5,3,5,3
375,10,8,4,7,7,5,3,5,10,6,10,8,7,4,7,2,4,3,3,9,6,10,3,1,1,1,7,5,8,2,9,2,3,4,8,4,4,6,7,7,3,4,6,2,8,4,8,3,2,8,1,3,4,10,4,10,3,8,9,2,5,8,10,8,3,6,1,5,6,5,6,6,10,8,5,5,4,6,4,3,10,8,5,4,9,1,8,3,1,5,1,9,6,3,5,2,4,3,4,3
376,1,6,9,3,7,6,7,5,9,1,2,2,4,1,5,4,7,4,6,4,5,6,2,7,7,6,6,2,1,2,1,2,6,6,1,10,2,3,5,7,1,5,6,7,2,1,9,10,6,2,7,4,6,9,9,2,4,7,9,9,7,2,4,7,9,2,8,10,9,2,3,4,5,2,6,8,5,9,9,6,10,7,5,9,9,9,10,4,7,4,10,2,6,6,9,1,5,7,2,2
377,9,5,6,6,5,3,9,2,1,1,5,1,5,2,7,2,9,4,2,8,10,5,2,10,9,1,9,5,3,2,8,5,5,2,10,2,8,3,10,8,7,9,7,9,8,3,2,1,9,1,2,10,7,2,10,10,10,10,2,1,7,1,5,10,8,2,10,6,3,8,10,10,8,4,3,9,6,5,4,6,8,2,8,10,3,2,9,1,3,10,7,2,6,5,7,7,8,5,2,7
378,10,2,7,8,1,2,10,3,3,6,10,2,10,1,2,4,8,4,6,5,3,2,9,6,7,2,7,10,3,4,1,3,7,10,6,1,3,10,9,6,3,5,1,6,7,2,9,10,8,4,6,1,3,8,6,1,1,1,4,3,3,5,6,3,9,5,4,6,2,3,5,10,4,10,10,9,8,2,4,7,4,9,6,8,7,4,4,7,1,6,5,10,2,2,3,5,6,3,2,4
379,2,10,2,4,8,1,10,3,10,5,9,7,3,6,7,3,5,9,7,1,7,2,4,6,6,8,5,2,9,5,6,2,9,1,8,6,8,4,10,5,9,5,7,4,7,2,3,4,3,5,6,9,6,6,3,3,5,10,10,9,3,8,4,2,7,10,9,9,8,2,7,7,4,9,6,1,9,5,3,1,8,6,4,1,2,2,2,8,2,6,3,10,6,1,4,4,9,1,1,5
380,7,9,6,10,4,1,8,9,10,1,4,5,8,9,3,2,7,7,5,10,3,3,5,2,1,8,3,1,3,8,8,9,5,5,10,2,2,8,6,4,9,2,10,8,5,5,5,8,3,4,9,7,3,7,5,6,4,4,2,3,3,4,4,9,4,10,8,1,4,10,5,9,1,6,9,10,3,4,9,7,6,1,3,3,10,8,6,3,6,10,4,2,2,5,2,9,8,8,4,6
381,10,2,6,3,9,10,10,3,6,8,5,6,8,7,8,8,3,8,4,6,3,9,7,1,10,7,7,2,2,10,7,8,7,3,1,8,10,7,2,1,6,6,10,7,9,4,2,5,9,5,3,1,2,5,10,9,5,2,9,8,7,10,5,5,3,9,2,2,1,2,10,10,6,1,7,6,3,1,4,8,7,9,4,3,3,2,5,8,1,10,6,10,7,4,1,10,10,10,4,5
382,6,10,5,1,9,5,4,7,7,1,3,4,1,2,7,9,4,5,2,4,8,8,3,10,6,9,4,8,4,9,5,8,10,10,7,8,3,5,9,9,8,8,4,7,8,9,2,6,10,4,8,2,8,9,10,7,8,1,3,2,4,4,9,6,2,8,1,7,5,7,1,10,4,4,8,3,3,8,5,10,7,3,7,9,2,3,2,2,2,1,9,6,6,10,10,5,7,3,7,4
383,3,10,1,10,10,9,10,1,2,5,2,10,10,2,2,2,7,4,10,4,6,5,10,6,1,6,7,4,3,4,3,10,9,4,6,3,3,8,10,2,6,1,5,6,4,7,7,6,5,3,10,1,3,2,7,1,1,9,4,3,2,2,2,4,2,5,7,2,1,9,10,9,1,2,5,7,4,4,9,5,4,10,8,2,5,8,9,4,2,5,1,1,7,7,6,10,4,4,9,7
384,6,3,7,8,6,9,7,4,10,3,10,1,10,2,9,6,5,8,9,9,7,1,8,4,5,5,1,4,9,5,9,4,6,4,4,3,4,9,3,6,6,10,9,10,3,1,1,8,1,5,5,9,7,3,3,7,6,5,7,2,2,10,9,9,9,5,6,9,9,7,8,4,8,10,3,10,6,3,5,7,1,4,1,3,2,3,1,4,7,8,8,9,7,6,10,2,3,8,2,9
385,8,9,8,9,4,4,3,6,7,4,8,3,6,2,8,6,10,8,8,7,3,3,9,10,10,7,7,10,3,2,3,5,3,9,2,3,4,2,1,2,6,7,1,2,1,2,5,9,8,4,2,3,7,8,9,9,5,5,8,5,3,7,4,6,9,6,1,5,3,6,4,4,3,2,7,3,10,5,6,1,2,8,8,8,10,4,7,4,4,7,2,9,5,9,6,9,2,9,6,1
386,5,9,2,7,4,9,2,8,6,3,9,9,8,3,9,1,2,2,6,8,10,7,7,10,6,7,2,4,5,2,4,4,8,2,4,3,3,6,1,2,2,2,6,10,9,8,7,10,1,8,6,7,3,2,5,3,9,2,10,1,1,6,3,3,4,7,10,7,8,3,5,7,2,9,2,5,7,1,9,8,1,9,1,4,9,1,4,1,10,8,5,1,7,2,1,8,3,5,1,7
387,9,3,1,4,7,10,7,6,6,5,5,1,9,9,3,9,7,4,8,8,6,6,1,2,10,4,4,8,7,2,8,2,1,6,8,3,8,1,5,7,6,4,6,9,10,6,9,4,1,5,5,1,6,3,9,9,4,3,6,7,1,9,10,3,7,9,1,9,3,3,6,7,10,1,4,9,2,9,4,6,5,2,4,8,6,2,5,9,9,9,7,3,7,2,4,7,8,9,3,6
388,6,5,8,7,2,8,10,10,3,3,7,6,5,5,7,9,2,8,10,2,3,9,6,9,10,1,4,8,8,10,7,7,2,6,1,1,4,3,7,8,3,5,6,9,9,2,8,6,6,5,9,8,1,2,4,2,2,2,7,3,8,8,2,4,3,7,3,3,2,6,1,5,10,10,7,4,5,1,5,6,3,2,9,5,2,5,9,1,3,7,6,4,5,2,8,2,2,2,3,9
389,5,8,8,8,4,8,4,6,7,6,5,10,7,7,8,4,9,5,1,5,6,1,8,2,6,2,5,8,9,10,5,7,5,1,7,3,2,6,4,7,8,8,7,7,1,10,8,8,5,7,2,10,10,10,7,4,7,6,4,4,6,6,3,9,2,8,6,1,3,5,3,4,4,8,5,2,10,3,5,6,6,5,9,2,4,6,7,2,10,4,9,9,3,2,6,3,1,6,2,9
390,8,4,6,8,8,4,8,9,6,8,7,2,5,8,7,10,1,9,6,1,3,7,5,5,10,2,1,3,4,6,1,7,1,7,4,10,5,8,5,9,7,5,3,5,1,7,9,7,3,5,3,3,8,1,4,5,2,5,10,5,3,4,8,9,2,1,5,4,6,3,8,2,2,6,7,2,1,10,10,2,10,7,2,5,4,9,4,2,9,5,3,1,6,9,1,7,6,1,6,2
391,6,10,10,5,10,4,2,3,3,1,9,1,5,4,10,7,9,3,3,2,8,2,1,9,10,3,2,1,10,1,5,10,7,1,10,5,4,8,9,4,9,6,3,7,9,3,2,7,1,6,9,3,7,9,5,4,4,9,2,5,7,4,10,3,8,5,1,5,10,6,7,10,3,8,6,7,5,10,8,8,10,6,4,5,8,6,10,7,9,7,10,2,3,2,4,1,5,2,6,7
392,10,7,10,7,9,5,3,1,8,7,5,6,8,6,9,5,1,5,8,1,6,8,4,6,3,1,5,8,4,3,6,7,8,8,9,3,2,10,9,4,8,7,9,7,9,10,10,3,4,8,8,10,5,8,10,5,9,9,4,3,5,8,9,7,7,8,6,5,3,6,2,1,7,8,7,10,2,8,3,8,3,10,1,10,7,3,4,10,4,2,7,3,8,3,1,6,7,3,3,3
